[      67ms] [INFO] %cDownload the React DevTools for a better development experience: https://react.dev/link/react-devtools font-weight:bold @ http://localhost:3000/_next/static/chunks/node_modules_react-dom_0bruynb._.js:15305
[     110ms] [LOG] [HMR] connected @ http://localhost:3000/_next/static/chunks/node_modules_next_dist_0k8zr~w._.js:1226
[     132ms] [ERROR] Error: You have tried to read "publicKey" on a WalletContext without providing one. Make sure to render a WalletProvider as an ancestor of the component that uses WalletContext.
    at logMissingProviderError (http://localhost:3000/_next/static/chunks/node_modules_11f8h_~._.js:1621:19)
    at Object.get (http://localhost:3000/_next/static/chunks/node_modules_11f8h_~._.js:1616:9)
    at ExplorerHome (http://localhost:3000/_next/static/chunks/%5Broot-of-the-server%5D__13abmsj._.js:2145:13)
    at Object.react_stack_bottom_frame (http://localhost:3000/_next/static/chunks/node_modules_react-dom_0bruynb._.js:13800:24)
    at renderWithHooks (http://localhost:3000/_next/static/chunks/node_modules_react-dom_0bruynb._.js:4464:24)
    at updateFunctionComponent (http://localhost:3000/_next/static/chunks/node_modules_react-dom_0bruynb._.js:5917:21)
    at beginWork (http://localhost:3000/_next/static/chunks/node_modules_react-dom_0bruynb._.js:6498:24)
    at runWithFiberInDEV (http://localhost:3000/_next/static/chunks/node_modules_react-dom_0bruynb._.js:886:74)
    at performUnitOfWork (http://localhost:3000/_next/static/chunks/node_modules_react-dom_0bruynb._.js:8894:97)
    at workLoopSync (http://localhost:3000/_next/static/chunks/node_modules_react-dom_0bruynb._.js:8788:40)
    at renderRootSync (http://localhost:3000/_next/static/chunks/node_modules_react-dom_0bruynb._.js:8772:13)
    at performWorkOnRoot (http://localhost:3000/_next/static/chunks/node_modules_react-dom_0bruynb._.js:8400:186)
    at performSyncWorkOnRoot (http://localhost:3000/_next/static/chunks/node_modules_react-dom_0bruynb._.js:9542:9)
    at flushSyncWorkAcrossRoots_impl (http://localhost:3000/_next/static/chunks/node_modules_react-dom_0bruynb._.js:9458:316)
    at processRootScheduleInMicrotask (http://localhost:3000/_next/static/chunks/node_modules_react-dom_0bruynb._.js:9479:106)
    at http://localhost:3000/_next/static/chunks/node_modules_react-dom_0bruynb._.js:9553:158 @ http://localhost:3000/_next/static/chunks/node_modules_next_dist_0k8zr~w._.js:1945
[     134ms] [ERROR] Error: You have tried to read "publicKey" on a WalletContext without providing one. Make sure to render a WalletProvider as an ancestor of the component that uses WalletContext.
    at logMissingProviderError (http://localhost:3000/_next/static/chunks/node_modules_11f8h_~._.js:1621:19)
    at Object.get (http://localhost:3000/_next/static/chunks/node_modules_11f8h_~._.js:1616:9)
    at ExplorerHome (http://localhost:3000/_next/static/chunks/%5Broot-of-the-server%5D__13abmsj._.js:2145:13)
    at Object.react_stack_bottom_frame (http://localhost:3000/_next/static/chunks/node_modules_react-dom_0bruynb._.js:13800:24)
    at renderWithHooksAgain (http://localhost:3000/_next/static/chunks/node_modules_react-dom_0bruynb._.js:4519:24)
    at renderWithHooks (http://localhost:3000/_next/static/chunks/node_modules_react-dom_0bruynb._.js:4470:28)
    at updateFunctionComponent (http://localhost:3000/_next/static/chunks/node_modules_react-dom_0bruynb._.js:5917:21)
    at beginWork (http://localhost:3000/_next/static/chunks/node_modules_react-dom_0bruynb._.js:6498:24)
    at runWithFiberInDEV (http://localhost:3000/_next/static/chunks/node_modules_react-dom_0bruynb._.js:886:74)
    at performUnitOfWork (http://localhost:3000/_next/static/chunks/node_modules_react-dom_0bruynb._.js:8894:97)
    at workLoopSync (http://localhost:3000/_next/static/chunks/node_modules_react-dom_0bruynb._.js:8788:40)
    at renderRootSync (http://localhost:3000/_next/static/chunks/node_modules_react-dom_0bruynb._.js:8772:13)
    at performWorkOnRoot (http://localhost:3000/_next/static/chunks/node_modules_react-dom_0bruynb._.js:8400:186)
    at performSyncWorkOnRoot (http://localhost:3000/_next/static/chunks/node_modules_react-dom_0bruynb._.js:9542:9)
    at flushSyncWorkAcrossRoots_impl (http://localhost:3000/_next/static/chunks/node_modules_react-dom_0bruynb._.js:9458:316)
    at processRootScheduleInMicrotask (http://localhost:3000/_next/static/chunks/node_modules_react-dom_0bruynb._.js:9479:106)
    at http://localhost:3000/_next/static/chunks/node_modules_react-dom_0bruynb._.js:9553:158 @ http://localhost:3000/_next/static/chunks/node_modules_next_dist_0k8zr~w._.js:1945
[     137ms] [ERROR] Error: You have tried to read "publicKey" on a WalletContext without providing one. Make sure to render a WalletProvider as an ancestor of the component that uses WalletContext.
    at logMissingProviderError (http://localhost:3000/_next/static/chunks/node_modules_11f8h_~._.js:1621:19)
    at Object.get (http://localhost:3000/_next/static/chunks/node_modules_11f8h_~._.js:1616:9)
    at SolanaConnectWallet (http://localhost:3000/_next/static/chunks/%5Broot-of-the-server%5D__13abmsj._.js:542:13)
    at Object.react_stack_bottom_frame (http://localhost:3000/_next/static/chunks/node_modules_react-dom_0bruynb._.js:13800:24)
    at renderWithHooks (http://localhost:3000/_next/static/chunks/node_modules_react-dom_0bruynb._.js:4464:24)
    at updateFunctionComponent (http://localhost:3000/_next/static/chunks/node_modules_react-dom_0bruynb._.js:5917:21)
    at beginWork (http://localhost:3000/_next/static/chunks/node_modules_react-dom_0bruynb._.js:6498:24)
    at runWithFiberInDEV (http://localhost:3000/_next/static/chunks/node_modules_react-dom_0bruynb._.js:886:74)
    at performUnitOfWork (http://localhost:3000/_next/static/chunks/node_modules_react-dom_0bruynb._.js:8894:97)
    at workLoopSync (http://localhost:3000/_next/static/chunks/node_modules_react-dom_0bruynb._.js:8788:40)
    at renderRootSync (http://localhost:3000/_next/static/chunks/node_modules_react-dom_0bruynb._.js:8772:13)
    at performWorkOnRoot (http://localhost:3000/_next/static/chunks/node_modules_react-dom_0bruynb._.js:8400:186)
    at performSyncWorkOnRoot (http://localhost:3000/_next/static/chunks/node_modules_react-dom_0bruynb._.js:9542:9)
    at flushSyncWorkAcrossRoots_impl (http://localhost:3000/_next/static/chunks/node_modules_react-dom_0bruynb._.js:9458:316)
    at processRootScheduleInMicrotask (http://localhost:3000/_next/static/chunks/node_modules_react-dom_0bruynb._.js:9479:106)
    at http://localhost:3000/_next/static/chunks/node_modules_react-dom_0bruynb._.js:9553:158 @ http://localhost:3000/_next/static/chunks/node_modules_next_dist_0k8zr~w._.js:1945
[     137ms] [ERROR] Error: You have tried to read "publicKey" on a WalletContext without providing one. Make sure to render a WalletProvider as an ancestor of the component that uses WalletContext.
    at logMissingProviderError (http://localhost:3000/_next/static/chunks/node_modules_11f8h_~._.js:1621:19)
    at Object.get (http://localhost:3000/_next/static/chunks/node_modules_11f8h_~._.js:1616:9)
    at SolanaConnectWallet (http://localhost:3000/_next/static/chunks/%5Broot-of-the-server%5D__13abmsj._.js:542:13)
    at Object.react_stack_bottom_frame (http://localhost:3000/_next/static/chunks/node_modules_react-dom_0bruynb._.js:13800:24)
    at renderWithHooksAgain (http://localhost:3000/_next/static/chunks/node_modules_react-dom_0bruynb._.js:4519:24)
    at renderWithHooks (http://localhost:3000/_next/static/chunks/node_modules_react-dom_0bruynb._.js:4470:28)
    at updateFunctionComponent (http://localhost:3000/_next/static/chunks/node_modules_react-dom_0bruynb._.js:5917:21)
    at beginWork (http://localhost:3000/_next/static/chunks/node_modules_react-dom_0bruynb._.js:6498:24)
    at runWithFiberInDEV (http://localhost:3000/_next/static/chunks/node_modules_react-dom_0bruynb._.js:886:74)
    at performUnitOfWork (http://localhost:3000/_next/static/chunks/node_modules_react-dom_0bruynb._.js:8894:97)
    at workLoopSync (http://localhost:3000/_next/static/chunks/node_modules_react-dom_0bruynb._.js:8788:40)
    at renderRootSync (http://localhost:3000/_next/static/chunks/node_modules_react-dom_0bruynb._.js:8772:13)
    at performWorkOnRoot (http://localhost:3000/_next/static/chunks/node_modules_react-dom_0bruynb._.js:8400:186)
    at performSyncWorkOnRoot (http://localhost:3000/_next/static/chunks/node_modules_react-dom_0bruynb._.js:9542:9)
    at flushSyncWorkAcrossRoots_impl (http://localhost:3000/_next/static/chunks/node_modules_react-dom_0bruynb._.js:9458:316)
    at processRootScheduleInMicrotask (http://localhost:3000/_next/static/chunks/node_modules_react-dom_0bruynb._.js:9479:106)
    at http://localhost:3000/_next/static/chunks/node_modules_react-dom_0bruynb._.js:9553:158 @ http://localhost:3000/_next/static/chunks/node_modules_next_dist_0k8zr~w._.js:1945
[     137ms] [ERROR] Error: You have tried to read "publicKey" on a WalletContext without providing one. Make sure to render a WalletProvider as an ancestor of the component that uses WalletContext.
    at logMissingProviderError (http://localhost:3000/_next/static/chunks/node_modules_11f8h_~._.js:1621:19)
    at Object.get (http://localhost:3000/_next/static/chunks/node_modules_11f8h_~._.js:1616:9)
    at useWalletMultiButton (http://localhost:3000/_next/static/chunks/node_modules_11f8h_~._.js:1642:72)
    at BaseWalletMultiButton (http://localhost:3000/_next/static/chunks/node_modules_11f8h_~._.js:1817:307)
    at Object.react_stack_bottom_frame (http://localhost:3000/_next/static/chunks/node_modules_react-dom_0bruynb._.js:13800:24)
    at renderWithHooks (http://localhost:3000/_next/static/chunks/node_modules_react-dom_0bruynb._.js:4464:24)
    at updateFunctionComponent (http://localhost:3000/_next/static/chunks/node_modules_react-dom_0bruynb._.js:5917:21)
    at beginWork (http://localhost:3000/_next/static/chunks/node_modules_react-dom_0bruynb._.js:6498:24)
    at runWithFiberInDEV (http://localhost:3000/_next/static/chunks/node_modules_react-dom_0bruynb._.js:886:74)
    at performUnitOfWork (http://localhost:3000/_next/static/chunks/node_modules_react-dom_0bruynb._.js:8894:97)
    at workLoopSync (http://localhost:3000/_next/static/chunks/node_modules_react-dom_0bruynb._.js:8788:40)
    at renderRootSync (http://localhost:3000/_next/static/chunks/node_modules_react-dom_0bruynb._.js:8772:13)
    at performWorkOnRoot (http://localhost:3000/_next/static/chunks/node_modules_react-dom_0bruynb._.js:8400:186)
    at performSyncWorkOnRoot (http://localhost:3000/_next/static/chunks/node_modules_react-dom_0bruynb._.js:9542:9)
    at flushSyncWorkAcrossRoots_impl (http://localhost:3000/_next/static/chunks/node_modules_react-dom_0bruynb._.js:9458:316)
    at processRootScheduleInMicrotask (http://localhost:3000/_next/static/chunks/node_modules_react-dom_0bruynb._.js:9479:106)
    at http://localhost:3000/_next/static/chunks/node_modules_react-dom_0bruynb._.js:9553:158 @ http://localhost:3000/_next/static/chunks/node_modules_next_dist_0k8zr~w._.js:1945
[     137ms] [ERROR] Error: You have tried to read "wallet" on a WalletContext without providing one. Make sure to render a WalletProvider as an ancestor of the component that uses WalletContext.
    at logMissingProviderError (http://localhost:3000/_next/static/chunks/node_modules_11f8h_~._.js:1621:19)
    at Object.get (http://localhost:3000/_next/static/chunks/node_modules_11f8h_~._.js:1610:9)
    at useWalletMultiButton (http://localhost:3000/_next/static/chunks/node_modules_11f8h_~._.js:1642:91)
    at BaseWalletMultiButton (http://localhost:3000/_next/static/chunks/node_modules_11f8h_~._.js:1817:307)
    at Object.react_stack_bottom_frame (http://localhost:3000/_next/static/chunks/node_modules_react-dom_0bruynb._.js:13800:24)
    at renderWithHooks (http://localhost:3000/_next/static/chunks/node_modules_react-dom_0bruynb._.js:4464:24)
    at updateFunctionComponent (http://localhost:3000/_next/static/chunks/node_modules_react-dom_0bruynb._.js:5917:21)
    at beginWork (http://localhost:3000/_next/static/chunks/node_modules_react-dom_0bruynb._.js:6498:24)
    at runWithFiberInDEV (http://localhost:3000/_next/static/chunks/node_modules_react-dom_0bruynb._.js:886:74)
    at performUnitOfWork (http://localhost:3000/_next/static/chunks/node_modules_react-dom_0bruynb._.js:8894:97)
    at workLoopSync (http://localhost:3000/_next/static/chunks/node_modules_react-dom_0bruynb._.js:8788:40)
    at renderRootSync (http://localhost:3000/_next/static/chunks/node_modules_react-dom_0bruynb._.js:8772:13)
    at performWorkOnRoot (http://localhost:3000/_next/static/chunks/node_modules_react-dom_0bruynb._.js:8400:186)
    at performSyncWorkOnRoot (http://localhost:3000/_next/static/chunks/node_modules_react-dom_0bruynb._.js:9542:9)
    at flushSyncWorkAcrossRoots_impl (http://localhost:3000/_next/static/chunks/node_modules_react-dom_0bruynb._.js:9458:316)
    at processRootScheduleInMicrotask (http://localhost:3000/_next/static/chunks/node_modules_react-dom_0bruynb._.js:9479:106)
    at http://localhost:3000/_next/static/chunks/node_modules_react-dom_0bruynb._.js:9553:158 @ http://localhost:3000/_next/static/chunks/node_modules_next_dist_0k8zr~w._.js:1945
[     137ms] [ERROR] Error: You have tried to read "wallets" on a WalletContext without providing one. Make sure to render a WalletProvider as an ancestor of the component that uses WalletContext.
    at logMissingProviderError (http://localhost:3000/_next/static/chunks/node_modules_11f8h_~._.js:1621:19)
    at Object.get (http://localhost:3000/_next/static/chunks/node_modules_11f8h_~._.js:1604:9)
    at useWalletMultiButton (http://localhost:3000/_next/static/chunks/node_modules_11f8h_~._.js:1642:99)
    at BaseWalletMultiButton (http://localhost:3000/_next/static/chunks/node_modules_11f8h_~._.js:1817:307)
    at Object.react_stack_bottom_frame (http://localhost:3000/_next/static/chunks/node_modules_react-dom_0bruynb._.js:13800:24)
    at renderWithHooks (http://localhost:3000/_next/static/chunks/node_modules_react-dom_0bruynb._.js:4464:24)
    at updateFunctionComponent (http://localhost:3000/_next/static/chunks/node_modules_react-dom_0bruynb._.js:5917:21)
    at beginWork (http://localhost:3000/_next/static/chunks/node_modules_react-dom_0bruynb._.js:6498:24)
    at runWithFiberInDEV (http://localhost:3000/_next/static/chunks/node_modules_react-dom_0bruynb._.js:886:74)
    at performUnitOfWork (http://localhost:3000/_next/static/chunks/node_modules_react-dom_0bruynb._.js:8894:97)
    at workLoopSync (http://localhost:3000/_next/static/chunks/node_modules_react-dom_0bruynb._.js:8788:40)
    at renderRootSync (http://localhost:3000/_next/static/chunks/node_modules_react-dom_0bruynb._.js:8772:13)
    at performWorkOnRoot (http://localhost:3000/_next/static/chunks/node_modules_react-dom_0bruynb._.js:8400:186)
    at performSyncWorkOnRoot (http://localhost:3000/_next/static/chunks/node_modules_react-dom_0bruynb._.js:9542:9)
    at flushSyncWorkAcrossRoots_impl (http://localhost:3000/_next/static/chunks/node_modules_react-dom_0bruynb._.js:9458:316)
    at processRootScheduleInMicrotask (http://localhost:3000/_next/static/chunks/node_modules_react-dom_0bruynb._.js:9479:106)
    at http://localhost:3000/_next/static/chunks/node_modules_react-dom_0bruynb._.js:9553:158 @ http://localhost:3000/_next/static/chunks/node_modules_next_dist_0k8zr~w._.js:1945
[     137ms] [ERROR] Error: You have tried to read "publicKey" on a WalletContext without providing one. Make sure to render a WalletProvider as an ancestor of the component that uses WalletContext.
    at logMissingProviderError (http://localhost:3000/_next/static/chunks/node_modules_11f8h_~._.js:1621:19)
    at Object.get (http://localhost:3000/_next/static/chunks/node_modules_11f8h_~._.js:1616:9)
    at useWalletMultiButton (http://localhost:3000/_next/static/chunks/node_modules_11f8h_~._.js:1642:72)
    at BaseWalletMultiButton (http://localhost:3000/_next/static/chunks/node_modules_11f8h_~._.js:1817:307)
    at Object.react_stack_bottom_frame (http://localhost:3000/_next/static/chunks/node_modules_react-dom_0bruynb._.js:13800:24)
    at renderWithHooksAgain (http://localhost:3000/_next/static/chunks/node_modules_react-dom_0bruynb._.js:4519:24)
    at renderWithHooks (http://localhost:3000/_next/static/chunks/node_modules_react-dom_0bruynb._.js:4470:28)
    at updateFunctionComponent (http://localhost:3000/_next/static/chunks/node_modules_react-dom_0bruynb._.js:5917:21)
    at beginWork (http://localhost:3000/_next/static/chunks/node_modules_react-dom_0bruynb._.js:6498:24)
    at runWithFiberInDEV (http://localhost:3000/_next/static/chunks/node_modules_react-dom_0bruynb._.js:886:74)
    at performUnitOfWork (http://localhost:3000/_next/static/chunks/node_modules_react-dom_0bruynb._.js:8894:97)
    at workLoopSync (http://localhost:3000/_next/static/chunks/node_modules_react-dom_0bruynb._.js:8788:40)
    at renderRootSync (http://localhost:3000/_next/static/chunks/node_modules_react-dom_0bruynb._.js:8772:13)
    at performWorkOnRoot (http://localhost:3000/_next/static/chunks/node_modules_react-dom_0bruynb._.js:8400:186)
    at performSyncWorkOnRoot (http://localhost:3000/_next/static/chunks/node_modules_react-dom_0bruynb._.js:9542:9)
    at flushSyncWorkAcrossRoots_impl (http://localhost:3000/_next/static/chunks/node_modules_react-dom_0bruynb._.js:9458:316)
    at processRootScheduleInMicrotask (http://localhost:3000/_next/static/chunks/node_modules_react-dom_0bruynb._.js:9479:106)
    at http://localhost:3000/_next/static/chunks/node_modules_react-dom_0bruynb._.js:9553:158 @ http://localhost:3000/_next/static/chunks/node_modules_next_dist_0k8zr~w._.js:1945
[     138ms] [ERROR] Error: You have tried to read "wallet" on a WalletContext without providing one. Make sure to render a WalletProvider as an ancestor of the component that uses WalletContext.
    at logMissingProviderError (http://localhost:3000/_next/static/chunks/node_modules_11f8h_~._.js:1621:19)
    at Object.get (http://localhost:3000/_next/static/chunks/node_modules_11f8h_~._.js:1610:9)
    at useWalletMultiButton (http://localhost:3000/_next/static/chunks/node_modules_11f8h_~._.js:1642:91)
    at BaseWalletMultiButton (http://localhost:3000/_next/static/chunks/node_modules_11f8h_~._.js:1817:307)
    at Object.react_stack_bottom_frame (http://localhost:3000/_next/static/chunks/node_modules_react-dom_0bruynb._.js:13800:24)
    at renderWithHooksAgain (http://localhost:3000/_next/static/chunks/node_modules_react-dom_0bruynb._.js:4519:24)
    at renderWithHooks (http://localhost:3000/_next/static/chunks/node_modules_react-dom_0bruynb._.js:4470:28)
    at updateFunctionComponent (http://localhost:3000/_next/static/chunks/node_modules_react-dom_0bruynb._.js:5917:21)
    at beginWork (http://localhost:3000/_next/static/chunks/node_modules_react-dom_0bruynb._.js:6498:24)
    at runWithFiberInDEV (http://localhost:3000/_next/static/chunks/node_modules_react-dom_0bruynb._.js:886:74)
    at performUnitOfWork (http://localhost:3000/_next/static/chunks/node_modules_react-dom_0bruynb._.js:8894:97)
    at workLoopSync (http://localhost:3000/_next/static/chunks/node_modules_react-dom_0bruynb._.js:8788:40)
    at renderRootSync (http://localhost:3000/_next/static/chunks/node_modules_react-dom_0bruynb._.js:8772:13)
    at performWorkOnRoot (http://localhost:3000/_next/static/chunks/node_modules_react-dom_0bruynb._.js:8400:186)
    at performSyncWorkOnRoot (http://localhost:3000/_next/static/chunks/node_modules_react-dom_0bruynb._.js:9542:9)
    at flushSyncWorkAcrossRoots_impl (http://localhost:3000/_next/static/chunks/node_modules_react-dom_0bruynb._.js:9458:316)
    at processRootScheduleInMicrotask (http://localhost:3000/_next/static/chunks/node_modules_react-dom_0bruynb._.js:9479:106)
    at http://localhost:3000/_next/static/chunks/node_modules_react-dom_0bruynb._.js:9553:158 @ http://localhost:3000/_next/static/chunks/node_modules_next_dist_0k8zr~w._.js:1945
[     138ms] [ERROR] Error: You have tried to read "wallets" on a WalletContext without providing one. Make sure to render a WalletProvider as an ancestor of the component that uses WalletContext.
    at logMissingProviderError (http://localhost:3000/_next/static/chunks/node_modules_11f8h_~._.js:1621:19)
    at Object.get (http://localhost:3000/_next/static/chunks/node_modules_11f8h_~._.js:1604:9)
    at useWalletMultiButton (http://localhost:3000/_next/static/chunks/node_modules_11f8h_~._.js:1642:99)
    at BaseWalletMultiButton (http://localhost:3000/_next/static/chunks/node_modules_11f8h_~._.js:1817:307)
    at Object.react_stack_bottom_frame (http://localhost:3000/_next/static/chunks/node_modules_react-dom_0bruynb._.js:13800:24)
    at renderWithHooksAgain (http://localhost:3000/_next/static/chunks/node_modules_react-dom_0bruynb._.js:4519:24)
    at renderWithHooks (http://localhost:3000/_next/static/chunks/node_modules_react-dom_0bruynb._.js:4470:28)
    at updateFunctionComponent (http://localhost:3000/_next/static/chunks/node_modules_react-dom_0bruynb._.js:5917:21)
    at beginWork (http://localhost:3000/_next/static/chunks/node_modules_react-dom_0bruynb._.js:6498:24)
    at runWithFiberInDEV (http://localhost:3000/_next/static/chunks/node_modules_react-dom_0bruynb._.js:886:74)
    at performUnitOfWork (http://localhost:3000/_next/static/chunks/node_modules_react-dom_0bruynb._.js:8894:97)
    at workLoopSync (http://localhost:3000/_next/static/chunks/node_modules_react-dom_0bruynb._.js:8788:40)
    at renderRootSync (http://localhost:3000/_next/static/chunks/node_modules_react-dom_0bruynb._.js:8772:13)
    at performWorkOnRoot (http://localhost:3000/_next/static/chunks/node_modules_react-dom_0bruynb._.js:8400:186)
    at performSyncWorkOnRoot (http://localhost:3000/_next/static/chunks/node_modules_react-dom_0bruynb._.js:9542:9)
    at flushSyncWorkAcrossRoots_impl (http://localhost:3000/_next/static/chunks/node_modules_react-dom_0bruynb._.js:9458:316)
    at processRootScheduleInMicrotask (http://localhost:3000/_next/static/chunks/node_modules_react-dom_0bruynb._.js:9479:106)
    at http://localhost:3000/_next/static/chunks/node_modules_react-dom_0bruynb._.js:9553:158 @ http://localhost:3000/_next/static/chunks/node_modules_next_dist_0k8zr~w._.js:1945
[     142ms] [WARNING] Do not add stylesheets using next/head (see <link rel="stylesheet"> tag with href="https://api.fontshare.com/v2/css?f[]=satoshi@900,700,500,400,300&display=swap"). Use Document instead. 
See more info here: https://nextjs.org/docs/messages/no-stylesheets-in-head-component @ http://localhost:3000/_next/static/chunks/node_modules_next_dist_0k8zr~w._.js:1226
[    1523ms] [ERROR] Failed to load resource: the server responded with a status of 400 () @ https://solana-devnet.g.alchemy.com/v2/SEem2zNMKSjcqvIsS9gm-_Lw9V5_Ckra:0
[    3806ms] [ERROR] Failed to load resource: the server responded with a status of 400 () @ https://solana-devnet.g.alchemy.com/v2/SEem2zNMKSjcqvIsS9gm-_Lw9V5_Ckra:0
[    7057ms] [ERROR] Failed to load resource: the server responded with a status of 400 () @ https://solana-devnet.g.alchemy.com/v2/SEem2zNMKSjcqvIsS9gm-_Lw9V5_Ckra:0
[   12244ms] [ERROR] Failed to load resource: the server responded with a status of 400 () @ https://solana-devnet.g.alchemy.com/v2/SEem2zNMKSjcqvIsS9gm-_Lw9V5_Ckra:0
[   43499ms] [ERROR] Failed to load resource: the server responded with a status of 400 () @ https://solana-devnet.g.alchemy.com/v2/SEem2zNMKSjcqvIsS9gm-_Lw9V5_Ckra:0
[   45743ms] [ERROR] Failed to load resource: the server responded with a status of 400 () @ https://solana-devnet.g.alchemy.com/v2/SEem2zNMKSjcqvIsS9gm-_Lw9V5_Ckra:0
[   49035ms] [ERROR] Failed to load resource: the server responded with a status of 400 () @ https://solana-devnet.g.alchemy.com/v2/SEem2zNMKSjcqvIsS9gm-_Lw9V5_Ckra:0
[   52407ms] [ERROR] Error: You have tried to read "publicKey" on a WalletContext without providing one. Make sure to render a WalletProvider as an ancestor of the component that uses WalletContext.
    at logMissingProviderError (http://localhost:3000/_next/static/chunks/node_modules_11f8h_~._.js:1621:19)
    at Object.get (http://localhost:3000/_next/static/chunks/node_modules_11f8h_~._.js:1616:9)
    at SolanaConnectWallet (http://localhost:3000/_next/static/chunks/%5Broot-of-the-server%5D__13abmsj._.js:542:13)
    at Object.react_stack_bottom_frame (http://localhost:3000/_next/static/chunks/node_modules_react-dom_0bruynb._.js:13800:24)
    at renderWithHooks (http://localhost:3000/_next/static/chunks/node_modules_react-dom_0bruynb._.js:4464:24)
    at updateFunctionComponent (http://localhost:3000/_next/static/chunks/node_modules_react-dom_0bruynb._.js:5917:21)
    at beginWork (http://localhost:3000/_next/static/chunks/node_modules_react-dom_0bruynb._.js:6498:24)
    at runWithFiberInDEV (http://localhost:3000/_next/static/chunks/node_modules_react-dom_0bruynb._.js:886:74)
    at performUnitOfWork (http://localhost:3000/_next/static/chunks/node_modules_react-dom_0bruynb._.js:8894:97)
    at workLoopConcurrentByScheduler (http://localhost:3000/_next/static/chunks/node_modules_react-dom_0bruynb._.js:8890:58)
    at renderRootConcurrent (http://localhost:3000/_next/static/chunks/node_modules_react-dom_0bruynb._.js:8873:71)
    at performWorkOnRoot (http://localhost:3000/_next/static/chunks/node_modules_react-dom_0bruynb._.js:8400:150)
    at performWorkOnRootViaSchedulerTask (http://localhost:3000/_next/static/chunks/node_modules_react-dom_0bruynb._.js:9534:9)
    at MessagePort.performWorkUntilDeadline (http://localhost:3000/_next/static/chunks/node_modules_11l9xip._.js:1335:64) @ http://localhost:3000/_next/static/chunks/node_modules_next_dist_0k8zr~w._.js:1945
[   52408ms] [ERROR] Error: You have tried to read "publicKey" on a WalletContext without providing one. Make sure to render a WalletProvider as an ancestor of the component that uses WalletContext.
    at logMissingProviderError (http://localhost:3000/_next/static/chunks/node_modules_11f8h_~._.js:1621:19)
    at Object.get (http://localhost:3000/_next/static/chunks/node_modules_11f8h_~._.js:1616:9)
    at SolanaConnectWallet (http://localhost:3000/_next/static/chunks/%5Broot-of-the-server%5D__13abmsj._.js:542:13)
    at Object.react_stack_bottom_frame (http://localhost:3000/_next/static/chunks/node_modules_react-dom_0bruynb._.js:13800:24)
    at renderWithHooksAgain (http://localhost:3000/_next/static/chunks/node_modules_react-dom_0bruynb._.js:4519:24)
    at renderWithHooks (http://localhost:3000/_next/static/chunks/node_modules_react-dom_0bruynb._.js:4470:28)
    at updateFunctionComponent (http://localhost:3000/_next/static/chunks/node_modules_react-dom_0bruynb._.js:5917:21)
    at beginWork (http://localhost:3000/_next/static/chunks/node_modules_react-dom_0bruynb._.js:6498:24)
    at runWithFiberInDEV (http://localhost:3000/_next/static/chunks/node_modules_react-dom_0bruynb._.js:886:74)
    at performUnitOfWork (http://localhost:3000/_next/static/chunks/node_modules_react-dom_0bruynb._.js:8894:97)
    at workLoopConcurrentByScheduler (http://localhost:3000/_next/static/chunks/node_modules_react-dom_0bruynb._.js:8890:58)
    at renderRootConcurrent (http://localhost:3000/_next/static/chunks/node_modules_react-dom_0bruynb._.js:8873:71)
    at performWorkOnRoot (http://localhost:3000/_next/static/chunks/node_modules_react-dom_0bruynb._.js:8400:150)
    at performWorkOnRootViaSchedulerTask (http://localhost:3000/_next/static/chunks/node_modules_react-dom_0bruynb._.js:9534:9)
    at MessagePort.performWorkUntilDeadline (http://localhost:3000/_next/static/chunks/node_modules_11l9xip._.js:1335:64) @ http://localhost:3000/_next/static/chunks/node_modules_next_dist_0k8zr~w._.js:1945
[   52408ms] [ERROR] Error: You have tried to read "publicKey" on a WalletContext without providing one. Make sure to render a WalletProvider as an ancestor of the component that uses WalletContext.
    at logMissingProviderError (http://localhost:3000/_next/static/chunks/node_modules_11f8h_~._.js:1621:19)
    at Object.get (http://localhost:3000/_next/static/chunks/node_modules_11f8h_~._.js:1616:9)
    at useWalletMultiButton (http://localhost:3000/_next/static/chunks/node_modules_11f8h_~._.js:1642:72)
    at BaseWalletMultiButton (http://localhost:3000/_next/static/chunks/node_modules_11f8h_~._.js:1817:307)
    at Object.react_stack_bottom_frame (http://localhost:3000/_next/static/chunks/node_modules_react-dom_0bruynb._.js:13800:24)
    at renderWithHooks (http://localhost:3000/_next/static/chunks/node_modules_react-dom_0bruynb._.js:4464:24)
    at updateFunctionComponent (http://localhost:3000/_next/static/chunks/node_modules_react-dom_0bruynb._.js:5917:21)
    at beginWork (http://localhost:3000/_next/static/chunks/node_modules_react-dom_0bruynb._.js:6498:24)
    at runWithFiberInDEV (http://localhost:3000/_next/static/chunks/node_modules_react-dom_0bruynb._.js:886:74)
    at performUnitOfWork (http://localhost:3000/_next/static/chunks/node_modules_react-dom_0bruynb._.js:8894:97)
    at workLoopConcurrentByScheduler (http://localhost:3000/_next/static/chunks/node_modules_react-dom_0bruynb._.js:8890:58)
    at renderRootConcurrent (http://localhost:3000/_next/static/chunks/node_modules_react-dom_0bruynb._.js:8873:71)
    at performWorkOnRoot (http://localhost:3000/_next/static/chunks/node_modules_react-dom_0bruynb._.js:8400:150)
    at performWorkOnRootViaSchedulerTask (http://localhost:3000/_next/static/chunks/node_modules_react-dom_0bruynb._.js:9534:9)
    at MessagePort.performWorkUntilDeadline (http://localhost:3000/_next/static/chunks/node_modules_11l9xip._.js:1335:64) @ http://localhost:3000/_next/static/chunks/node_modules_next_dist_0k8zr~w._.js:1945
[   52408ms] [ERROR] Error: You have tried to read "wallet" on a WalletContext without providing one. Make sure to render a WalletProvider as an ancestor of the component that uses WalletContext.
    at logMissingProviderError (http://localhost:3000/_next/static/chunks/node_modules_11f8h_~._.js:1621:19)
    at Object.get (http://localhost:3000/_next/static/chunks/node_modules_11f8h_~._.js:1610:9)
    at useWalletMultiButton (http://localhost:3000/_next/static/chunks/node_modules_11f8h_~._.js:1642:91)
    at BaseWalletMultiButton (http://localhost:3000/_next/static/chunks/node_modules_11f8h_~._.js:1817:307)
    at Object.react_stack_bottom_frame (http://localhost:3000/_next/static/chunks/node_modules_react-dom_0bruynb._.js:13800:24)
    at renderWithHooks (http://localhost:3000/_next/static/chunks/node_modules_react-dom_0bruynb._.js:4464:24)
    at updateFunctionComponent (http://localhost:3000/_next/static/chunks/node_modules_react-dom_0bruynb._.js:5917:21)
    at beginWork (http://localhost:3000/_next/static/chunks/node_modules_react-dom_0bruynb._.js:6498:24)
    at runWithFiberInDEV (http://localhost:3000/_next/static/chunks/node_modules_react-dom_0bruynb._.js:886:74)
    at performUnitOfWork (http://localhost:3000/_next/static/chunks/node_modules_react-dom_0bruynb._.js:8894:97)
    at workLoopConcurrentByScheduler (http://localhost:3000/_next/static/chunks/node_modules_react-dom_0bruynb._.js:8890:58)
    at renderRootConcurrent (http://localhost:3000/_next/static/chunks/node_modules_react-dom_0bruynb._.js:8873:71)
    at performWorkOnRoot (http://localhost:3000/_next/static/chunks/node_modules_react-dom_0bruynb._.js:8400:150)
    at performWorkOnRootViaSchedulerTask (http://localhost:3000/_next/static/chunks/node_modules_react-dom_0bruynb._.js:9534:9)
    at MessagePort.performWorkUntilDeadline (http://localhost:3000/_next/static/chunks/node_modules_11l9xip._.js:1335:64) @ http://localhost:3000/_next/static/chunks/node_modules_next_dist_0k8zr~w._.js:1945
[   52408ms] [ERROR] Error: You have tried to read "wallets" on a WalletContext without providing one. Make sure to render a WalletProvider as an ancestor of the component that uses WalletContext.
    at logMissingProviderError (http://localhost:3000/_next/static/chunks/node_modules_11f8h_~._.js:1621:19)
    at Object.get (http://localhost:3000/_next/static/chunks/node_modules_11f8h_~._.js:1604:9)
    at useWalletMultiButton (http://localhost:3000/_next/static/chunks/node_modules_11f8h_~._.js:1642:99)
    at BaseWalletMultiButton (http://localhost:3000/_next/static/chunks/node_modules_11f8h_~._.js:1817:307)
    at Object.react_stack_bottom_frame (http://localhost:3000/_next/static/chunks/node_modules_react-dom_0bruynb._.js:13800:24)
    at renderWithHooks (http://localhost:3000/_next/static/chunks/node_modules_react-dom_0bruynb._.js:4464:24)
    at updateFunctionComponent (http://localhost:3000/_next/static/chunks/node_modules_react-dom_0bruynb._.js:5917:21)
    at beginWork (http://localhost:3000/_next/static/chunks/node_modules_react-dom_0bruynb._.js:6498:24)
    at runWithFiberInDEV (http://localhost:3000/_next/static/chunks/node_modules_react-dom_0bruynb._.js:886:74)
    at performUnitOfWork (http://localhost:3000/_next/static/chunks/node_modules_react-dom_0bruynb._.js:8894:97)
    at workLoopConcurrentByScheduler (http://localhost:3000/_next/static/chunks/node_modules_react-dom_0bruynb._.js:8890:58)
    at renderRootConcurrent (http://localhost:3000/_next/static/chunks/node_modules_react-dom_0bruynb._.js:8873:71)
    at performWorkOnRoot (http://localhost:3000/_next/static/chunks/node_modules_react-dom_0bruynb._.js:8400:150)
    at performWorkOnRootViaSchedulerTask (http://localhost:3000/_next/static/chunks/node_modules_react-dom_0bruynb._.js:9534:9)
    at MessagePort.performWorkUntilDeadline (http://localhost:3000/_next/static/chunks/node_modules_11l9xip._.js:1335:64) @ http://localhost:3000/_next/static/chunks/node_modules_next_dist_0k8zr~w._.js:1945
[   52408ms] [ERROR] Error: You have tried to read "publicKey" on a WalletContext without providing one. Make sure to render a WalletProvider as an ancestor of the component that uses WalletContext.
    at logMissingProviderError (http://localhost:3000/_next/static/chunks/node_modules_11f8h_~._.js:1621:19)
    at Object.get (http://localhost:3000/_next/static/chunks/node_modules_11f8h_~._.js:1616:9)
    at useWalletMultiButton (http://localhost:3000/_next/static/chunks/node_modules_11f8h_~._.js:1642:72)
    at BaseWalletMultiButton (http://localhost:3000/_next/static/chunks/node_modules_11f8h_~._.js:1817:307)
    at Object.react_stack_bottom_frame (http://localhost:3000/_next/static/chunks/node_modules_react-dom_0bruynb._.js:13800:24)
    at renderWithHooksAgain (http://localhost:3000/_next/static/chunks/node_modules_react-dom_0bruynb._.js:4519:24)
    at renderWithHooks (http://localhost:3000/_next/static/chunks/node_modules_react-dom_0bruynb._.js:4470:28)
    at updateFunctionComponent (http://localhost:3000/_next/static/chunks/node_modules_react-dom_0bruynb._.js:5917:21)
    at beginWork (http://localhost:3000/_next/static/chunks/node_modules_react-dom_0bruynb._.js:6498:24)
    at runWithFiberInDEV (http://localhost:3000/_next/static/chunks/node_modules_react-dom_0bruynb._.js:886:74)
    at performUnitOfWork (http://localhost:3000/_next/static/chunks/node_modules_react-dom_0bruynb._.js:8894:97)
    at workLoopConcurrentByScheduler (http://localhost:3000/_next/static/chunks/node_modules_react-dom_0bruynb._.js:8890:58)
    at renderRootConcurrent (http://localhost:3000/_next/static/chunks/node_modules_react-dom_0bruynb._.js:8873:71)
    at performWorkOnRoot (http://localhost:3000/_next/static/chunks/node_modules_react-dom_0bruynb._.js:8400:150)
    at performWorkOnRootViaSchedulerTask (http://localhost:3000/_next/static/chunks/node_modules_react-dom_0bruynb._.js:9534:9)
    at MessagePort.performWorkUntilDeadline (http://localhost:3000/_next/static/chunks/node_modules_11l9xip._.js:1335:64) @ http://localhost:3000/_next/static/chunks/node_modules_next_dist_0k8zr~w._.js:1945
[   52408ms] [ERROR] Error: You have tried to read "wallet" on a WalletContext without providing one. Make sure to render a WalletProvider as an ancestor of the component that uses WalletContext.
    at logMissingProviderError (http://localhost:3000/_next/static/chunks/node_modules_11f8h_~._.js:1621:19)
    at Object.get (http://localhost:3000/_next/static/chunks/node_modules_11f8h_~._.js:1610:9)
    at useWalletMultiButton (http://localhost:3000/_next/static/chunks/node_modules_11f8h_~._.js:1642:91)
    at BaseWalletMultiButton (http://localhost:3000/_next/static/chunks/node_modules_11f8h_~._.js:1817:307)
    at Object.react_stack_bottom_frame (http://localhost:3000/_next/static/chunks/node_modules_react-dom_0bruynb._.js:13800:24)
    at renderWithHooksAgain (http://localhost:3000/_next/static/chunks/node_modules_react-dom_0bruynb._.js:4519:24)
    at renderWithHooks (http://localhost:3000/_next/static/chunks/node_modules_react-dom_0bruynb._.js:4470:28)
    at updateFunctionComponent (http://localhost:3000/_next/static/chunks/node_modules_react-dom_0bruynb._.js:5917:21)
    at beginWork (http://localhost:3000/_next/static/chunks/node_modules_react-dom_0bruynb._.js:6498:24)
    at runWithFiberInDEV (http://localhost:3000/_next/static/chunks/node_modules_react-dom_0bruynb._.js:886:74)
    at performUnitOfWork (http://localhost:3000/_next/static/chunks/node_modules_react-dom_0bruynb._.js:8894:97)
    at workLoopConcurrentByScheduler (http://localhost:3000/_next/static/chunks/node_modules_react-dom_0bruynb._.js:8890:58)
    at renderRootConcurrent (http://localhost:3000/_next/static/chunks/node_modules_react-dom_0bruynb._.js:8873:71)
    at performWorkOnRoot (http://localhost:3000/_next/static/chunks/node_modules_react-dom_0bruynb._.js:8400:150)
    at performWorkOnRootViaSchedulerTask (http://localhost:3000/_next/static/chunks/node_modules_react-dom_0bruynb._.js:9534:9)
    at MessagePort.performWorkUntilDeadline (http://localhost:3000/_next/static/chunks/node_modules_11l9xip._.js:1335:64) @ http://localhost:3000/_next/static/chunks/node_modules_next_dist_0k8zr~w._.js:1945
[   52408ms] [ERROR] Error: You have tried to read "wallets" on a WalletContext without providing one. Make sure to render a WalletProvider as an ancestor of the component that uses WalletContext.
    at logMissingProviderError (http://localhost:3000/_next/static/chunks/node_modules_11f8h_~._.js:1621:19)
    at Object.get (http://localhost:3000/_next/static/chunks/node_modules_11f8h_~._.js:1604:9)
    at useWalletMultiButton (http://localhost:3000/_next/static/chunks/node_modules_11f8h_~._.js:1642:99)
    at BaseWalletMultiButton (http://localhost:3000/_next/static/chunks/node_modules_11f8h_~._.js:1817:307)
    at Object.react_stack_bottom_frame (http://localhost:3000/_next/static/chunks/node_modules_react-dom_0bruynb._.js:13800:24)
    at renderWithHooksAgain (http://localhost:3000/_next/static/chunks/node_modules_react-dom_0bruynb._.js:4519:24)
    at renderWithHooks (http://localhost:3000/_next/static/chunks/node_modules_react-dom_0bruynb._.js:4470:28)
    at updateFunctionComponent (http://localhost:3000/_next/static/chunks/node_modules_react-dom_0bruynb._.js:5917:21)
    at beginWork (http://localhost:3000/_next/static/chunks/node_modules_react-dom_0bruynb._.js:6498:24)
    at runWithFiberInDEV (http://localhost:3000/_next/static/chunks/node_modules_react-dom_0bruynb._.js:886:74)
    at performUnitOfWork (http://localhost:3000/_next/static/chunks/node_modules_react-dom_0bruynb._.js:8894:97)
    at workLoopConcurrentByScheduler (http://localhost:3000/_next/static/chunks/node_modules_react-dom_0bruynb._.js:8890:58)
    at renderRootConcurrent (http://localhost:3000/_next/static/chunks/node_modules_react-dom_0bruynb._.js:8873:71)
    at performWorkOnRoot (http://localhost:3000/_next/static/chunks/node_modules_react-dom_0bruynb._.js:8400:150)
    at performWorkOnRootViaSchedulerTask (http://localhost:3000/_next/static/chunks/node_modules_react-dom_0bruynb._.js:9534:9)
    at MessagePort.performWorkUntilDeadline (http://localhost:3000/_next/static/chunks/node_modules_11l9xip._.js:1335:64) @ http://localhost:3000/_next/static/chunks/node_modules_next_dist_0k8zr~w._.js:1945
[   52409ms] [ERROR] Error: You have tried to read "publicKey" on a WalletContext without providing one. Make sure to render a WalletProvider as an ancestor of the component that uses WalletContext.
    at logMissingProviderError (http://localhost:3000/_next/static/chunks/node_modules_11f8h_~._.js:1621:19)
    at Object.get (http://localhost:3000/_next/static/chunks/node_modules_11f8h_~._.js:1616:9)
    at PlaceBetModal (http://localhost:3000/_next/static/chunks/%5Broot-of-the-server%5D__01pr~vt._.js:2489:13)
    at Object.react_stack_bottom_frame (http://localhost:3000/_next/static/chunks/node_modules_react-dom_0bruynb._.js:13800:24)
    at renderWithHooks (http://localhost:3000/_next/static/chunks/node_modules_react-dom_0bruynb._.js:4464:24)
    at updateFunctionComponent (http://localhost:3000/_next/static/chunks/node_modules_react-dom_0bruynb._.js:5917:21)
    at beginWork (http://localhost:3000/_next/static/chunks/node_modules_react-dom_0bruynb._.js:6498:24)
    at runWithFiberInDEV (http://localhost:3000/_next/static/chunks/node_modules_react-dom_0bruynb._.js:886:74)
    at performUnitOfWork (http://localhost:3000/_next/static/chunks/node_modules_react-dom_0bruynb._.js:8894:97)
    at workLoopConcurrentByScheduler (http://localhost:3000/_next/static/chunks/node_modules_react-dom_0bruynb._.js:8890:58)
    at renderRootConcurrent (http://localhost:3000/_next/static/chunks/node_modules_react-dom_0bruynb._.js:8873:71)
    at performWorkOnRoot (http://localhost:3000/_next/static/chunks/node_modules_react-dom_0bruynb._.js:8400:150)
    at performWorkOnRootViaSchedulerTask (http://localhost:3000/_next/static/chunks/node_modules_react-dom_0bruynb._.js:9534:9)
    at MessagePort.performWorkUntilDeadline (http://localhost:3000/_next/static/chunks/node_modules_11l9xip._.js:1335:64) @ http://localhost:3000/_next/static/chunks/node_modules_next_dist_0k8zr~w._.js:1945
[   52409ms] [ERROR] Error: You have tried to read "publicKey" on a WalletContext without providing one. Make sure to render a WalletProvider as an ancestor of the component that uses WalletContext.
    at logMissingProviderError (http://localhost:3000/_next/static/chunks/node_modules_11f8h_~._.js:1621:19)
    at Object.get (http://localhost:3000/_next/static/chunks/node_modules_11f8h_~._.js:1616:9)
    at usePlaceBet (http://localhost:3000/_next/static/chunks/%5Broot-of-the-server%5D__01pr~vt._.js:2337:13)
    at PlaceBetModal (http://localhost:3000/_next/static/chunks/%5Broot-of-the-server%5D__01pr~vt._.js:2496:166)
    at Object.react_stack_bottom_frame (http://localhost:3000/_next/static/chunks/node_modules_react-dom_0bruynb._.js:13800:24)
    at renderWithHooks (http://localhost:3000/_next/static/chunks/node_modules_react-dom_0bruynb._.js:4464:24)
    at updateFunctionComponent (http://localhost:3000/_next/static/chunks/node_modules_react-dom_0bruynb._.js:5917:21)
    at beginWork (http://localhost:3000/_next/static/chunks/node_modules_react-dom_0bruynb._.js:6498:24)
    at runWithFiberInDEV (http://localhost:3000/_next/static/chunks/node_modules_react-dom_0bruynb._.js:886:74)
    at performUnitOfWork (http://localhost:3000/_next/static/chunks/node_modules_react-dom_0bruynb._.js:8894:97)
    at workLoopConcurrentByScheduler (http://localhost:3000/_next/static/chunks/node_modules_react-dom_0bruynb._.js:8890:58)
    at renderRootConcurrent (http://localhost:3000/_next/static/chunks/node_modules_react-dom_0bruynb._.js:8873:71)
    at performWorkOnRoot (http://localhost:3000/_next/static/chunks/node_modules_react-dom_0bruynb._.js:8400:150)
    at performWorkOnRootViaSchedulerTask (http://localhost:3000/_next/static/chunks/node_modules_react-dom_0bruynb._.js:9534:9)
    at MessagePort.performWorkUntilDeadline (http://localhost:3000/_next/static/chunks/node_modules_11l9xip._.js:1335:64) @ http://localhost:3000/_next/static/chunks/node_modules_next_dist_0k8zr~w._.js:1945
[   52410ms] [ERROR] Error: You have tried to read "publicKey" on a WalletContext without providing one. Make sure to render a WalletProvider as an ancestor of the component that uses WalletContext.
    at logMissingProviderError (http://localhost:3000/_next/static/chunks/node_modules_11f8h_~._.js:1621:19)
    at Object.get (http://localhost:3000/_next/static/chunks/node_modules_11f8h_~._.js:1616:9)
    at PlaceBetModal (http://localhost:3000/_next/static/chunks/%5Broot-of-the-server%5D__01pr~vt._.js:2489:13)
    at Object.react_stack_bottom_frame (http://localhost:3000/_next/static/chunks/node_modules_react-dom_0bruynb._.js:13800:24)
    at renderWithHooksAgain (http://localhost:3000/_next/static/chunks/node_modules_react-dom_0bruynb._.js:4519:24)
    at renderWithHooks (http://localhost:3000/_next/static/chunks/node_modules_react-dom_0bruynb._.js:4470:28)
    at updateFunctionComponent (http://localhost:3000/_next/static/chunks/node_modules_react-dom_0bruynb._.js:5917:21)
    at beginWork (http://localhost:3000/_next/static/chunks/node_modules_react-dom_0bruynb._.js:6498:24)
    at runWithFiberInDEV (http://localhost:3000/_next/static/chunks/node_modules_react-dom_0bruynb._.js:886:74)
    at performUnitOfWork (http://localhost:3000/_next/static/chunks/node_modules_react-dom_0bruynb._.js:8894:97)
    at workLoopConcurrentByScheduler (http://localhost:3000/_next/static/chunks/node_modules_react-dom_0bruynb._.js:8890:58)
    at renderRootConcurrent (http://localhost:3000/_next/static/chunks/node_modules_react-dom_0bruynb._.js:8873:71)
    at performWorkOnRoot (http://localhost:3000/_next/static/chunks/node_modules_react-dom_0bruynb._.js:8400:150)
    at performWorkOnRootViaSchedulerTask (http://localhost:3000/_next/static/chunks/node_modules_react-dom_0bruynb._.js:9534:9)
    at MessagePort.performWorkUntilDeadline (http://localhost:3000/_next/static/chunks/node_modules_11l9xip._.js:1335:64) @ http://localhost:3000/_next/static/chunks/node_modules_next_dist_0k8zr~w._.js:1945
[   52410ms] [ERROR] Error: You have tried to read "publicKey" on a WalletContext without providing one. Make sure to render a WalletProvider as an ancestor of the component that uses WalletContext.
    at logMissingProviderError (http://localhost:3000/_next/static/chunks/node_modules_11f8h_~._.js:1621:19)
    at Object.get (http://localhost:3000/_next/static/chunks/node_modules_11f8h_~._.js:1616:9)
    at usePlaceBet (http://localhost:3000/_next/static/chunks/%5Broot-of-the-server%5D__01pr~vt._.js:2337:13)
    at PlaceBetModal (http://localhost:3000/_next/static/chunks/%5Broot-of-the-server%5D__01pr~vt._.js:2496:166)
    at Object.react_stack_bottom_frame (http://localhost:3000/_next/static/chunks/node_modules_react-dom_0bruynb._.js:13800:24)
    at renderWithHooksAgain (http://localhost:3000/_next/static/chunks/node_modules_react-dom_0bruynb._.js:4519:24)
    at renderWithHooks (http://localhost:3000/_next/static/chunks/node_modules_react-dom_0bruynb._.js:4470:28)
    at updateFunctionComponent (http://localhost:3000/_next/static/chunks/node_modules_react-dom_0bruynb._.js:5917:21)
    at beginWork (http://localhost:3000/_next/static/chunks/node_modules_react-dom_0bruynb._.js:6498:24)
    at runWithFiberInDEV (http://localhost:3000/_next/static/chunks/node_modules_react-dom_0bruynb._.js:886:74)
    at performUnitOfWork (http://localhost:3000/_next/static/chunks/node_modules_react-dom_0bruynb._.js:8894:97)
    at workLoopConcurrentByScheduler (http://localhost:3000/_next/static/chunks/node_modules_react-dom_0bruynb._.js:8890:58)
    at renderRootConcurrent (http://localhost:3000/_next/static/chunks/node_modules_react-dom_0bruynb._.js:8873:71)
    at performWorkOnRoot (http://localhost:3000/_next/static/chunks/node_modules_react-dom_0bruynb._.js:8400:150)
    at performWorkOnRootViaSchedulerTask (http://localhost:3000/_next/static/chunks/node_modules_react-dom_0bruynb._.js:9534:9)
    at MessagePort.performWorkUntilDeadline (http://localhost:3000/_next/static/chunks/node_modules_11l9xip._.js:1335:64) @ http://localhost:3000/_next/static/chunks/node_modules_next_dist_0k8zr~w._.js:1945
[   52468ms] [ERROR] Error: You have tried to read "publicKey" on a WalletContext without providing one. Make sure to render a WalletProvider as an ancestor of the component that uses WalletContext.
    at logMissingProviderError (http://localhost:3000/_next/static/chunks/node_modules_11f8h_~._.js:1621:19)
    at Object.get (http://localhost:3000/_next/static/chunks/node_modules_11f8h_~._.js:1616:9)
    at SolanaConnectWallet (http://localhost:3000/_next/static/chunks/%5Broot-of-the-server%5D__13abmsj._.js:542:13)
    at Object.react_stack_bottom_frame (http://localhost:3000/_next/static/chunks/node_modules_react-dom_0bruynb._.js:13800:24)
    at renderWithHooks (http://localhost:3000/_next/static/chunks/node_modules_react-dom_0bruynb._.js:4464:24)
    at updateFunctionComponent (http://localhost:3000/_next/static/chunks/node_modules_react-dom_0bruynb._.js:5917:21)
    at beginWork (http://localhost:3000/_next/static/chunks/node_modules_react-dom_0bruynb._.js:6498:24)
    at runWithFiberInDEV (http://localhost:3000/_next/static/chunks/node_modules_react-dom_0bruynb._.js:886:74)
    at performUnitOfWork (http://localhost:3000/_next/static/chunks/node_modules_react-dom_0bruynb._.js:8894:97)
    at workLoopSync (http://localhost:3000/_next/static/chunks/node_modules_react-dom_0bruynb._.js:8788:40)
    at renderRootSync (http://localhost:3000/_next/static/chunks/node_modules_react-dom_0bruynb._.js:8772:13)
    at performWorkOnRoot (http://localhost:3000/_next/static/chunks/node_modules_react-dom_0bruynb._.js:8400:186)
    at performWorkOnRootViaSchedulerTask (http://localhost:3000/_next/static/chunks/node_modules_react-dom_0bruynb._.js:9534:9)
    at MessagePort.performWorkUntilDeadline (http://localhost:3000/_next/static/chunks/node_modules_11l9xip._.js:1335:64) @ http://localhost:3000/_next/static/chunks/node_modules_next_dist_0k8zr~w._.js:1945
[   52468ms] [ERROR] Error: You have tried to read "publicKey" on a WalletContext without providing one. Make sure to render a WalletProvider as an ancestor of the component that uses WalletContext.
    at logMissingProviderError (http://localhost:3000/_next/static/chunks/node_modules_11f8h_~._.js:1621:19)
    at Object.get (http://localhost:3000/_next/static/chunks/node_modules_11f8h_~._.js:1616:9)
    at SolanaConnectWallet (http://localhost:3000/_next/static/chunks/%5Broot-of-the-server%5D__13abmsj._.js:542:13)
    at Object.react_stack_bottom_frame (http://localhost:3000/_next/static/chunks/node_modules_react-dom_0bruynb._.js:13800:24)
    at renderWithHooksAgain (http://localhost:3000/_next/static/chunks/node_modules_react-dom_0bruynb._.js:4519:24)
    at renderWithHooks (http://localhost:3000/_next/static/chunks/node_modules_react-dom_0bruynb._.js:4470:28)
    at updateFunctionComponent (http://localhost:3000/_next/static/chunks/node_modules_react-dom_0bruynb._.js:5917:21)
    at beginWork (http://localhost:3000/_next/static/chunks/node_modules_react-dom_0bruynb._.js:6498:24)
    at runWithFiberInDEV (http://localhost:3000/_next/static/chunks/node_modules_react-dom_0bruynb._.js:886:74)
    at performUnitOfWork (http://localhost:3000/_next/static/chunks/node_modules_react-dom_0bruynb._.js:8894:97)
    at workLoopSync (http://localhost:3000/_next/static/chunks/node_modules_react-dom_0bruynb._.js:8788:40)
    at renderRootSync (http://localhost:3000/_next/static/chunks/node_modules_react-dom_0bruynb._.js:8772:13)
    at performWorkOnRoot (http://localhost:3000/_next/static/chunks/node_modules_react-dom_0bruynb._.js:8400:186)
    at performWorkOnRootViaSchedulerTask (http://localhost:3000/_next/static/chunks/node_modules_react-dom_0bruynb._.js:9534:9)
    at MessagePort.performWorkUntilDeadline (http://localhost:3000/_next/static/chunks/node_modules_11l9xip._.js:1335:64) @ http://localhost:3000/_next/static/chunks/node_modules_next_dist_0k8zr~w._.js:1945
[   52469ms] [ERROR] Error: You have tried to read "publicKey" on a WalletContext without providing one. Make sure to render a WalletProvider as an ancestor of the component that uses WalletContext.
    at logMissingProviderError (http://localhost:3000/_next/static/chunks/node_modules_11f8h_~._.js:1621:19)
    at Object.get (http://localhost:3000/_next/static/chunks/node_modules_11f8h_~._.js:1616:9)
    at useWalletMultiButton (http://localhost:3000/_next/static/chunks/node_modules_11f8h_~._.js:1642:72)
    at BaseWalletMultiButton (http://localhost:3000/_next/static/chunks/node_modules_11f8h_~._.js:1817:307)
    at Object.react_stack_bottom_frame (http://localhost:3000/_next/static/chunks/node_modules_react-dom_0bruynb._.js:13800:24)
    at renderWithHooks (http://localhost:3000/_next/static/chunks/node_modules_react-dom_0bruynb._.js:4464:24)
    at updateFunctionComponent (http://localhost:3000/_next/static/chunks/node_modules_react-dom_0bruynb._.js:5917:21)
    at beginWork (http://localhost:3000/_next/static/chunks/node_modules_react-dom_0bruynb._.js:6498:24)
    at runWithFiberInDEV (http://localhost:3000/_next/static/chunks/node_modules_react-dom_0bruynb._.js:886:74)
    at performUnitOfWork (http://localhost:3000/_next/static/chunks/node_modules_react-dom_0bruynb._.js:8894:97)
    at workLoopSync (http://localhost:3000/_next/static/chunks/node_modules_react-dom_0bruynb._.js:8788:40)
    at renderRootSync (http://localhost:3000/_next/static/chunks/node_modules_react-dom_0bruynb._.js:8772:13)
    at performWorkOnRoot (http://localhost:3000/_next/static/chunks/node_modules_react-dom_0bruynb._.js:8400:186)
    at performWorkOnRootViaSchedulerTask (http://localhost:3000/_next/static/chunks/node_modules_react-dom_0bruynb._.js:9534:9)
    at MessagePort.performWorkUntilDeadline (http://localhost:3000/_next/static/chunks/node_modules_11l9xip._.js:1335:64) @ http://localhost:3000/_next/static/chunks/node_modules_next_dist_0k8zr~w._.js:1945
[   52469ms] [ERROR] Error: You have tried to read "wallet" on a WalletContext without providing one. Make sure to render a WalletProvider as an ancestor of the component that uses WalletContext.
    at logMissingProviderError (http://localhost:3000/_next/static/chunks/node_modules_11f8h_~._.js:1621:19)
    at Object.get (http://localhost:3000/_next/static/chunks/node_modules_11f8h_~._.js:1610:9)
    at useWalletMultiButton (http://localhost:3000/_next/static/chunks/node_modules_11f8h_~._.js:1642:91)
    at BaseWalletMultiButton (http://localhost:3000/_next/static/chunks/node_modules_11f8h_~._.js:1817:307)
    at Object.react_stack_bottom_frame (http://localhost:3000/_next/static/chunks/node_modules_react-dom_0bruynb._.js:13800:24)
    at renderWithHooks (http://localhost:3000/_next/static/chunks/node_modules_react-dom_0bruynb._.js:4464:24)
    at updateFunctionComponent (http://localhost:3000/_next/static/chunks/node_modules_react-dom_0bruynb._.js:5917:21)
    at beginWork (http://localhost:3000/_next/static/chunks/node_modules_react-dom_0bruynb._.js:6498:24)
    at runWithFiberInDEV (http://localhost:3000/_next/static/chunks/node_modules_react-dom_0bruynb._.js:886:74)
    at performUnitOfWork (http://localhost:3000/_next/static/chunks/node_modules_react-dom_0bruynb._.js:8894:97)
    at workLoopSync (http://localhost:3000/_next/static/chunks/node_modules_react-dom_0bruynb._.js:8788:40)
    at renderRootSync (http://localhost:3000/_next/static/chunks/node_modules_react-dom_0bruynb._.js:8772:13)
    at performWorkOnRoot (http://localhost:3000/_next/static/chunks/node_modules_react-dom_0bruynb._.js:8400:186)
    at performWorkOnRootViaSchedulerTask (http://localhost:3000/_next/static/chunks/node_modules_react-dom_0bruynb._.js:9534:9)
    at MessagePort.performWorkUntilDeadline (http://localhost:3000/_next/static/chunks/node_modules_11l9xip._.js:1335:64) @ http://localhost:3000/_next/static/chunks/node_modules_next_dist_0k8zr~w._.js:1945
[   52469ms] [ERROR] Error: You have tried to read "wallets" on a WalletContext without providing one. Make sure to render a WalletProvider as an ancestor of the component that uses WalletContext.
    at logMissingProviderError (http://localhost:3000/_next/static/chunks/node_modules_11f8h_~._.js:1621:19)
    at Object.get (http://localhost:3000/_next/static/chunks/node_modules_11f8h_~._.js:1604:9)
    at useWalletMultiButton (http://localhost:3000/_next/static/chunks/node_modules_11f8h_~._.js:1642:99)
    at BaseWalletMultiButton (http://localhost:3000/_next/static/chunks/node_modules_11f8h_~._.js:1817:307)
    at Object.react_stack_bottom_frame (http://localhost:3000/_next/static/chunks/node_modules_react-dom_0bruynb._.js:13800:24)
    at renderWithHooks (http://localhost:3000/_next/static/chunks/node_modules_react-dom_0bruynb._.js:4464:24)
    at updateFunctionComponent (http://localhost:3000/_next/static/chunks/node_modules_react-dom_0bruynb._.js:5917:21)
    at beginWork (http://localhost:3000/_next/static/chunks/node_modules_react-dom_0bruynb._.js:6498:24)
    at runWithFiberInDEV (http://localhost:3000/_next/static/chunks/node_modules_react-dom_0bruynb._.js:886:74)
    at performUnitOfWork (http://localhost:3000/_next/static/chunks/node_modules_react-dom_0bruynb._.js:8894:97)
    at workLoopSync (http://localhost:3000/_next/static/chunks/node_modules_react-dom_0bruynb._.js:8788:40)
    at renderRootSync (http://localhost:3000/_next/static/chunks/node_modules_react-dom_0bruynb._.js:8772:13)
    at performWorkOnRoot (http://localhost:3000/_next/static/chunks/node_modules_react-dom_0bruynb._.js:8400:186)
    at performWorkOnRootViaSchedulerTask (http://localhost:3000/_next/static/chunks/node_modules_react-dom_0bruynb._.js:9534:9)
    at MessagePort.performWorkUntilDeadline (http://localhost:3000/_next/static/chunks/node_modules_11l9xip._.js:1335:64) @ http://localhost:3000/_next/static/chunks/node_modules_next_dist_0k8zr~w._.js:1945
[   52469ms] [ERROR] Error: You have tried to read "publicKey" on a WalletContext without providing one. Make sure to render a WalletProvider as an ancestor of the component that uses WalletContext.
    at logMissingProviderError (http://localhost:3000/_next/static/chunks/node_modules_11f8h_~._.js:1621:19)
    at Object.get (http://localhost:3000/_next/static/chunks/node_modules_11f8h_~._.js:1616:9)
    at useWalletMultiButton (http://localhost:3000/_next/static/chunks/node_modules_11f8h_~._.js:1642:72)
    at BaseWalletMultiButton (http://localhost:3000/_next/static/chunks/node_modules_11f8h_~._.js:1817:307)
    at Object.react_stack_bottom_frame (http://localhost:3000/_next/static/chunks/node_modules_react-dom_0bruynb._.js:13800:24)
    at renderWithHooksAgain (http://localhost:3000/_next/static/chunks/node_modules_react-dom_0bruynb._.js:4519:24)
    at renderWithHooks (http://localhost:3000/_next/static/chunks/node_modules_react-dom_0bruynb._.js:4470:28)
    at updateFunctionComponent (http://localhost:3000/_next/static/chunks/node_modules_react-dom_0bruynb._.js:5917:21)
    at beginWork (http://localhost:3000/_next/static/chunks/node_modules_react-dom_0bruynb._.js:6498:24)
    at runWithFiberInDEV (http://localhost:3000/_next/static/chunks/node_modules_react-dom_0bruynb._.js:886:74)
    at performUnitOfWork (http://localhost:3000/_next/static/chunks/node_modules_react-dom_0bruynb._.js:8894:97)
    at workLoopSync (http://localhost:3000/_next/static/chunks/node_modules_react-dom_0bruynb._.js:8788:40)
    at renderRootSync (http://localhost:3000/_next/static/chunks/node_modules_react-dom_0bruynb._.js:8772:13)
    at performWorkOnRoot (http://localhost:3000/_next/static/chunks/node_modules_react-dom_0bruynb._.js:8400:186)
    at performWorkOnRootViaSchedulerTask (http://localhost:3000/_next/static/chunks/node_modules_react-dom_0bruynb._.js:9534:9)
    at MessagePort.performWorkUntilDeadline (http://localhost:3000/_next/static/chunks/node_modules_11l9xip._.js:1335:64) @ http://localhost:3000/_next/static/chunks/node_modules_next_dist_0k8zr~w._.js:1945
[   52469ms] [ERROR] Error: You have tried to read "wallet" on a WalletContext without providing one. Make sure to render a WalletProvider as an ancestor of the component that uses WalletContext.
    at logMissingProviderError (http://localhost:3000/_next/static/chunks/node_modules_11f8h_~._.js:1621:19)
    at Object.get (http://localhost:3000/_next/static/chunks/node_modules_11f8h_~._.js:1610:9)
    at useWalletMultiButton (http://localhost:3000/_next/static/chunks/node_modules_11f8h_~._.js:1642:91)
    at BaseWalletMultiButton (http://localhost:3000/_next/static/chunks/node_modules_11f8h_~._.js:1817:307)
    at Object.react_stack_bottom_frame (http://localhost:3000/_next/static/chunks/node_modules_react-dom_0bruynb._.js:13800:24)
    at renderWithHooksAgain (http://localhost:3000/_next/static/chunks/node_modules_react-dom_0bruynb._.js:4519:24)
    at renderWithHooks (http://localhost:3000/_next/static/chunks/node_modules_react-dom_0bruynb._.js:4470:28)
    at updateFunctionComponent (http://localhost:3000/_next/static/chunks/node_modules_react-dom_0bruynb._.js:5917:21)
    at beginWork (http://localhost:3000/_next/static/chunks/node_modules_react-dom_0bruynb._.js:6498:24)
    at runWithFiberInDEV (http://localhost:3000/_next/static/chunks/node_modules_react-dom_0bruynb._.js:886:74)
    at performUnitOfWork (http://localhost:3000/_next/static/chunks/node_modules_react-dom_0bruynb._.js:8894:97)
    at workLoopSync (http://localhost:3000/_next/static/chunks/node_modules_react-dom_0bruynb._.js:8788:40)
    at renderRootSync (http://localhost:3000/_next/static/chunks/node_modules_react-dom_0bruynb._.js:8772:13)
    at performWorkOnRoot (http://localhost:3000/_next/static/chunks/node_modules_react-dom_0bruynb._.js:8400:186)
    at performWorkOnRootViaSchedulerTask (http://localhost:3000/_next/static/chunks/node_modules_react-dom_0bruynb._.js:9534:9)
    at MessagePort.performWorkUntilDeadline (http://localhost:3000/_next/static/chunks/node_modules_11l9xip._.js:1335:64) @ http://localhost:3000/_next/static/chunks/node_modules_next_dist_0k8zr~w._.js:1945
[   52469ms] [ERROR] Error: You have tried to read "wallets" on a WalletContext without providing one. Make sure to render a WalletProvider as an ancestor of the component that uses WalletContext.
    at logMissingProviderError (http://localhost:3000/_next/static/chunks/node_modules_11f8h_~._.js:1621:19)
    at Object.get (http://localhost:3000/_next/static/chunks/node_modules_11f8h_~._.js:1604:9)
    at useWalletMultiButton (http://localhost:3000/_next/static/chunks/node_modules_11f8h_~._.js:1642:99)
    at BaseWalletMultiButton (http://localhost:3000/_next/static/chunks/node_modules_11f8h_~._.js:1817:307)
    at Object.react_stack_bottom_frame (http://localhost:3000/_next/static/chunks/node_modules_react-dom_0bruynb._.js:13800:24)
    at renderWithHooksAgain (http://localhost:3000/_next/static/chunks/node_modules_react-dom_0bruynb._.js:4519:24)
    at renderWithHooks (http://localhost:3000/_next/static/chunks/node_modules_react-dom_0bruynb._.js:4470:28)
    at updateFunctionComponent (http://localhost:3000/_next/static/chunks/node_modules_react-dom_0bruynb._.js:5917:21)
    at beginWork (http://localhost:3000/_next/static/chunks/node_modules_react-dom_0bruynb._.js:6498:24)
    at runWithFiberInDEV (http://localhost:3000/_next/static/chunks/node_modules_react-dom_0bruynb._.js:886:74)
    at performUnitOfWork (http://localhost:3000/_next/static/chunks/node_modules_react-dom_0bruynb._.js:8894:97)
    at workLoopSync (http://localhost:3000/_next/static/chunks/node_modules_react-dom_0bruynb._.js:8788:40)
    at renderRootSync (http://localhost:3000/_next/static/chunks/node_modules_react-dom_0bruynb._.js:8772:13)
    at performWorkOnRoot (http://localhost:3000/_next/static/chunks/node_modules_react-dom_0bruynb._.js:8400:186)
    at performWorkOnRootViaSchedulerTask (http://localhost:3000/_next/static/chunks/node_modules_react-dom_0bruynb._.js:9534:9)
    at MessagePort.performWorkUntilDeadline (http://localhost:3000/_next/static/chunks/node_modules_11l9xip._.js:1335:64) @ http://localhost:3000/_next/static/chunks/node_modules_next_dist_0k8zr~w._.js:1945
[   52469ms] [ERROR] Error: You have tried to read "publicKey" on a WalletContext without providing one. Make sure to render a WalletProvider as an ancestor of the component that uses WalletContext.
    at logMissingProviderError (http://localhost:3000/_next/static/chunks/node_modules_11f8h_~._.js:1621:19)
    at Object.get (http://localhost:3000/_next/static/chunks/node_modules_11f8h_~._.js:1616:9)
    at PlaceBetModal (http://localhost:3000/_next/static/chunks/%5Broot-of-the-server%5D__01pr~vt._.js:2489:13)
    at Object.react_stack_bottom_frame (http://localhost:3000/_next/static/chunks/node_modules_react-dom_0bruynb._.js:13800:24)
    at renderWithHooks (http://localhost:3000/_next/static/chunks/node_modules_react-dom_0bruynb._.js:4464:24)
    at updateFunctionComponent (http://localhost:3000/_next/static/chunks/node_modules_react-dom_0bruynb._.js:5917:21)
    at beginWork (http://localhost:3000/_next/static/chunks/node_modules_react-dom_0bruynb._.js:6498:24)
    at runWithFiberInDEV (http://localhost:3000/_next/static/chunks/node_modules_react-dom_0bruynb._.js:886:74)
    at performUnitOfWork (http://localhost:3000/_next/static/chunks/node_modules_react-dom_0bruynb._.js:8894:97)
    at workLoopSync (http://localhost:3000/_next/static/chunks/node_modules_react-dom_0bruynb._.js:8788:40)
    at renderRootSync (http://localhost:3000/_next/static/chunks/node_modules_react-dom_0bruynb._.js:8772:13)
    at performWorkOnRoot (http://localhost:3000/_next/static/chunks/node_modules_react-dom_0bruynb._.js:8400:186)
    at performWorkOnRootViaSchedulerTask (http://localhost:3000/_next/static/chunks/node_modules_react-dom_0bruynb._.js:9534:9)
    at MessagePort.performWorkUntilDeadline (http://localhost:3000/_next/static/chunks/node_modules_11l9xip._.js:1335:64) @ http://localhost:3000/_next/static/chunks/node_modules_next_dist_0k8zr~w._.js:1945
[   52469ms] [ERROR] Error: You have tried to read "publicKey" on a WalletContext without providing one. Make sure to render a WalletProvider as an ancestor of the component that uses WalletContext.
    at logMissingProviderError (http://localhost:3000/_next/static/chunks/node_modules_11f8h_~._.js:1621:19)
    at Object.get (http://localhost:3000/_next/static/chunks/node_modules_11f8h_~._.js:1616:9)
    at usePlaceBet (http://localhost:3000/_next/static/chunks/%5Broot-of-the-server%5D__01pr~vt._.js:2337:13)
    at PlaceBetModal (http://localhost:3000/_next/static/chunks/%5Broot-of-the-server%5D__01pr~vt._.js:2496:166)
    at Object.react_stack_bottom_frame (http://localhost:3000/_next/static/chunks/node_modules_react-dom_0bruynb._.js:13800:24)
    at renderWithHooks (http://localhost:3000/_next/static/chunks/node_modules_react-dom_0bruynb._.js:4464:24)
    at updateFunctionComponent (http://localhost:3000/_next/static/chunks/node_modules_react-dom_0bruynb._.js:5917:21)
    at beginWork (http://localhost:3000/_next/static/chunks/node_modules_react-dom_0bruynb._.js:6498:24)
    at runWithFiberInDEV (http://localhost:3000/_next/static/chunks/node_modules_react-dom_0bruynb._.js:886:74)
    at performUnitOfWork (http://localhost:3000/_next/static/chunks/node_modules_react-dom_0bruynb._.js:8894:97)
    at workLoopSync (http://localhost:3000/_next/static/chunks/node_modules_react-dom_0bruynb._.js:8788:40)
    at renderRootSync (http://localhost:3000/_next/static/chunks/node_modules_react-dom_0bruynb._.js:8772:13)
    at performWorkOnRoot (http://localhost:3000/_next/static/chunks/node_modules_react-dom_0bruynb._.js:8400:186)
    at performWorkOnRootViaSchedulerTask (http://localhost:3000/_next/static/chunks/node_modules_react-dom_0bruynb._.js:9534:9)
    at MessagePort.performWorkUntilDeadline (http://localhost:3000/_next/static/chunks/node_modules_11l9xip._.js:1335:64) @ http://localhost:3000/_next/static/chunks/node_modules_next_dist_0k8zr~w._.js:1945
[   52470ms] [ERROR] Error: You have tried to read "publicKey" on a WalletContext without providing one. Make sure to render a WalletProvider as an ancestor of the component that uses WalletContext.
    at logMissingProviderError (http://localhost:3000/_next/static/chunks/node_modules_11f8h_~._.js:1621:19)
    at Object.get (http://localhost:3000/_next/static/chunks/node_modules_11f8h_~._.js:1616:9)
    at PlaceBetModal (http://localhost:3000/_next/static/chunks/%5Broot-of-the-server%5D__01pr~vt._.js:2489:13)
    at Object.react_stack_bottom_frame (http://localhost:3000/_next/static/chunks/node_modules_react-dom_0bruynb._.js:13800:24)
    at renderWithHooksAgain (http://localhost:3000/_next/static/chunks/node_modules_react-dom_0bruynb._.js:4519:24)
    at renderWithHooks (http://localhost:3000/_next/static/chunks/node_modules_react-dom_0bruynb._.js:4470:28)
    at updateFunctionComponent (http://localhost:3000/_next/static/chunks/node_modules_react-dom_0bruynb._.js:5917:21)
    at beginWork (http://localhost:3000/_next/static/chunks/node_modules_react-dom_0bruynb._.js:6498:24)
    at runWithFiberInDEV (http://localhost:3000/_next/static/chunks/node_modules_react-dom_0bruynb._.js:886:74)
    at performUnitOfWork (http://localhost:3000/_next/static/chunks/node_modules_react-dom_0bruynb._.js:8894:97)
    at workLoopSync (http://localhost:3000/_next/static/chunks/node_modules_react-dom_0bruynb._.js:8788:40)
    at renderRootSync (http://localhost:3000/_next/static/chunks/node_modules_react-dom_0bruynb._.js:8772:13)
    at performWorkOnRoot (http://localhost:3000/_next/static/chunks/node_modules_react-dom_0bruynb._.js:8400:186)
    at performWorkOnRootViaSchedulerTask (http://localhost:3000/_next/static/chunks/node_modules_react-dom_0bruynb._.js:9534:9)
    at MessagePort.performWorkUntilDeadline (http://localhost:3000/_next/static/chunks/node_modules_11l9xip._.js:1335:64) @ http://localhost:3000/_next/static/chunks/node_modules_next_dist_0k8zr~w._.js:1945
[   52470ms] [ERROR] Error: You have tried to read "publicKey" on a WalletContext without providing one. Make sure to render a WalletProvider as an ancestor of the component that uses WalletContext.
    at logMissingProviderError (http://localhost:3000/_next/static/chunks/node_modules_11f8h_~._.js:1621:19)
    at Object.get (http://localhost:3000/_next/static/chunks/node_modules_11f8h_~._.js:1616:9)
    at usePlaceBet (http://localhost:3000/_next/static/chunks/%5Broot-of-the-server%5D__01pr~vt._.js:2337:13)
    at PlaceBetModal (http://localhost:3000/_next/static/chunks/%5Broot-of-the-server%5D__01pr~vt._.js:2496:166)
    at Object.react_stack_bottom_frame (http://localhost:3000/_next/static/chunks/node_modules_react-dom_0bruynb._.js:13800:24)
    at renderWithHooksAgain (http://localhost:3000/_next/static/chunks/node_modules_react-dom_0bruynb._.js:4519:24)
    at renderWithHooks (http://localhost:3000/_next/static/chunks/node_modules_react-dom_0bruynb._.js:4470:28)
    at updateFunctionComponent (http://localhost:3000/_next/static/chunks/node_modules_react-dom_0bruynb._.js:5917:21)
    at beginWork (http://localhost:3000/_next/static/chunks/node_modules_react-dom_0bruynb._.js:6498:24)
    at runWithFiberInDEV (http://localhost:3000/_next/static/chunks/node_modules_react-dom_0bruynb._.js:886:74)
    at performUnitOfWork (http://localhost:3000/_next/static/chunks/node_modules_react-dom_0bruynb._.js:8894:97)
    at workLoopSync (http://localhost:3000/_next/static/chunks/node_modules_react-dom_0bruynb._.js:8788:40)
    at renderRootSync (http://localhost:3000/_next/static/chunks/node_modules_react-dom_0bruynb._.js:8772:13)
    at performWorkOnRoot (http://localhost:3000/_next/static/chunks/node_modules_react-dom_0bruynb._.js:8400:186)
    at performWorkOnRootViaSchedulerTask (http://localhost:3000/_next/static/chunks/node_modules_react-dom_0bruynb._.js:9534:9)
    at MessagePort.performWorkUntilDeadline (http://localhost:3000/_next/static/chunks/node_modules_11l9xip._.js:1335:64) @ http://localhost:3000/_next/static/chunks/node_modules_next_dist_0k8zr~w._.js:1945
[   52656ms] [ERROR] Error: You have tried to read "publicKey" on a WalletContext without providing one. Make sure to render a WalletProvider as an ancestor of the component that uses WalletContext.
    at logMissingProviderError (http://localhost:3000/_next/static/chunks/node_modules_11f8h_~._.js:1621:19)
    at Object.get (http://localhost:3000/_next/static/chunks/node_modules_11f8h_~._.js:1616:9)
    at SolanaConnectWallet (http://localhost:3000/_next/static/chunks/%5Broot-of-the-server%5D__13abmsj._.js:542:13)
    at Object.react_stack_bottom_frame (http://localhost:3000/_next/static/chunks/node_modules_react-dom_0bruynb._.js:13800:24)
    at renderWithHooks (http://localhost:3000/_next/static/chunks/node_modules_react-dom_0bruynb._.js:4464:24)
    at updateFunctionComponent (http://localhost:3000/_next/static/chunks/node_modules_react-dom_0bruynb._.js:5917:21)
    at beginWork (http://localhost:3000/_next/static/chunks/node_modules_react-dom_0bruynb._.js:6498:24)
    at runWithFiberInDEV (http://localhost:3000/_next/static/chunks/node_modules_react-dom_0bruynb._.js:886:74)
    at performUnitOfWork (http://localhost:3000/_next/static/chunks/node_modules_react-dom_0bruynb._.js:8894:97)
    at workLoopConcurrentByScheduler (http://localhost:3000/_next/static/chunks/node_modules_react-dom_0bruynb._.js:8890:58)
    at renderRootConcurrent (http://localhost:3000/_next/static/chunks/node_modules_react-dom_0bruynb._.js:8873:71)
    at performWorkOnRoot (http://localhost:3000/_next/static/chunks/node_modules_react-dom_0bruynb._.js:8400:150)
    at performWorkOnRootViaSchedulerTask (http://localhost:3000/_next/static/chunks/node_modules_react-dom_0bruynb._.js:9534:9)
    at MessagePort.performWorkUntilDeadline (http://localhost:3000/_next/static/chunks/node_modules_11l9xip._.js:1335:64) @ http://localhost:3000/_next/static/chunks/node_modules_next_dist_0k8zr~w._.js:1945
[   52656ms] [ERROR] Error: You have tried to read "publicKey" on a WalletContext without providing one. Make sure to render a WalletProvider as an ancestor of the component that uses WalletContext.
    at logMissingProviderError (http://localhost:3000/_next/static/chunks/node_modules_11f8h_~._.js:1621:19)
    at Object.get (http://localhost:3000/_next/static/chunks/node_modules_11f8h_~._.js:1616:9)
    at SolanaConnectWallet (http://localhost:3000/_next/static/chunks/%5Broot-of-the-server%5D__13abmsj._.js:542:13)
    at Object.react_stack_bottom_frame (http://localhost:3000/_next/static/chunks/node_modules_react-dom_0bruynb._.js:13800:24)
    at renderWithHooksAgain (http://localhost:3000/_next/static/chunks/node_modules_react-dom_0bruynb._.js:4519:24)
    at renderWithHooks (http://localhost:3000/_next/static/chunks/node_modules_react-dom_0bruynb._.js:4470:28)
    at updateFunctionComponent (http://localhost:3000/_next/static/chunks/node_modules_react-dom_0bruynb._.js:5917:21)
    at beginWork (http://localhost:3000/_next/static/chunks/node_modules_react-dom_0bruynb._.js:6498:24)
    at runWithFiberInDEV (http://localhost:3000/_next/static/chunks/node_modules_react-dom_0bruynb._.js:886:74)
    at performUnitOfWork (http://localhost:3000/_next/static/chunks/node_modules_react-dom_0bruynb._.js:8894:97)
    at workLoopConcurrentByScheduler (http://localhost:3000/_next/static/chunks/node_modules_react-dom_0bruynb._.js:8890:58)
    at renderRootConcurrent (http://localhost:3000/_next/static/chunks/node_modules_react-dom_0bruynb._.js:8873:71)
    at performWorkOnRoot (http://localhost:3000/_next/static/chunks/node_modules_react-dom_0bruynb._.js:8400:150)
    at performWorkOnRootViaSchedulerTask (http://localhost:3000/_next/static/chunks/node_modules_react-dom_0bruynb._.js:9534:9)
    at MessagePort.performWorkUntilDeadline (http://localhost:3000/_next/static/chunks/node_modules_11l9xip._.js:1335:64) @ http://localhost:3000/_next/static/chunks/node_modules_next_dist_0k8zr~w._.js:1945
[   52657ms] [ERROR] Error: You have tried to read "publicKey" on a WalletContext without providing one. Make sure to render a WalletProvider as an ancestor of the component that uses WalletContext.
    at logMissingProviderError (http://localhost:3000/_next/static/chunks/node_modules_11f8h_~._.js:1621:19)
    at Object.get (http://localhost:3000/_next/static/chunks/node_modules_11f8h_~._.js:1616:9)
    at useWalletMultiButton (http://localhost:3000/_next/static/chunks/node_modules_11f8h_~._.js:1642:72)
    at BaseWalletMultiButton (http://localhost:3000/_next/static/chunks/node_modules_11f8h_~._.js:1817:307)
    at Object.react_stack_bottom_frame (http://localhost:3000/_next/static/chunks/node_modules_react-dom_0bruynb._.js:13800:24)
    at renderWithHooks (http://localhost:3000/_next/static/chunks/node_modules_react-dom_0bruynb._.js:4464:24)
    at updateFunctionComponent (http://localhost:3000/_next/static/chunks/node_modules_react-dom_0bruynb._.js:5917:21)
    at beginWork (http://localhost:3000/_next/static/chunks/node_modules_react-dom_0bruynb._.js:6498:24)
    at runWithFiberInDEV (http://localhost:3000/_next/static/chunks/node_modules_react-dom_0bruynb._.js:886:74)
    at performUnitOfWork (http://localhost:3000/_next/static/chunks/node_modules_react-dom_0bruynb._.js:8894:97)
    at workLoopConcurrentByScheduler (http://localhost:3000/_next/static/chunks/node_modules_react-dom_0bruynb._.js:8890:58)
    at renderRootConcurrent (http://localhost:3000/_next/static/chunks/node_modules_react-dom_0bruynb._.js:8873:71)
    at performWorkOnRoot (http://localhost:3000/_next/static/chunks/node_modules_react-dom_0bruynb._.js:8400:150)
    at performWorkOnRootViaSchedulerTask (http://localhost:3000/_next/static/chunks/node_modules_react-dom_0bruynb._.js:9534:9)
    at MessagePort.performWorkUntilDeadline (http://localhost:3000/_next/static/chunks/node_modules_11l9xip._.js:1335:64) @ http://localhost:3000/_next/static/chunks/node_modules_next_dist_0k8zr~w._.js:1945
[   52657ms] [ERROR] Error: You have tried to read "wallet" on a WalletContext without providing one. Make sure to render a WalletProvider as an ancestor of the component that uses WalletContext.
    at logMissingProviderError (http://localhost:3000/_next/static/chunks/node_modules_11f8h_~._.js:1621:19)
    at Object.get (http://localhost:3000/_next/static/chunks/node_modules_11f8h_~._.js:1610:9)
    at useWalletMultiButton (http://localhost:3000/_next/static/chunks/node_modules_11f8h_~._.js:1642:91)
    at BaseWalletMultiButton (http://localhost:3000/_next/static/chunks/node_modules_11f8h_~._.js:1817:307)
    at Object.react_stack_bottom_frame (http://localhost:3000/_next/static/chunks/node_modules_react-dom_0bruynb._.js:13800:24)
    at renderWithHooks (http://localhost:3000/_next/static/chunks/node_modules_react-dom_0bruynb._.js:4464:24)
    at updateFunctionComponent (http://localhost:3000/_next/static/chunks/node_modules_react-dom_0bruynb._.js:5917:21)
    at beginWork (http://localhost:3000/_next/static/chunks/node_modules_react-dom_0bruynb._.js:6498:24)
    at runWithFiberInDEV (http://localhost:3000/_next/static/chunks/node_modules_react-dom_0bruynb._.js:886:74)
    at performUnitOfWork (http://localhost:3000/_next/static/chunks/node_modules_react-dom_0bruynb._.js:8894:97)
    at workLoopConcurrentByScheduler (http://localhost:3000/_next/static/chunks/node_modules_react-dom_0bruynb._.js:8890:58)
    at renderRootConcurrent (http://localhost:3000/_next/static/chunks/node_modules_react-dom_0bruynb._.js:8873:71)
    at performWorkOnRoot (http://localhost:3000/_next/static/chunks/node_modules_react-dom_0bruynb._.js:8400:150)
    at performWorkOnRootViaSchedulerTask (http://localhost:3000/_next/static/chunks/node_modules_react-dom_0bruynb._.js:9534:9)
    at MessagePort.performWorkUntilDeadline (http://localhost:3000/_next/static/chunks/node_modules_11l9xip._.js:1335:64) @ http://localhost:3000/_next/static/chunks/node_modules_next_dist_0k8zr~w._.js:1945
[   52657ms] [ERROR] Error: You have tried to read "wallets" on a WalletContext without providing one. Make sure to render a WalletProvider as an ancestor of the component that uses WalletContext.
    at logMissingProviderError (http://localhost:3000/_next/static/chunks/node_modules_11f8h_~._.js:1621:19)
    at Object.get (http://localhost:3000/_next/static/chunks/node_modules_11f8h_~._.js:1604:9)
    at useWalletMultiButton (http://localhost:3000/_next/static/chunks/node_modules_11f8h_~._.js:1642:99)
    at BaseWalletMultiButton (http://localhost:3000/_next/static/chunks/node_modules_11f8h_~._.js:1817:307)
    at Object.react_stack_bottom_frame (http://localhost:3000/_next/static/chunks/node_modules_react-dom_0bruynb._.js:13800:24)
    at renderWithHooks (http://localhost:3000/_next/static/chunks/node_modules_react-dom_0bruynb._.js:4464:24)
    at updateFunctionComponent (http://localhost:3000/_next/static/chunks/node_modules_react-dom_0bruynb._.js:5917:21)
    at beginWork (http://localhost:3000/_next/static/chunks/node_modules_react-dom_0bruynb._.js:6498:24)
    at runWithFiberInDEV (http://localhost:3000/_next/static/chunks/node_modules_react-dom_0bruynb._.js:886:74)
    at performUnitOfWork (http://localhost:3000/_next/static/chunks/node_modules_react-dom_0bruynb._.js:8894:97)
    at workLoopConcurrentByScheduler (http://localhost:3000/_next/static/chunks/node_modules_react-dom_0bruynb._.js:8890:58)
    at renderRootConcurrent (http://localhost:3000/_next/static/chunks/node_modules_react-dom_0bruynb._.js:8873:71)
    at performWorkOnRoot (http://localhost:3000/_next/static/chunks/node_modules_react-dom_0bruynb._.js:8400:150)
    at performWorkOnRootViaSchedulerTask (http://localhost:3000/_next/static/chunks/node_modules_react-dom_0bruynb._.js:9534:9)
    at MessagePort.performWorkUntilDeadline (http://localhost:3000/_next/static/chunks/node_modules_11l9xip._.js:1335:64) @ http://localhost:3000/_next/static/chunks/node_modules_next_dist_0k8zr~w._.js:1945
[   52657ms] [ERROR] Error: You have tried to read "publicKey" on a WalletContext without providing one. Make sure to render a WalletProvider as an ancestor of the component that uses WalletContext.
    at logMissingProviderError (http://localhost:3000/_next/static/chunks/node_modules_11f8h_~._.js:1621:19)
    at Object.get (http://localhost:3000/_next/static/chunks/node_modules_11f8h_~._.js:1616:9)
    at useWalletMultiButton (http://localhost:3000/_next/static/chunks/node_modules_11f8h_~._.js:1642:72)
    at BaseWalletMultiButton (http://localhost:3000/_next/static/chunks/node_modules_11f8h_~._.js:1817:307)
    at Object.react_stack_bottom_frame (http://localhost:3000/_next/static/chunks/node_modules_react-dom_0bruynb._.js:13800:24)
    at renderWithHooksAgain (http://localhost:3000/_next/static/chunks/node_modules_react-dom_0bruynb._.js:4519:24)
    at renderWithHooks (http://localhost:3000/_next/static/chunks/node_modules_react-dom_0bruynb._.js:4470:28)
    at updateFunctionComponent (http://localhost:3000/_next/static/chunks/node_modules_react-dom_0bruynb._.js:5917:21)
    at beginWork (http://localhost:3000/_next/static/chunks/node_modules_react-dom_0bruynb._.js:6498:24)
    at runWithFiberInDEV (http://localhost:3000/_next/static/chunks/node_modules_react-dom_0bruynb._.js:886:74)
    at performUnitOfWork (http://localhost:3000/_next/static/chunks/node_modules_react-dom_0bruynb._.js:8894:97)
    at workLoopConcurrentByScheduler (http://localhost:3000/_next/static/chunks/node_modules_react-dom_0bruynb._.js:8890:58)
    at renderRootConcurrent (http://localhost:3000/_next/static/chunks/node_modules_react-dom_0bruynb._.js:8873:71)
    at performWorkOnRoot (http://localhost:3000/_next/static/chunks/node_modules_react-dom_0bruynb._.js:8400:150)
    at performWorkOnRootViaSchedulerTask (http://localhost:3000/_next/static/chunks/node_modules_react-dom_0bruynb._.js:9534:9)
    at MessagePort.performWorkUntilDeadline (http://localhost:3000/_next/static/chunks/node_modules_11l9xip._.js:1335:64) @ http://localhost:3000/_next/static/chunks/node_modules_next_dist_0k8zr~w._.js:1945
[   52657ms] [ERROR] Error: You have tried to read "wallet" on a WalletContext without providing one. Make sure to render a WalletProvider as an ancestor of the component that uses WalletContext.
    at logMissingProviderError (http://localhost:3000/_next/static/chunks/node_modules_11f8h_~._.js:1621:19)
    at Object.get (http://localhost:3000/_next/static/chunks/node_modules_11f8h_~._.js:1610:9)
    at useWalletMultiButton (http://localhost:3000/_next/static/chunks/node_modules_11f8h_~._.js:1642:91)
    at BaseWalletMultiButton (http://localhost:3000/_next/static/chunks/node_modules_11f8h_~._.js:1817:307)
    at Object.react_stack_bottom_frame (http://localhost:3000/_next/static/chunks/node_modules_react-dom_0bruynb._.js:13800:24)
    at renderWithHooksAgain (http://localhost:3000/_next/static/chunks/node_modules_react-dom_0bruynb._.js:4519:24)
    at renderWithHooks (http://localhost:3000/_next/static/chunks/node_modules_react-dom_0bruynb._.js:4470:28)
    at updateFunctionComponent (http://localhost:3000/_next/static/chunks/node_modules_react-dom_0bruynb._.js:5917:21)
    at beginWork (http://localhost:3000/_next/static/chunks/node_modules_react-dom_0bruynb._.js:6498:24)
    at runWithFiberInDEV (http://localhost:3000/_next/static/chunks/node_modules_react-dom_0bruynb._.js:886:74)
    at performUnitOfWork (http://localhost:3000/_next/static/chunks/node_modules_react-dom_0bruynb._.js:8894:97)
    at workLoopConcurrentByScheduler (http://localhost:3000/_next/static/chunks/node_modules_react-dom_0bruynb._.js:8890:58)
    at renderRootConcurrent (http://localhost:3000/_next/static/chunks/node_modules_react-dom_0bruynb._.js:8873:71)
    at performWorkOnRoot (http://localhost:3000/_next/static/chunks/node_modules_react-dom_0bruynb._.js:8400:150)
    at performWorkOnRootViaSchedulerTask (http://localhost:3000/_next/static/chunks/node_modules_react-dom_0bruynb._.js:9534:9)
    at MessagePort.performWorkUntilDeadline (http://localhost:3000/_next/static/chunks/node_modules_11l9xip._.js:1335:64) @ http://localhost:3000/_next/static/chunks/node_modules_next_dist_0k8zr~w._.js:1945
[   52657ms] [ERROR] Error: You have tried to read "wallets" on a WalletContext without providing one. Make sure to render a WalletProvider as an ancestor of the component that uses WalletContext.
    at logMissingProviderError (http://localhost:3000/_next/static/chunks/node_modules_11f8h_~._.js:1621:19)
    at Object.get (http://localhost:3000/_next/static/chunks/node_modules_11f8h_~._.js:1604:9)
    at useWalletMultiButton (http://localhost:3000/_next/static/chunks/node_modules_11f8h_~._.js:1642:99)
    at BaseWalletMultiButton (http://localhost:3000/_next/static/chunks/node_modules_11f8h_~._.js:1817:307)
    at Object.react_stack_bottom_frame (http://localhost:3000/_next/static/chunks/node_modules_react-dom_0bruynb._.js:13800:24)
    at renderWithHooksAgain (http://localhost:3000/_next/static/chunks/node_modules_react-dom_0bruynb._.js:4519:24)
    at renderWithHooks (http://localhost:3000/_next/static/chunks/node_modules_react-dom_0bruynb._.js:4470:28)
    at updateFunctionComponent (http://localhost:3000/_next/static/chunks/node_modules_react-dom_0bruynb._.js:5917:21)
    at beginWork (http://localhost:3000/_next/static/chunks/node_modules_react-dom_0bruynb._.js:6498:24)
    at runWithFiberInDEV (http://localhost:3000/_next/static/chunks/node_modules_react-dom_0bruynb._.js:886:74)
    at performUnitOfWork (http://localhost:3000/_next/static/chunks/node_modules_react-dom_0bruynb._.js:8894:97)
    at workLoopConcurrentByScheduler (http://localhost:3000/_next/static/chunks/node_modules_react-dom_0bruynb._.js:8890:58)
    at renderRootConcurrent (http://localhost:3000/_next/static/chunks/node_modules_react-dom_0bruynb._.js:8873:71)
    at performWorkOnRoot (http://localhost:3000/_next/static/chunks/node_modules_react-dom_0bruynb._.js:8400:150)
    at performWorkOnRootViaSchedulerTask (http://localhost:3000/_next/static/chunks/node_modules_react-dom_0bruynb._.js:9534:9)
    at MessagePort.performWorkUntilDeadline (http://localhost:3000/_next/static/chunks/node_modules_11l9xip._.js:1335:64) @ http://localhost:3000/_next/static/chunks/node_modules_next_dist_0k8zr~w._.js:1945
[   52658ms] [ERROR] Error: You have tried to read "publicKey" on a WalletContext without providing one. Make sure to render a WalletProvider as an ancestor of the component that uses WalletContext.
    at logMissingProviderError (http://localhost:3000/_next/static/chunks/node_modules_11f8h_~._.js:1621:19)
    at Object.get (http://localhost:3000/_next/static/chunks/node_modules_11f8h_~._.js:1616:9)
    at PlaceBetModal (http://localhost:3000/_next/static/chunks/%5Broot-of-the-server%5D__01pr~vt._.js:2489:13)
    at Object.react_stack_bottom_frame (http://localhost:3000/_next/static/chunks/node_modules_react-dom_0bruynb._.js:13800:24)
    at renderWithHooks (http://localhost:3000/_next/static/chunks/node_modules_react-dom_0bruynb._.js:4464:24)
    at updateFunctionComponent (http://localhost:3000/_next/static/chunks/node_modules_react-dom_0bruynb._.js:5917:21)
    at beginWork (http://localhost:3000/_next/static/chunks/node_modules_react-dom_0bruynb._.js:6498:24)
    at runWithFiberInDEV (http://localhost:3000/_next/static/chunks/node_modules_react-dom_0bruynb._.js:886:74)
    at performUnitOfWork (http://localhost:3000/_next/static/chunks/node_modules_react-dom_0bruynb._.js:8894:97)
    at workLoopConcurrentByScheduler (http://localhost:3000/_next/static/chunks/node_modules_react-dom_0bruynb._.js:8890:58)
    at renderRootConcurrent (http://localhost:3000/_next/static/chunks/node_modules_react-dom_0bruynb._.js:8873:71)
    at performWorkOnRoot (http://localhost:3000/_next/static/chunks/node_modules_react-dom_0bruynb._.js:8400:150)
    at performWorkOnRootViaSchedulerTask (http://localhost:3000/_next/static/chunks/node_modules_react-dom_0bruynb._.js:9534:9)
    at MessagePort.performWorkUntilDeadline (http://localhost:3000/_next/static/chunks/node_modules_11l9xip._.js:1335:64) @ http://localhost:3000/_next/static/chunks/node_modules_next_dist_0k8zr~w._.js:1945
[   52658ms] [ERROR] Error: You have tried to read "publicKey" on a WalletContext without providing one. Make sure to render a WalletProvider as an ancestor of the component that uses WalletContext.
    at logMissingProviderError (http://localhost:3000/_next/static/chunks/node_modules_11f8h_~._.js:1621:19)
    at Object.get (http://localhost:3000/_next/static/chunks/node_modules_11f8h_~._.js:1616:9)
    at usePlaceBet (http://localhost:3000/_next/static/chunks/%5Broot-of-the-server%5D__01pr~vt._.js:2337:13)
    at PlaceBetModal (http://localhost:3000/_next/static/chunks/%5Broot-of-the-server%5D__01pr~vt._.js:2496:166)
    at Object.react_stack_bottom_frame (http://localhost:3000/_next/static/chunks/node_modules_react-dom_0bruynb._.js:13800:24)
    at renderWithHooks (http://localhost:3000/_next/static/chunks/node_modules_react-dom_0bruynb._.js:4464:24)
    at updateFunctionComponent (http://localhost:3000/_next/static/chunks/node_modules_react-dom_0bruynb._.js:5917:21)
    at beginWork (http://localhost:3000/_next/static/chunks/node_modules_react-dom_0bruynb._.js:6498:24)
    at runWithFiberInDEV (http://localhost:3000/_next/static/chunks/node_modules_react-dom_0bruynb._.js:886:74)
    at performUnitOfWork (http://localhost:3000/_next/static/chunks/node_modules_react-dom_0bruynb._.js:8894:97)
    at workLoopConcurrentByScheduler (http://localhost:3000/_next/static/chunks/node_modules_react-dom_0bruynb._.js:8890:58)
    at renderRootConcurrent (http://localhost:3000/_next/static/chunks/node_modules_react-dom_0bruynb._.js:8873:71)
    at performWorkOnRoot (http://localhost:3000/_next/static/chunks/node_modules_react-dom_0bruynb._.js:8400:150)
    at performWorkOnRootViaSchedulerTask (http://localhost:3000/_next/static/chunks/node_modules_react-dom_0bruynb._.js:9534:9)
    at MessagePort.performWorkUntilDeadline (http://localhost:3000/_next/static/chunks/node_modules_11l9xip._.js:1335:64) @ http://localhost:3000/_next/static/chunks/node_modules_next_dist_0k8zr~w._.js:1945
[   52658ms] [ERROR] Error: You have tried to read "publicKey" on a WalletContext without providing one. Make sure to render a WalletProvider as an ancestor of the component that uses WalletContext.
    at logMissingProviderError (http://localhost:3000/_next/static/chunks/node_modules_11f8h_~._.js:1621:19)
    at Object.get (http://localhost:3000/_next/static/chunks/node_modules_11f8h_~._.js:1616:9)
    at PlaceBetModal (http://localhost:3000/_next/static/chunks/%5Broot-of-the-server%5D__01pr~vt._.js:2489:13)
    at Object.react_stack_bottom_frame (http://localhost:3000/_next/static/chunks/node_modules_react-dom_0bruynb._.js:13800:24)
    at renderWithHooksAgain (http://localhost:3000/_next/static/chunks/node_modules_react-dom_0bruynb._.js:4519:24)
    at renderWithHooks (http://localhost:3000/_next/static/chunks/node_modules_react-dom_0bruynb._.js:4470:28)
    at updateFunctionComponent (http://localhost:3000/_next/static/chunks/node_modules_react-dom_0bruynb._.js:5917:21)
    at beginWork (http://localhost:3000/_next/static/chunks/node_modules_react-dom_0bruynb._.js:6498:24)
    at runWithFiberInDEV (http://localhost:3000/_next/static/chunks/node_modules_react-dom_0bruynb._.js:886:74)
    at performUnitOfWork (http://localhost:3000/_next/static/chunks/node_modules_react-dom_0bruynb._.js:8894:97)
    at workLoopConcurrentByScheduler (http://localhost:3000/_next/static/chunks/node_modules_react-dom_0bruynb._.js:8890:58)
    at renderRootConcurrent (http://localhost:3000/_next/static/chunks/node_modules_react-dom_0bruynb._.js:8873:71)
    at performWorkOnRoot (http://localhost:3000/_next/static/chunks/node_modules_react-dom_0bruynb._.js:8400:150)
    at performWorkOnRootViaSchedulerTask (http://localhost:3000/_next/static/chunks/node_modules_react-dom_0bruynb._.js:9534:9)
    at MessagePort.performWorkUntilDeadline (http://localhost:3000/_next/static/chunks/node_modules_11l9xip._.js:1335:64) @ http://localhost:3000/_next/static/chunks/node_modules_next_dist_0k8zr~w._.js:1945
[   52658ms] [ERROR] Error: You have tried to read "publicKey" on a WalletContext without providing one. Make sure to render a WalletProvider as an ancestor of the component that uses WalletContext.
    at logMissingProviderError (http://localhost:3000/_next/static/chunks/node_modules_11f8h_~._.js:1621:19)
    at Object.get (http://localhost:3000/_next/static/chunks/node_modules_11f8h_~._.js:1616:9)
    at usePlaceBet (http://localhost:3000/_next/static/chunks/%5Broot-of-the-server%5D__01pr~vt._.js:2337:13)
    at PlaceBetModal (http://localhost:3000/_next/static/chunks/%5Broot-of-the-server%5D__01pr~vt._.js:2496:166)
    at Object.react_stack_bottom_frame (http://localhost:3000/_next/static/chunks/node_modules_react-dom_0bruynb._.js:13800:24)
    at renderWithHooksAgain (http://localhost:3000/_next/static/chunks/node_modules_react-dom_0bruynb._.js:4519:24)
    at renderWithHooks (http://localhost:3000/_next/static/chunks/node_modules_react-dom_0bruynb._.js:4470:28)
    at updateFunctionComponent (http://localhost:3000/_next/static/chunks/node_modules_react-dom_0bruynb._.js:5917:21)
    at beginWork (http://localhost:3000/_next/static/chunks/node_modules_react-dom_0bruynb._.js:6498:24)
    at runWithFiberInDEV (http://localhost:3000/_next/static/chunks/node_modules_react-dom_0bruynb._.js:886:74)
    at performUnitOfWork (http://localhost:3000/_next/static/chunks/node_modules_react-dom_0bruynb._.js:8894:97)
    at workLoopConcurrentByScheduler (http://localhost:3000/_next/static/chunks/node_modules_react-dom_0bruynb._.js:8890:58)
    at renderRootConcurrent (http://localhost:3000/_next/static/chunks/node_modules_react-dom_0bruynb._.js:8873:71)
    at performWorkOnRoot (http://localhost:3000/_next/static/chunks/node_modules_react-dom_0bruynb._.js:8400:150)
    at performWorkOnRootViaSchedulerTask (http://localhost:3000/_next/static/chunks/node_modules_react-dom_0bruynb._.js:9534:9)
    at MessagePort.performWorkUntilDeadline (http://localhost:3000/_next/static/chunks/node_modules_11l9xip._.js:1335:64) @ http://localhost:3000/_next/static/chunks/node_modules_next_dist_0k8zr~w._.js:1945
[   52660ms] [ERROR] Error: You have tried to read "publicKey" on a WalletContext without providing one. Make sure to render a WalletProvider as an ancestor of the component that uses WalletContext.
    at logMissingProviderError (http://localhost:3000/_next/static/chunks/node_modules_11f8h_~._.js:1621:19)
    at Object.get (http://localhost:3000/_next/static/chunks/node_modules_11f8h_~._.js:1616:9)
    at useWalletMultiButton (http://localhost:3000/_next/static/chunks/node_modules_11f8h_~._.js:1642:72)
    at BaseWalletMultiButton (http://localhost:3000/_next/static/chunks/node_modules_11f8h_~._.js:1817:307)
    at Object.react_stack_bottom_frame (http://localhost:3000/_next/static/chunks/node_modules_react-dom_0bruynb._.js:13800:24)
    at renderWithHooks (http://localhost:3000/_next/static/chunks/node_modules_react-dom_0bruynb._.js:4464:24)
    at updateFunctionComponent (http://localhost:3000/_next/static/chunks/node_modules_react-dom_0bruynb._.js:5917:21)
    at beginWork (http://localhost:3000/_next/static/chunks/node_modules_react-dom_0bruynb._.js:6498:24)
    at runWithFiberInDEV (http://localhost:3000/_next/static/chunks/node_modules_react-dom_0bruynb._.js:886:74)
    at performUnitOfWork (http://localhost:3000/_next/static/chunks/node_modules_react-dom_0bruynb._.js:8894:97)
    at workLoopSync (http://localhost:3000/_next/static/chunks/node_modules_react-dom_0bruynb._.js:8788:40)
    at renderRootSync (http://localhost:3000/_next/static/chunks/node_modules_react-dom_0bruynb._.js:8772:13)
    at performWorkOnRoot (http://localhost:3000/_next/static/chunks/node_modules_react-dom_0bruynb._.js:8400:186)
    at performSyncWorkOnRoot (http://localhost:3000/_next/static/chunks/node_modules_react-dom_0bruynb._.js:9542:9)
    at flushSyncWorkAcrossRoots_impl (http://localhost:3000/_next/static/chunks/node_modules_react-dom_0bruynb._.js:9458:316)
    at flushSpawnedWork (http://localhost:3000/_next/static/chunks/node_modules_react-dom_0bruynb._.js:9219:13)
    at commitRoot (http://localhost:3000/_next/static/chunks/node_modules_react-dom_0bruynb._.js:9051:13)
    at commitRootWhenReady (http://localhost:3000/_next/static/chunks/node_modules_react-dom_0bruynb._.js:8526:9)
    at performWorkOnRoot (http://localhost:3000/_next/static/chunks/node_modules_react-dom_0bruynb._.js:8498:25)
    at performWorkOnRootViaSchedulerTask (http://localhost:3000/_next/static/chunks/node_modules_react-dom_0bruynb._.js:9534:9)
    at MessagePort.performWorkUntilDeadline (http://localhost:3000/_next/static/chunks/node_modules_11l9xip._.js:1335:64) @ http://localhost:3000/_next/static/chunks/node_modules_next_dist_0k8zr~w._.js:1945
[   52660ms] [ERROR] Error: You have tried to read "wallet" on a WalletContext without providing one. Make sure to render a WalletProvider as an ancestor of the component that uses WalletContext.
    at logMissingProviderError (http://localhost:3000/_next/static/chunks/node_modules_11f8h_~._.js:1621:19)
    at Object.get (http://localhost:3000/_next/static/chunks/node_modules_11f8h_~._.js:1610:9)
    at useWalletMultiButton (http://localhost:3000/_next/static/chunks/node_modules_11f8h_~._.js:1642:91)
    at BaseWalletMultiButton (http://localhost:3000/_next/static/chunks/node_modules_11f8h_~._.js:1817:307)
    at Object.react_stack_bottom_frame (http://localhost:3000/_next/static/chunks/node_modules_react-dom_0bruynb._.js:13800:24)
    at renderWithHooks (http://localhost:3000/_next/static/chunks/node_modules_react-dom_0bruynb._.js:4464:24)
    at updateFunctionComponent (http://localhost:3000/_next/static/chunks/node_modules_react-dom_0bruynb._.js:5917:21)
    at beginWork (http://localhost:3000/_next/static/chunks/node_modules_react-dom_0bruynb._.js:6498:24)
    at runWithFiberInDEV (http://localhost:3000/_next/static/chunks/node_modules_react-dom_0bruynb._.js:886:74)
    at performUnitOfWork (http://localhost:3000/_next/static/chunks/node_modules_react-dom_0bruynb._.js:8894:97)
    at workLoopSync (http://localhost:3000/_next/static/chunks/node_modules_react-dom_0bruynb._.js:8788:40)
    at renderRootSync (http://localhost:3000/_next/static/chunks/node_modules_react-dom_0bruynb._.js:8772:13)
    at performWorkOnRoot (http://localhost:3000/_next/static/chunks/node_modules_react-dom_0bruynb._.js:8400:186)
    at performSyncWorkOnRoot (http://localhost:3000/_next/static/chunks/node_modules_react-dom_0bruynb._.js:9542:9)
    at flushSyncWorkAcrossRoots_impl (http://localhost:3000/_next/static/chunks/node_modules_react-dom_0bruynb._.js:9458:316)
    at flushSpawnedWork (http://localhost:3000/_next/static/chunks/node_modules_react-dom_0bruynb._.js:9219:13)
    at commitRoot (http://localhost:3000/_next/static/chunks/node_modules_react-dom_0bruynb._.js:9051:13)
    at commitRootWhenReady (http://localhost:3000/_next/static/chunks/node_modules_react-dom_0bruynb._.js:8526:9)
    at performWorkOnRoot (http://localhost:3000/_next/static/chunks/node_modules_react-dom_0bruynb._.js:8498:25)
    at performWorkOnRootViaSchedulerTask (http://localhost:3000/_next/static/chunks/node_modules_react-dom_0bruynb._.js:9534:9)
    at MessagePort.performWorkUntilDeadline (http://localhost:3000/_next/static/chunks/node_modules_11l9xip._.js:1335:64) @ http://localhost:3000/_next/static/chunks/node_modules_next_dist_0k8zr~w._.js:1945
[   52660ms] [ERROR] Error: You have tried to read "wallets" on a WalletContext without providing one. Make sure to render a WalletProvider as an ancestor of the component that uses WalletContext.
    at logMissingProviderError (http://localhost:3000/_next/static/chunks/node_modules_11f8h_~._.js:1621:19)
    at Object.get (http://localhost:3000/_next/static/chunks/node_modules_11f8h_~._.js:1604:9)
    at useWalletMultiButton (http://localhost:3000/_next/static/chunks/node_modules_11f8h_~._.js:1642:99)
    at BaseWalletMultiButton (http://localhost:3000/_next/static/chunks/node_modules_11f8h_~._.js:1817:307)
    at Object.react_stack_bottom_frame (http://localhost:3000/_next/static/chunks/node_modules_react-dom_0bruynb._.js:13800:24)
    at renderWithHooks (http://localhost:3000/_next/static/chunks/node_modules_react-dom_0bruynb._.js:4464:24)
    at updateFunctionComponent (http://localhost:3000/_next/static/chunks/node_modules_react-dom_0bruynb._.js:5917:21)
    at beginWork (http://localhost:3000/_next/static/chunks/node_modules_react-dom_0bruynb._.js:6498:24)
    at runWithFiberInDEV (http://localhost:3000/_next/static/chunks/node_modules_react-dom_0bruynb._.js:886:74)
    at performUnitOfWork (http://localhost:3000/_next/static/chunks/node_modules_react-dom_0bruynb._.js:8894:97)
    at workLoopSync (http://localhost:3000/_next/static/chunks/node_modules_react-dom_0bruynb._.js:8788:40)
    at renderRootSync (http://localhost:3000/_next/static/chunks/node_modules_react-dom_0bruynb._.js:8772:13)
    at performWorkOnRoot (http://localhost:3000/_next/static/chunks/node_modules_react-dom_0bruynb._.js:8400:186)
    at performSyncWorkOnRoot (http://localhost:3000/_next/static/chunks/node_modules_react-dom_0bruynb._.js:9542:9)
    at flushSyncWorkAcrossRoots_impl (http://localhost:3000/_next/static/chunks/node_modules_react-dom_0bruynb._.js:9458:316)
    at flushSpawnedWork (http://localhost:3000/_next/static/chunks/node_modules_react-dom_0bruynb._.js:9219:13)
    at commitRoot (http://localhost:3000/_next/static/chunks/node_modules_react-dom_0bruynb._.js:9051:13)
    at commitRootWhenReady (http://localhost:3000/_next/static/chunks/node_modules_react-dom_0bruynb._.js:8526:9)
    at performWorkOnRoot (http://localhost:3000/_next/static/chunks/node_modules_react-dom_0bruynb._.js:8498:25)
    at performWorkOnRootViaSchedulerTask (http://localhost:3000/_next/static/chunks/node_modules_react-dom_0bruynb._.js:9534:9)
    at MessagePort.performWorkUntilDeadline (http://localhost:3000/_next/static/chunks/node_modules_11l9xip._.js:1335:64) @ http://localhost:3000/_next/static/chunks/node_modules_next_dist_0k8zr~w._.js:1945
[   52660ms] [ERROR] Error: You have tried to read "publicKey" on a WalletContext without providing one. Make sure to render a WalletProvider as an ancestor of the component that uses WalletContext.
    at logMissingProviderError (http://localhost:3000/_next/static/chunks/node_modules_11f8h_~._.js:1621:19)
    at Object.get (http://localhost:3000/_next/static/chunks/node_modules_11f8h_~._.js:1616:9)
    at useWalletMultiButton (http://localhost:3000/_next/static/chunks/node_modules_11f8h_~._.js:1642:72)
    at BaseWalletMultiButton (http://localhost:3000/_next/static/chunks/node_modules_11f8h_~._.js:1817:307)
    at Object.react_stack_bottom_frame (http://localhost:3000/_next/static/chunks/node_modules_react-dom_0bruynb._.js:13800:24)
    at renderWithHooksAgain (http://localhost:3000/_next/static/chunks/node_modules_react-dom_0bruynb._.js:4519:24)
    at renderWithHooks (http://localhost:3000/_next/static/chunks/node_modules_react-dom_0bruynb._.js:4470:28)
    at updateFunctionComponent (http://localhost:3000/_next/static/chunks/node_modules_react-dom_0bruynb._.js:5917:21)
    at beginWork (http://localhost:3000/_next/static/chunks/node_modules_react-dom_0bruynb._.js:6498:24)
    at runWithFiberInDEV (http://localhost:3000/_next/static/chunks/node_modules_react-dom_0bruynb._.js:886:74)
    at performUnitOfWork (http://localhost:3000/_next/static/chunks/node_modules_react-dom_0bruynb._.js:8894:97)
    at workLoopSync (http://localhost:3000/_next/static/chunks/node_modules_react-dom_0bruynb._.js:8788:40)
    at renderRootSync (http://localhost:3000/_next/static/chunks/node_modules_react-dom_0bruynb._.js:8772:13)
    at performWorkOnRoot (http://localhost:3000/_next/static/chunks/node_modules_react-dom_0bruynb._.js:8400:186)
    at performSyncWorkOnRoot (http://localhost:3000/_next/static/chunks/node_modules_react-dom_0bruynb._.js:9542:9)
    at flushSyncWorkAcrossRoots_impl (http://localhost:3000/_next/static/chunks/node_modules_react-dom_0bruynb._.js:9458:316)
    at flushSpawnedWork (http://localhost:3000/_next/static/chunks/node_modules_react-dom_0bruynb._.js:9219:13)
    at commitRoot (http://localhost:3000/_next/static/chunks/node_modules_react-dom_0bruynb._.js:9051:13)
    at commitRootWhenReady (http://localhost:3000/_next/static/chunks/node_modules_react-dom_0bruynb._.js:8526:9)
    at performWorkOnRoot (http://localhost:3000/_next/static/chunks/node_modules_react-dom_0bruynb._.js:8498:25)
    at performWorkOnRootViaSchedulerTask (http://localhost:3000/_next/static/chunks/node_modules_react-dom_0bruynb._.js:9534:9)
    at MessagePort.performWorkUntilDeadline (http://localhost:3000/_next/static/chunks/node_modules_11l9xip._.js:1335:64) @ http://localhost:3000/_next/static/chunks/node_modules_next_dist_0k8zr~w._.js:1945
[   52660ms] [ERROR] Error: You have tried to read "wallet" on a WalletContext without providing one. Make sure to render a WalletProvider as an ancestor of the component that uses WalletContext.
    at logMissingProviderError (http://localhost:3000/_next/static/chunks/node_modules_11f8h_~._.js:1621:19)
    at Object.get (http://localhost:3000/_next/static/chunks/node_modules_11f8h_~._.js:1610:9)
    at useWalletMultiButton (http://localhost:3000/_next/static/chunks/node_modules_11f8h_~._.js:1642:91)
    at BaseWalletMultiButton (http://localhost:3000/_next/static/chunks/node_modules_11f8h_~._.js:1817:307)
    at Object.react_stack_bottom_frame (http://localhost:3000/_next/static/chunks/node_modules_react-dom_0bruynb._.js:13800:24)
    at renderWithHooksAgain (http://localhost:3000/_next/static/chunks/node_modules_react-dom_0bruynb._.js:4519:24)
    at renderWithHooks (http://localhost:3000/_next/static/chunks/node_modules_react-dom_0bruynb._.js:4470:28)
    at updateFunctionComponent (http://localhost:3000/_next/static/chunks/node_modules_react-dom_0bruynb._.js:5917:21)
    at beginWork (http://localhost:3000/_next/static/chunks/node_modules_react-dom_0bruynb._.js:6498:24)
    at runWithFiberInDEV (http://localhost:3000/_next/static/chunks/node_modules_react-dom_0bruynb._.js:886:74)
    at performUnitOfWork (http://localhost:3000/_next/static/chunks/node_modules_react-dom_0bruynb._.js:8894:97)
    at workLoopSync (http://localhost:3000/_next/static/chunks/node_modules_react-dom_0bruynb._.js:8788:40)
    at renderRootSync (http://localhost:3000/_next/static/chunks/node_modules_react-dom_0bruynb._.js:8772:13)
    at performWorkOnRoot (http://localhost:3000/_next/static/chunks/node_modules_react-dom_0bruynb._.js:8400:186)
    at performSyncWorkOnRoot (http://localhost:3000/_next/static/chunks/node_modules_react-dom_0bruynb._.js:9542:9)
    at flushSyncWorkAcrossRoots_impl (http://localhost:3000/_next/static/chunks/node_modules_react-dom_0bruynb._.js:9458:316)
    at flushSpawnedWork (http://localhost:3000/_next/static/chunks/node_modules_react-dom_0bruynb._.js:9219:13)
    at commitRoot (http://localhost:3000/_next/static/chunks/node_modules_react-dom_0bruynb._.js:9051:13)
    at commitRootWhenReady (http://localhost:3000/_next/static/chunks/node_modules_react-dom_0bruynb._.js:8526:9)
    at performWorkOnRoot (http://localhost:3000/_next/static/chunks/node_modules_react-dom_0bruynb._.js:8498:25)
    at performWorkOnRootViaSchedulerTask (http://localhost:3000/_next/static/chunks/node_modules_react-dom_0bruynb._.js:9534:9)
    at MessagePort.performWorkUntilDeadline (http://localhost:3000/_next/static/chunks/node_modules_11l9xip._.js:1335:64) @ http://localhost:3000/_next/static/chunks/node_modules_next_dist_0k8zr~w._.js:1945
[   52661ms] [ERROR] Error: You have tried to read "wallets" on a WalletContext without providing one. Make sure to render a WalletProvider as an ancestor of the component that uses WalletContext.
    at logMissingProviderError (http://localhost:3000/_next/static/chunks/node_modules_11f8h_~._.js:1621:19)
    at Object.get (http://localhost:3000/_next/static/chunks/node_modules_11f8h_~._.js:1604:9)
    at useWalletMultiButton (http://localhost:3000/_next/static/chunks/node_modules_11f8h_~._.js:1642:99)
    at BaseWalletMultiButton (http://localhost:3000/_next/static/chunks/node_modules_11f8h_~._.js:1817:307)
    at Object.react_stack_bottom_frame (http://localhost:3000/_next/static/chunks/node_modules_react-dom_0bruynb._.js:13800:24)
    at renderWithHooksAgain (http://localhost:3000/_next/static/chunks/node_modules_react-dom_0bruynb._.js:4519:24)
    at renderWithHooks (http://localhost:3000/_next/static/chunks/node_modules_react-dom_0bruynb._.js:4470:28)
    at updateFunctionComponent (http://localhost:3000/_next/static/chunks/node_modules_react-dom_0bruynb._.js:5917:21)
    at beginWork (http://localhost:3000/_next/static/chunks/node_modules_react-dom_0bruynb._.js:6498:24)
    at runWithFiberInDEV (http://localhost:3000/_next/static/chunks/node_modules_react-dom_0bruynb._.js:886:74)
    at performUnitOfWork (http://localhost:3000/_next/static/chunks/node_modules_react-dom_0bruynb._.js:8894:97)
    at workLoopSync (http://localhost:3000/_next/static/chunks/node_modules_react-dom_0bruynb._.js:8788:40)
    at renderRootSync (http://localhost:3000/_next/static/chunks/node_modules_react-dom_0bruynb._.js:8772:13)
    at performWorkOnRoot (http://localhost:3000/_next/static/chunks/node_modules_react-dom_0bruynb._.js:8400:186)
    at performSyncWorkOnRoot (http://localhost:3000/_next/static/chunks/node_modules_react-dom_0bruynb._.js:9542:9)
    at flushSyncWorkAcrossRoots_impl (http://localhost:3000/_next/static/chunks/node_modules_react-dom_0bruynb._.js:9458:316)
    at flushSpawnedWork (http://localhost:3000/_next/static/chunks/node_modules_react-dom_0bruynb._.js:9219:13)
    at commitRoot (http://localhost:3000/_next/static/chunks/node_modules_react-dom_0bruynb._.js:9051:13)
    at commitRootWhenReady (http://localhost:3000/_next/static/chunks/node_modules_react-dom_0bruynb._.js:8526:9)
    at performWorkOnRoot (http://localhost:3000/_next/static/chunks/node_modules_react-dom_0bruynb._.js:8498:25)
    at performWorkOnRootViaSchedulerTask (http://localhost:3000/_next/static/chunks/node_modules_react-dom_0bruynb._.js:9534:9)
    at MessagePort.performWorkUntilDeadline (http://localhost:3000/_next/static/chunks/node_modules_11l9xip._.js:1335:64) @ http://localhost:3000/_next/static/chunks/node_modules_next_dist_0k8zr~w._.js:1945
[   54496ms] [ERROR] Error: You have tried to read "publicKey" on a WalletContext without providing one. Make sure to render a WalletProvider as an ancestor of the component that uses WalletContext.
    at logMissingProviderError (http://localhost:3000/_next/static/chunks/node_modules_11f8h_~._.js:1621:19)
    at Object.get (http://localhost:3000/_next/static/chunks/node_modules_11f8h_~._.js:1616:9)
    at SolanaConnectWallet (http://localhost:3000/_next/static/chunks/%5Broot-of-the-server%5D__13abmsj._.js:542:13)
    at Object.react_stack_bottom_frame (http://localhost:3000/_next/static/chunks/node_modules_react-dom_0bruynb._.js:13800:24)
    at renderWithHooks (http://localhost:3000/_next/static/chunks/node_modules_react-dom_0bruynb._.js:4464:24)
    at updateFunctionComponent (http://localhost:3000/_next/static/chunks/node_modules_react-dom_0bruynb._.js:5917:21)
    at beginWork (http://localhost:3000/_next/static/chunks/node_modules_react-dom_0bruynb._.js:6498:24)
    at runWithFiberInDEV (http://localhost:3000/_next/static/chunks/node_modules_react-dom_0bruynb._.js:886:74)
    at performUnitOfWork (http://localhost:3000/_next/static/chunks/node_modules_react-dom_0bruynb._.js:8894:97)
    at workLoopSync (http://localhost:3000/_next/static/chunks/node_modules_react-dom_0bruynb._.js:8788:40)
    at renderRootSync (http://localhost:3000/_next/static/chunks/node_modules_react-dom_0bruynb._.js:8772:13)
    at performWorkOnRoot (http://localhost:3000/_next/static/chunks/node_modules_react-dom_0bruynb._.js:8400:186)
    at performWorkOnRootViaSchedulerTask (http://localhost:3000/_next/static/chunks/node_modules_react-dom_0bruynb._.js:9534:9)
    at MessagePort.performWorkUntilDeadline (http://localhost:3000/_next/static/chunks/node_modules_11l9xip._.js:1335:64) @ http://localhost:3000/_next/static/chunks/node_modules_next_dist_0k8zr~w._.js:1945
[   54497ms] [ERROR] Error: You have tried to read "publicKey" on a WalletContext without providing one. Make sure to render a WalletProvider as an ancestor of the component that uses WalletContext.
    at logMissingProviderError (http://localhost:3000/_next/static/chunks/node_modules_11f8h_~._.js:1621:19)
    at Object.get (http://localhost:3000/_next/static/chunks/node_modules_11f8h_~._.js:1616:9)
    at SolanaConnectWallet (http://localhost:3000/_next/static/chunks/%5Broot-of-the-server%5D__13abmsj._.js:542:13)
    at Object.react_stack_bottom_frame (http://localhost:3000/_next/static/chunks/node_modules_react-dom_0bruynb._.js:13800:24)
    at renderWithHooksAgain (http://localhost:3000/_next/static/chunks/node_modules_react-dom_0bruynb._.js:4519:24)
    at renderWithHooks (http://localhost:3000/_next/static/chunks/node_modules_react-dom_0bruynb._.js:4470:28)
    at updateFunctionComponent (http://localhost:3000/_next/static/chunks/node_modules_react-dom_0bruynb._.js:5917:21)
    at beginWork (http://localhost:3000/_next/static/chunks/node_modules_react-dom_0bruynb._.js:6498:24)
    at runWithFiberInDEV (http://localhost:3000/_next/static/chunks/node_modules_react-dom_0bruynb._.js:886:74)
    at performUnitOfWork (http://localhost:3000/_next/static/chunks/node_modules_react-dom_0bruynb._.js:8894:97)
    at workLoopSync (http://localhost:3000/_next/static/chunks/node_modules_react-dom_0bruynb._.js:8788:40)
    at renderRootSync (http://localhost:3000/_next/static/chunks/node_modules_react-dom_0bruynb._.js:8772:13)
    at performWorkOnRoot (http://localhost:3000/_next/static/chunks/node_modules_react-dom_0bruynb._.js:8400:186)
    at performWorkOnRootViaSchedulerTask (http://localhost:3000/_next/static/chunks/node_modules_react-dom_0bruynb._.js:9534:9)
    at MessagePort.performWorkUntilDeadline (http://localhost:3000/_next/static/chunks/node_modules_11l9xip._.js:1335:64) @ http://localhost:3000/_next/static/chunks/node_modules_next_dist_0k8zr~w._.js:1945
[   54497ms] [ERROR] Error: You have tried to read "publicKey" on a WalletContext without providing one. Make sure to render a WalletProvider as an ancestor of the component that uses WalletContext.
    at logMissingProviderError (http://localhost:3000/_next/static/chunks/node_modules_11f8h_~._.js:1621:19)
    at Object.get (http://localhost:3000/_next/static/chunks/node_modules_11f8h_~._.js:1616:9)
    at useWalletMultiButton (http://localhost:3000/_next/static/chunks/node_modules_11f8h_~._.js:1642:72)
    at BaseWalletMultiButton (http://localhost:3000/_next/static/chunks/node_modules_11f8h_~._.js:1817:307)
    at Object.react_stack_bottom_frame (http://localhost:3000/_next/static/chunks/node_modules_react-dom_0bruynb._.js:13800:24)
    at renderWithHooks (http://localhost:3000/_next/static/chunks/node_modules_react-dom_0bruynb._.js:4464:24)
    at updateFunctionComponent (http://localhost:3000/_next/static/chunks/node_modules_react-dom_0bruynb._.js:5917:21)
    at beginWork (http://localhost:3000/_next/static/chunks/node_modules_react-dom_0bruynb._.js:6498:24)
    at runWithFiberInDEV (http://localhost:3000/_next/static/chunks/node_modules_react-dom_0bruynb._.js:886:74)
    at performUnitOfWork (http://localhost:3000/_next/static/chunks/node_modules_react-dom_0bruynb._.js:8894:97)
    at workLoopSync (http://localhost:3000/_next/static/chunks/node_modules_react-dom_0bruynb._.js:8788:40)
    at renderRootSync (http://localhost:3000/_next/static/chunks/node_modules_react-dom_0bruynb._.js:8772:13)
    at performWorkOnRoot (http://localhost:3000/_next/static/chunks/node_modules_react-dom_0bruynb._.js:8400:186)
    at performWorkOnRootViaSchedulerTask (http://localhost:3000/_next/static/chunks/node_modules_react-dom_0bruynb._.js:9534:9)
    at MessagePort.performWorkUntilDeadline (http://localhost:3000/_next/static/chunks/node_modules_11l9xip._.js:1335:64) @ http://localhost:3000/_next/static/chunks/node_modules_next_dist_0k8zr~w._.js:1945
[   54498ms] [ERROR] Error: You have tried to read "wallet" on a WalletContext without providing one. Make sure to render a WalletProvider as an ancestor of the component that uses WalletContext.
    at logMissingProviderError (http://localhost:3000/_next/static/chunks/node_modules_11f8h_~._.js:1621:19)
    at Object.get (http://localhost:3000/_next/static/chunks/node_modules_11f8h_~._.js:1610:9)
    at useWalletMultiButton (http://localhost:3000/_next/static/chunks/node_modules_11f8h_~._.js:1642:91)
    at BaseWalletMultiButton (http://localhost:3000/_next/static/chunks/node_modules_11f8h_~._.js:1817:307)
    at Object.react_stack_bottom_frame (http://localhost:3000/_next/static/chunks/node_modules_react-dom_0bruynb._.js:13800:24)
    at renderWithHooks (http://localhost:3000/_next/static/chunks/node_modules_react-dom_0bruynb._.js:4464:24)
    at updateFunctionComponent (http://localhost:3000/_next/static/chunks/node_modules_react-dom_0bruynb._.js:5917:21)
    at beginWork (http://localhost:3000/_next/static/chunks/node_modules_react-dom_0bruynb._.js:6498:24)
    at runWithFiberInDEV (http://localhost:3000/_next/static/chunks/node_modules_react-dom_0bruynb._.js:886:74)
    at performUnitOfWork (http://localhost:3000/_next/static/chunks/node_modules_react-dom_0bruynb._.js:8894:97)
    at workLoopSync (http://localhost:3000/_next/static/chunks/node_modules_react-dom_0bruynb._.js:8788:40)
    at renderRootSync (http://localhost:3000/_next/static/chunks/node_modules_react-dom_0bruynb._.js:8772:13)
    at performWorkOnRoot (http://localhost:3000/_next/static/chunks/node_modules_react-dom_0bruynb._.js:8400:186)
    at performWorkOnRootViaSchedulerTask (http://localhost:3000/_next/static/chunks/node_modules_react-dom_0bruynb._.js:9534:9)
    at MessagePort.performWorkUntilDeadline (http://localhost:3000/_next/static/chunks/node_modules_11l9xip._.js:1335:64) @ http://localhost:3000/_next/static/chunks/node_modules_next_dist_0k8zr~w._.js:1945
[   54498ms] [ERROR] Error: You have tried to read "wallets" on a WalletContext without providing one. Make sure to render a WalletProvider as an ancestor of the component that uses WalletContext.
    at logMissingProviderError (http://localhost:3000/_next/static/chunks/node_modules_11f8h_~._.js:1621:19)
    at Object.get (http://localhost:3000/_next/static/chunks/node_modules_11f8h_~._.js:1604:9)
    at useWalletMultiButton (http://localhost:3000/_next/static/chunks/node_modules_11f8h_~._.js:1642:99)
    at BaseWalletMultiButton (http://localhost:3000/_next/static/chunks/node_modules_11f8h_~._.js:1817:307)
    at Object.react_stack_bottom_frame (http://localhost:3000/_next/static/chunks/node_modules_react-dom_0bruynb._.js:13800:24)
    at renderWithHooks (http://localhost:3000/_next/static/chunks/node_modules_react-dom_0bruynb._.js:4464:24)
    at updateFunctionComponent (http://localhost:3000/_next/static/chunks/node_modules_react-dom_0bruynb._.js:5917:21)
    at beginWork (http://localhost:3000/_next/static/chunks/node_modules_react-dom_0bruynb._.js:6498:24)
    at runWithFiberInDEV (http://localhost:3000/_next/static/chunks/node_modules_react-dom_0bruynb._.js:886:74)
    at performUnitOfWork (http://localhost:3000/_next/static/chunks/node_modules_react-dom_0bruynb._.js:8894:97)
    at workLoopSync (http://localhost:3000/_next/static/chunks/node_modules_react-dom_0bruynb._.js:8788:40)
    at renderRootSync (http://localhost:3000/_next/static/chunks/node_modules_react-dom_0bruynb._.js:8772:13)
    at performWorkOnRoot (http://localhost:3000/_next/static/chunks/node_modules_react-dom_0bruynb._.js:8400:186)
    at performWorkOnRootViaSchedulerTask (http://localhost:3000/_next/static/chunks/node_modules_react-dom_0bruynb._.js:9534:9)
    at MessagePort.performWorkUntilDeadline (http://localhost:3000/_next/static/chunks/node_modules_11l9xip._.js:1335:64) @ http://localhost:3000/_next/static/chunks/node_modules_next_dist_0k8zr~w._.js:1945
[   54498ms] [ERROR] Error: You have tried to read "publicKey" on a WalletContext without providing one. Make sure to render a WalletProvider as an ancestor of the component that uses WalletContext.
    at logMissingProviderError (http://localhost:3000/_next/static/chunks/node_modules_11f8h_~._.js:1621:19)
    at Object.get (http://localhost:3000/_next/static/chunks/node_modules_11f8h_~._.js:1616:9)
    at useWalletMultiButton (http://localhost:3000/_next/static/chunks/node_modules_11f8h_~._.js:1642:72)
    at BaseWalletMultiButton (http://localhost:3000/_next/static/chunks/node_modules_11f8h_~._.js:1817:307)
    at Object.react_stack_bottom_frame (http://localhost:3000/_next/static/chunks/node_modules_react-dom_0bruynb._.js:13800:24)
    at renderWithHooksAgain (http://localhost:3000/_next/static/chunks/node_modules_react-dom_0bruynb._.js:4519:24)
    at renderWithHooks (http://localhost:3000/_next/static/chunks/node_modules_react-dom_0bruynb._.js:4470:28)
    at updateFunctionComponent (http://localhost:3000/_next/static/chunks/node_modules_react-dom_0bruynb._.js:5917:21)
    at beginWork (http://localhost:3000/_next/static/chunks/node_modules_react-dom_0bruynb._.js:6498:24)
    at runWithFiberInDEV (http://localhost:3000/_next/static/chunks/node_modules_react-dom_0bruynb._.js:886:74)
    at performUnitOfWork (http://localhost:3000/_next/static/chunks/node_modules_react-dom_0bruynb._.js:8894:97)
    at workLoopSync (http://localhost:3000/_next/static/chunks/node_modules_react-dom_0bruynb._.js:8788:40)
    at renderRootSync (http://localhost:3000/_next/static/chunks/node_modules_react-dom_0bruynb._.js:8772:13)
    at performWorkOnRoot (http://localhost:3000/_next/static/chunks/node_modules_react-dom_0bruynb._.js:8400:186)
    at performWorkOnRootViaSchedulerTask (http://localhost:3000/_next/static/chunks/node_modules_react-dom_0bruynb._.js:9534:9)
    at MessagePort.performWorkUntilDeadline (http://localhost:3000/_next/static/chunks/node_modules_11l9xip._.js:1335:64) @ http://localhost:3000/_next/static/chunks/node_modules_next_dist_0k8zr~w._.js:1945
[   54498ms] [ERROR] Error: You have tried to read "wallet" on a WalletContext without providing one. Make sure to render a WalletProvider as an ancestor of the component that uses WalletContext.
    at logMissingProviderError (http://localhost:3000/_next/static/chunks/node_modules_11f8h_~._.js:1621:19)
    at Object.get (http://localhost:3000/_next/static/chunks/node_modules_11f8h_~._.js:1610:9)
    at useWalletMultiButton (http://localhost:3000/_next/static/chunks/node_modules_11f8h_~._.js:1642:91)
    at BaseWalletMultiButton (http://localhost:3000/_next/static/chunks/node_modules_11f8h_~._.js:1817:307)
    at Object.react_stack_bottom_frame (http://localhost:3000/_next/static/chunks/node_modules_react-dom_0bruynb._.js:13800:24)
    at renderWithHooksAgain (http://localhost:3000/_next/static/chunks/node_modules_react-dom_0bruynb._.js:4519:24)
    at renderWithHooks (http://localhost:3000/_next/static/chunks/node_modules_react-dom_0bruynb._.js:4470:28)
    at updateFunctionComponent (http://localhost:3000/_next/static/chunks/node_modules_react-dom_0bruynb._.js:5917:21)
    at beginWork (http://localhost:3000/_next/static/chunks/node_modules_react-dom_0bruynb._.js:6498:24)
    at runWithFiberInDEV (http://localhost:3000/_next/static/chunks/node_modules_react-dom_0bruynb._.js:886:74)
    at performUnitOfWork (http://localhost:3000/_next/static/chunks/node_modules_react-dom_0bruynb._.js:8894:97)
    at workLoopSync (http://localhost:3000/_next/static/chunks/node_modules_react-dom_0bruynb._.js:8788:40)
    at renderRootSync (http://localhost:3000/_next/static/chunks/node_modules_react-dom_0bruynb._.js:8772:13)
    at performWorkOnRoot (http://localhost:3000/_next/static/chunks/node_modules_react-dom_0bruynb._.js:8400:186)
    at performWorkOnRootViaSchedulerTask (http://localhost:3000/_next/static/chunks/node_modules_react-dom_0bruynb._.js:9534:9)
    at MessagePort.performWorkUntilDeadline (http://localhost:3000/_next/static/chunks/node_modules_11l9xip._.js:1335:64) @ http://localhost:3000/_next/static/chunks/node_modules_next_dist_0k8zr~w._.js:1945
[   54498ms] [ERROR] Error: You have tried to read "wallets" on a WalletContext without providing one. Make sure to render a WalletProvider as an ancestor of the component that uses WalletContext.
    at logMissingProviderError (http://localhost:3000/_next/static/chunks/node_modules_11f8h_~._.js:1621:19)
    at Object.get (http://localhost:3000/_next/static/chunks/node_modules_11f8h_~._.js:1604:9)
    at useWalletMultiButton (http://localhost:3000/_next/static/chunks/node_modules_11f8h_~._.js:1642:99)
    at BaseWalletMultiButton (http://localhost:3000/_next/static/chunks/node_modules_11f8h_~._.js:1817:307)
    at Object.react_stack_bottom_frame (http://localhost:3000/_next/static/chunks/node_modules_react-dom_0bruynb._.js:13800:24)
    at renderWithHooksAgain (http://localhost:3000/_next/static/chunks/node_modules_react-dom_0bruynb._.js:4519:24)
    at renderWithHooks (http://localhost:3000/_next/static/chunks/node_modules_react-dom_0bruynb._.js:4470:28)
    at updateFunctionComponent (http://localhost:3000/_next/static/chunks/node_modules_react-dom_0bruynb._.js:5917:21)
    at beginWork (http://localhost:3000/_next/static/chunks/node_modules_react-dom_0bruynb._.js:6498:24)
    at runWithFiberInDEV (http://localhost:3000/_next/static/chunks/node_modules_react-dom_0bruynb._.js:886:74)
    at performUnitOfWork (http://localhost:3000/_next/static/chunks/node_modules_react-dom_0bruynb._.js:8894:97)
    at workLoopSync (http://localhost:3000/_next/static/chunks/node_modules_react-dom_0bruynb._.js:8788:40)
    at renderRootSync (http://localhost:3000/_next/static/chunks/node_modules_react-dom_0bruynb._.js:8772:13)
    at performWorkOnRoot (http://localhost:3000/_next/static/chunks/node_modules_react-dom_0bruynb._.js:8400:186)
    at performWorkOnRootViaSchedulerTask (http://localhost:3000/_next/static/chunks/node_modules_react-dom_0bruynb._.js:9534:9)
    at MessagePort.performWorkUntilDeadline (http://localhost:3000/_next/static/chunks/node_modules_11l9xip._.js:1335:64) @ http://localhost:3000/_next/static/chunks/node_modules_next_dist_0k8zr~w._.js:1945
[   54499ms] [ERROR] Error: You have tried to read "publicKey" on a WalletContext without providing one. Make sure to render a WalletProvider as an ancestor of the component that uses WalletContext.
    at logMissingProviderError (http://localhost:3000/_next/static/chunks/node_modules_11f8h_~._.js:1621:19)
    at Object.get (http://localhost:3000/_next/static/chunks/node_modules_11f8h_~._.js:1616:9)
    at PlaceBetModal (http://localhost:3000/_next/static/chunks/%5Broot-of-the-server%5D__01pr~vt._.js:2489:13)
    at Object.react_stack_bottom_frame (http://localhost:3000/_next/static/chunks/node_modules_react-dom_0bruynb._.js:13800:24)
    at renderWithHooks (http://localhost:3000/_next/static/chunks/node_modules_react-dom_0bruynb._.js:4464:24)
    at updateFunctionComponent (http://localhost:3000/_next/static/chunks/node_modules_react-dom_0bruynb._.js:5917:21)
    at beginWork (http://localhost:3000/_next/static/chunks/node_modules_react-dom_0bruynb._.js:6498:24)
    at runWithFiberInDEV (http://localhost:3000/_next/static/chunks/node_modules_react-dom_0bruynb._.js:886:74)
    at performUnitOfWork (http://localhost:3000/_next/static/chunks/node_modules_react-dom_0bruynb._.js:8894:97)
    at workLoopSync (http://localhost:3000/_next/static/chunks/node_modules_react-dom_0bruynb._.js:8788:40)
    at renderRootSync (http://localhost:3000/_next/static/chunks/node_modules_react-dom_0bruynb._.js:8772:13)
    at performWorkOnRoot (http://localhost:3000/_next/static/chunks/node_modules_react-dom_0bruynb._.js:8400:186)
    at performWorkOnRootViaSchedulerTask (http://localhost:3000/_next/static/chunks/node_modules_react-dom_0bruynb._.js:9534:9)
    at MessagePort.performWorkUntilDeadline (http://localhost:3000/_next/static/chunks/node_modules_11l9xip._.js:1335:64) @ http://localhost:3000/_next/static/chunks/node_modules_next_dist_0k8zr~w._.js:1945
[   54499ms] [ERROR] Error: You have tried to read "publicKey" on a WalletContext without providing one. Make sure to render a WalletProvider as an ancestor of the component that uses WalletContext.
    at logMissingProviderError (http://localhost:3000/_next/static/chunks/node_modules_11f8h_~._.js:1621:19)
    at Object.get (http://localhost:3000/_next/static/chunks/node_modules_11f8h_~._.js:1616:9)
    at usePlaceBet (http://localhost:3000/_next/static/chunks/%5Broot-of-the-server%5D__01pr~vt._.js:2337:13)
    at PlaceBetModal (http://localhost:3000/_next/static/chunks/%5Broot-of-the-server%5D__01pr~vt._.js:2496:166)
    at Object.react_stack_bottom_frame (http://localhost:3000/_next/static/chunks/node_modules_react-dom_0bruynb._.js:13800:24)
    at renderWithHooks (http://localhost:3000/_next/static/chunks/node_modules_react-dom_0bruynb._.js:4464:24)
    at updateFunctionComponent (http://localhost:3000/_next/static/chunks/node_modules_react-dom_0bruynb._.js:5917:21)
    at beginWork (http://localhost:3000/_next/static/chunks/node_modules_react-dom_0bruynb._.js:6498:24)
    at runWithFiberInDEV (http://localhost:3000/_next/static/chunks/node_modules_react-dom_0bruynb._.js:886:74)
    at performUnitOfWork (http://localhost:3000/_next/static/chunks/node_modules_react-dom_0bruynb._.js:8894:97)
    at workLoopSync (http://localhost:3000/_next/static/chunks/node_modules_react-dom_0bruynb._.js:8788:40)
    at renderRootSync (http://localhost:3000/_next/static/chunks/node_modules_react-dom_0bruynb._.js:8772:13)
    at performWorkOnRoot (http://localhost:3000/_next/static/chunks/node_modules_react-dom_0bruynb._.js:8400:186)
    at performWorkOnRootViaSchedulerTask (http://localhost:3000/_next/static/chunks/node_modules_react-dom_0bruynb._.js:9534:9)
    at MessagePort.performWorkUntilDeadline (http://localhost:3000/_next/static/chunks/node_modules_11l9xip._.js:1335:64) @ http://localhost:3000/_next/static/chunks/node_modules_next_dist_0k8zr~w._.js:1945
[   54499ms] [ERROR] Error: You have tried to read "publicKey" on a WalletContext without providing one. Make sure to render a WalletProvider as an ancestor of the component that uses WalletContext.
    at logMissingProviderError (http://localhost:3000/_next/static/chunks/node_modules_11f8h_~._.js:1621:19)
    at Object.get (http://localhost:3000/_next/static/chunks/node_modules_11f8h_~._.js:1616:9)
    at PlaceBetModal (http://localhost:3000/_next/static/chunks/%5Broot-of-the-server%5D__01pr~vt._.js:2489:13)
    at Object.react_stack_bottom_frame (http://localhost:3000/_next/static/chunks/node_modules_react-dom_0bruynb._.js:13800:24)
    at renderWithHooksAgain (http://localhost:3000/_next/static/chunks/node_modules_react-dom_0bruynb._.js:4519:24)
    at renderWithHooks (http://localhost:3000/_next/static/chunks/node_modules_react-dom_0bruynb._.js:4470:28)
    at updateFunctionComponent (http://localhost:3000/_next/static/chunks/node_modules_react-dom_0bruynb._.js:5917:21)
    at beginWork (http://localhost:3000/_next/static/chunks/node_modules_react-dom_0bruynb._.js:6498:24)
    at runWithFiberInDEV (http://localhost:3000/_next/static/chunks/node_modules_react-dom_0bruynb._.js:886:74)
    at performUnitOfWork (http://localhost:3000/_next/static/chunks/node_modules_react-dom_0bruynb._.js:8894:97)
    at workLoopSync (http://localhost:3000/_next/static/chunks/node_modules_react-dom_0bruynb._.js:8788:40)
    at renderRootSync (http://localhost:3000/_next/static/chunks/node_modules_react-dom_0bruynb._.js:8772:13)
    at performWorkOnRoot (http://localhost:3000/_next/static/chunks/node_modules_react-dom_0bruynb._.js:8400:186)
    at performWorkOnRootViaSchedulerTask (http://localhost:3000/_next/static/chunks/node_modules_react-dom_0bruynb._.js:9534:9)
    at MessagePort.performWorkUntilDeadline (http://localhost:3000/_next/static/chunks/node_modules_11l9xip._.js:1335:64) @ http://localhost:3000/_next/static/chunks/node_modules_next_dist_0k8zr~w._.js:1945
[   54500ms] [ERROR] Error: You have tried to read "publicKey" on a WalletContext without providing one. Make sure to render a WalletProvider as an ancestor of the component that uses WalletContext.
    at logMissingProviderError (http://localhost:3000/_next/static/chunks/node_modules_11f8h_~._.js:1621:19)
    at Object.get (http://localhost:3000/_next/static/chunks/node_modules_11f8h_~._.js:1616:9)
    at usePlaceBet (http://localhost:3000/_next/static/chunks/%5Broot-of-the-server%5D__01pr~vt._.js:2337:13)
    at PlaceBetModal (http://localhost:3000/_next/static/chunks/%5Broot-of-the-server%5D__01pr~vt._.js:2496:166)
    at Object.react_stack_bottom_frame (http://localhost:3000/_next/static/chunks/node_modules_react-dom_0bruynb._.js:13800:24)
    at renderWithHooksAgain (http://localhost:3000/_next/static/chunks/node_modules_react-dom_0bruynb._.js:4519:24)
    at renderWithHooks (http://localhost:3000/_next/static/chunks/node_modules_react-dom_0bruynb._.js:4470:28)
    at updateFunctionComponent (http://localhost:3000/_next/static/chunks/node_modules_react-dom_0bruynb._.js:5917:21)
    at beginWork (http://localhost:3000/_next/static/chunks/node_modules_react-dom_0bruynb._.js:6498:24)
    at runWithFiberInDEV (http://localhost:3000/_next/static/chunks/node_modules_react-dom_0bruynb._.js:886:74)
    at performUnitOfWork (http://localhost:3000/_next/static/chunks/node_modules_react-dom_0bruynb._.js:8894:97)
    at workLoopSync (http://localhost:3000/_next/static/chunks/node_modules_react-dom_0bruynb._.js:8788:40)
    at renderRootSync (http://localhost:3000/_next/static/chunks/node_modules_react-dom_0bruynb._.js:8772:13)
    at performWorkOnRoot (http://localhost:3000/_next/static/chunks/node_modules_react-dom_0bruynb._.js:8400:186)
    at performWorkOnRootViaSchedulerTask (http://localhost:3000/_next/static/chunks/node_modules_react-dom_0bruynb._.js:9534:9)
    at MessagePort.performWorkUntilDeadline (http://localhost:3000/_next/static/chunks/node_modules_11l9xip._.js:1335:64) @ http://localhost:3000/_next/static/chunks/node_modules_next_dist_0k8zr~w._.js:1945
[   55480ms] [ERROR] Error: You have tried to read "publicKey" on a WalletContext without providing one. Make sure to render a WalletProvider as an ancestor of the component that uses WalletContext.
    at logMissingProviderError (http://localhost:3000/_next/static/chunks/node_modules_11f8h_~._.js:1621:19)
    at Object.get (http://localhost:3000/_next/static/chunks/node_modules_11f8h_~._.js:1616:9)
    at SolanaConnectWallet (http://localhost:3000/_next/static/chunks/%5Broot-of-the-server%5D__13abmsj._.js:542:13)
    at Object.react_stack_bottom_frame (http://localhost:3000/_next/static/chunks/node_modules_react-dom_0bruynb._.js:13800:24)
    at renderWithHooks (http://localhost:3000/_next/static/chunks/node_modules_react-dom_0bruynb._.js:4464:24)
    at updateFunctionComponent (http://localhost:3000/_next/static/chunks/node_modules_react-dom_0bruynb._.js:5917:21)
    at beginWork (http://localhost:3000/_next/static/chunks/node_modules_react-dom_0bruynb._.js:6498:24)
    at runWithFiberInDEV (http://localhost:3000/_next/static/chunks/node_modules_react-dom_0bruynb._.js:886:74)
    at performUnitOfWork (http://localhost:3000/_next/static/chunks/node_modules_react-dom_0bruynb._.js:8894:97)
    at workLoopConcurrentByScheduler (http://localhost:3000/_next/static/chunks/node_modules_react-dom_0bruynb._.js:8890:58)
    at renderRootConcurrent (http://localhost:3000/_next/static/chunks/node_modules_react-dom_0bruynb._.js:8873:71)
    at performWorkOnRoot (http://localhost:3000/_next/static/chunks/node_modules_react-dom_0bruynb._.js:8400:150)
    at performWorkOnRootViaSchedulerTask (http://localhost:3000/_next/static/chunks/node_modules_react-dom_0bruynb._.js:9534:9)
    at MessagePort.performWorkUntilDeadline (http://localhost:3000/_next/static/chunks/node_modules_11l9xip._.js:1335:64) @ http://localhost:3000/_next/static/chunks/node_modules_next_dist_0k8zr~w._.js:1945
[   55480ms] [ERROR] Error: You have tried to read "publicKey" on a WalletContext without providing one. Make sure to render a WalletProvider as an ancestor of the component that uses WalletContext.
    at logMissingProviderError (http://localhost:3000/_next/static/chunks/node_modules_11f8h_~._.js:1621:19)
    at Object.get (http://localhost:3000/_next/static/chunks/node_modules_11f8h_~._.js:1616:9)
    at SolanaConnectWallet (http://localhost:3000/_next/static/chunks/%5Broot-of-the-server%5D__13abmsj._.js:542:13)
    at Object.react_stack_bottom_frame (http://localhost:3000/_next/static/chunks/node_modules_react-dom_0bruynb._.js:13800:24)
    at renderWithHooksAgain (http://localhost:3000/_next/static/chunks/node_modules_react-dom_0bruynb._.js:4519:24)
    at renderWithHooks (http://localhost:3000/_next/static/chunks/node_modules_react-dom_0bruynb._.js:4470:28)
    at updateFunctionComponent (http://localhost:3000/_next/static/chunks/node_modules_react-dom_0bruynb._.js:5917:21)
    at beginWork (http://localhost:3000/_next/static/chunks/node_modules_react-dom_0bruynb._.js:6498:24)
    at runWithFiberInDEV (http://localhost:3000/_next/static/chunks/node_modules_react-dom_0bruynb._.js:886:74)
    at performUnitOfWork (http://localhost:3000/_next/static/chunks/node_modules_react-dom_0bruynb._.js:8894:97)
    at workLoopConcurrentByScheduler (http://localhost:3000/_next/static/chunks/node_modules_react-dom_0bruynb._.js:8890:58)
    at renderRootConcurrent (http://localhost:3000/_next/static/chunks/node_modules_react-dom_0bruynb._.js:8873:71)
    at performWorkOnRoot (http://localhost:3000/_next/static/chunks/node_modules_react-dom_0bruynb._.js:8400:150)
    at performWorkOnRootViaSchedulerTask (http://localhost:3000/_next/static/chunks/node_modules_react-dom_0bruynb._.js:9534:9)
    at MessagePort.performWorkUntilDeadline (http://localhost:3000/_next/static/chunks/node_modules_11l9xip._.js:1335:64) @ http://localhost:3000/_next/static/chunks/node_modules_next_dist_0k8zr~w._.js:1945
[   55490ms] [ERROR] Error: You have tried to read "publicKey" on a WalletContext without providing one. Make sure to render a WalletProvider as an ancestor of the component that uses WalletContext.
    at logMissingProviderError (http://localhost:3000/_next/static/chunks/node_modules_11f8h_~._.js:1621:19)
    at Object.get (http://localhost:3000/_next/static/chunks/node_modules_11f8h_~._.js:1616:9)
    at useWalletMultiButton (http://localhost:3000/_next/static/chunks/node_modules_11f8h_~._.js:1642:72)
    at BaseWalletMultiButton (http://localhost:3000/_next/static/chunks/node_modules_11f8h_~._.js:1817:307)
    at Object.react_stack_bottom_frame (http://localhost:3000/_next/static/chunks/node_modules_react-dom_0bruynb._.js:13800:24)
    at renderWithHooks (http://localhost:3000/_next/static/chunks/node_modules_react-dom_0bruynb._.js:4464:24)
    at updateFunctionComponent (http://localhost:3000/_next/static/chunks/node_modules_react-dom_0bruynb._.js:5917:21)
    at beginWork (http://localhost:3000/_next/static/chunks/node_modules_react-dom_0bruynb._.js:6498:24)
    at runWithFiberInDEV (http://localhost:3000/_next/static/chunks/node_modules_react-dom_0bruynb._.js:886:74)
    at performUnitOfWork (http://localhost:3000/_next/static/chunks/node_modules_react-dom_0bruynb._.js:8894:97)
    at workLoopConcurrentByScheduler (http://localhost:3000/_next/static/chunks/node_modules_react-dom_0bruynb._.js:8890:58)
    at renderRootConcurrent (http://localhost:3000/_next/static/chunks/node_modules_react-dom_0bruynb._.js:8873:71)
    at performWorkOnRoot (http://localhost:3000/_next/static/chunks/node_modules_react-dom_0bruynb._.js:8400:150)
    at performWorkOnRootViaSchedulerTask (http://localhost:3000/_next/static/chunks/node_modules_react-dom_0bruynb._.js:9534:9)
    at MessagePort.performWorkUntilDeadline (http://localhost:3000/_next/static/chunks/node_modules_11l9xip._.js:1335:64) @ http://localhost:3000/_next/static/chunks/node_modules_next_dist_0k8zr~w._.js:1945
[   55490ms] [ERROR] Error: You have tried to read "wallet" on a WalletContext without providing one. Make sure to render a WalletProvider as an ancestor of the component that uses WalletContext.
    at logMissingProviderError (http://localhost:3000/_next/static/chunks/node_modules_11f8h_~._.js:1621:19)
    at Object.get (http://localhost:3000/_next/static/chunks/node_modules_11f8h_~._.js:1610:9)
    at useWalletMultiButton (http://localhost:3000/_next/static/chunks/node_modules_11f8h_~._.js:1642:91)
    at BaseWalletMultiButton (http://localhost:3000/_next/static/chunks/node_modules_11f8h_~._.js:1817:307)
    at Object.react_stack_bottom_frame (http://localhost:3000/_next/static/chunks/node_modules_react-dom_0bruynb._.js:13800:24)
    at renderWithHooks (http://localhost:3000/_next/static/chunks/node_modules_react-dom_0bruynb._.js:4464:24)
    at updateFunctionComponent (http://localhost:3000/_next/static/chunks/node_modules_react-dom_0bruynb._.js:5917:21)
    at beginWork (http://localhost:3000/_next/static/chunks/node_modules_react-dom_0bruynb._.js:6498:24)
    at runWithFiberInDEV (http://localhost:3000/_next/static/chunks/node_modules_react-dom_0bruynb._.js:886:74)
    at performUnitOfWork (http://localhost:3000/_next/static/chunks/node_modules_react-dom_0bruynb._.js:8894:97)
    at workLoopConcurrentByScheduler (http://localhost:3000/_next/static/chunks/node_modules_react-dom_0bruynb._.js:8890:58)
    at renderRootConcurrent (http://localhost:3000/_next/static/chunks/node_modules_react-dom_0bruynb._.js:8873:71)
    at performWorkOnRoot (http://localhost:3000/_next/static/chunks/node_modules_react-dom_0bruynb._.js:8400:150)
    at performWorkOnRootViaSchedulerTask (http://localhost:3000/_next/static/chunks/node_modules_react-dom_0bruynb._.js:9534:9)
    at MessagePort.performWorkUntilDeadline (http://localhost:3000/_next/static/chunks/node_modules_11l9xip._.js:1335:64) @ http://localhost:3000/_next/static/chunks/node_modules_next_dist_0k8zr~w._.js:1945
[   55490ms] [ERROR] Error: You have tried to read "wallets" on a WalletContext without providing one. Make sure to render a WalletProvider as an ancestor of the component that uses WalletContext.
    at logMissingProviderError (http://localhost:3000/_next/static/chunks/node_modules_11f8h_~._.js:1621:19)
    at Object.get (http://localhost:3000/_next/static/chunks/node_modules_11f8h_~._.js:1604:9)
    at useWalletMultiButton (http://localhost:3000/_next/static/chunks/node_modules_11f8h_~._.js:1642:99)
    at BaseWalletMultiButton (http://localhost:3000/_next/static/chunks/node_modules_11f8h_~._.js:1817:307)
    at Object.react_stack_bottom_frame (http://localhost:3000/_next/static/chunks/node_modules_react-dom_0bruynb._.js:13800:24)
    at renderWithHooks (http://localhost:3000/_next/static/chunks/node_modules_react-dom_0bruynb._.js:4464:24)
    at updateFunctionComponent (http://localhost:3000/_next/static/chunks/node_modules_react-dom_0bruynb._.js:5917:21)
    at beginWork (http://localhost:3000/_next/static/chunks/node_modules_react-dom_0bruynb._.js:6498:24)
    at runWithFiberInDEV (http://localhost:3000/_next/static/chunks/node_modules_react-dom_0bruynb._.js:886:74)
    at performUnitOfWork (http://localhost:3000/_next/static/chunks/node_modules_react-dom_0bruynb._.js:8894:97)
    at workLoopConcurrentByScheduler (http://localhost:3000/_next/static/chunks/node_modules_react-dom_0bruynb._.js:8890:58)
    at renderRootConcurrent (http://localhost:3000/_next/static/chunks/node_modules_react-dom_0bruynb._.js:8873:71)
    at performWorkOnRoot (http://localhost:3000/_next/static/chunks/node_modules_react-dom_0bruynb._.js:8400:150)
    at performWorkOnRootViaSchedulerTask (http://localhost:3000/_next/static/chunks/node_modules_react-dom_0bruynb._.js:9534:9)
    at MessagePort.performWorkUntilDeadline (http://localhost:3000/_next/static/chunks/node_modules_11l9xip._.js:1335:64) @ http://localhost:3000/_next/static/chunks/node_modules_next_dist_0k8zr~w._.js:1945
[   55491ms] [ERROR] Error: You have tried to read "publicKey" on a WalletContext without providing one. Make sure to render a WalletProvider as an ancestor of the component that uses WalletContext.
    at logMissingProviderError (http://localhost:3000/_next/static/chunks/node_modules_11f8h_~._.js:1621:19)
    at Object.get (http://localhost:3000/_next/static/chunks/node_modules_11f8h_~._.js:1616:9)
    at useWalletMultiButton (http://localhost:3000/_next/static/chunks/node_modules_11f8h_~._.js:1642:72)
    at BaseWalletMultiButton (http://localhost:3000/_next/static/chunks/node_modules_11f8h_~._.js:1817:307)
    at Object.react_stack_bottom_frame (http://localhost:3000/_next/static/chunks/node_modules_react-dom_0bruynb._.js:13800:24)
    at renderWithHooksAgain (http://localhost:3000/_next/static/chunks/node_modules_react-dom_0bruynb._.js:4519:24)
    at renderWithHooks (http://localhost:3000/_next/static/chunks/node_modules_react-dom_0bruynb._.js:4470:28)
    at updateFunctionComponent (http://localhost:3000/_next/static/chunks/node_modules_react-dom_0bruynb._.js:5917:21)
    at beginWork (http://localhost:3000/_next/static/chunks/node_modules_react-dom_0bruynb._.js:6498:24)
    at runWithFiberInDEV (http://localhost:3000/_next/static/chunks/node_modules_react-dom_0bruynb._.js:886:74)
    at performUnitOfWork (http://localhost:3000/_next/static/chunks/node_modules_react-dom_0bruynb._.js:8894:97)
    at workLoopConcurrentByScheduler (http://localhost:3000/_next/static/chunks/node_modules_react-dom_0bruynb._.js:8890:58)
    at renderRootConcurrent (http://localhost:3000/_next/static/chunks/node_modules_react-dom_0bruynb._.js:8873:71)
    at performWorkOnRoot (http://localhost:3000/_next/static/chunks/node_modules_react-dom_0bruynb._.js:8400:150)
    at performWorkOnRootViaSchedulerTask (http://localhost:3000/_next/static/chunks/node_modules_react-dom_0bruynb._.js:9534:9)
    at MessagePort.performWorkUntilDeadline (http://localhost:3000/_next/static/chunks/node_modules_11l9xip._.js:1335:64) @ http://localhost:3000/_next/static/chunks/node_modules_next_dist_0k8zr~w._.js:1945
[   55491ms] [ERROR] Error: You have tried to read "wallet" on a WalletContext without providing one. Make sure to render a WalletProvider as an ancestor of the component that uses WalletContext.
    at logMissingProviderError (http://localhost:3000/_next/static/chunks/node_modules_11f8h_~._.js:1621:19)
    at Object.get (http://localhost:3000/_next/static/chunks/node_modules_11f8h_~._.js:1610:9)
    at useWalletMultiButton (http://localhost:3000/_next/static/chunks/node_modules_11f8h_~._.js:1642:91)
    at BaseWalletMultiButton (http://localhost:3000/_next/static/chunks/node_modules_11f8h_~._.js:1817:307)
    at Object.react_stack_bottom_frame (http://localhost:3000/_next/static/chunks/node_modules_react-dom_0bruynb._.js:13800:24)
    at renderWithHooksAgain (http://localhost:3000/_next/static/chunks/node_modules_react-dom_0bruynb._.js:4519:24)
    at renderWithHooks (http://localhost:3000/_next/static/chunks/node_modules_react-dom_0bruynb._.js:4470:28)
    at updateFunctionComponent (http://localhost:3000/_next/static/chunks/node_modules_react-dom_0bruynb._.js:5917:21)
    at beginWork (http://localhost:3000/_next/static/chunks/node_modules_react-dom_0bruynb._.js:6498:24)
    at runWithFiberInDEV (http://localhost:3000/_next/static/chunks/node_modules_react-dom_0bruynb._.js:886:74)
    at performUnitOfWork (http://localhost:3000/_next/static/chunks/node_modules_react-dom_0bruynb._.js:8894:97)
    at workLoopConcurrentByScheduler (http://localhost:3000/_next/static/chunks/node_modules_react-dom_0bruynb._.js:8890:58)
    at renderRootConcurrent (http://localhost:3000/_next/static/chunks/node_modules_react-dom_0bruynb._.js:8873:71)
    at performWorkOnRoot (http://localhost:3000/_next/static/chunks/node_modules_react-dom_0bruynb._.js:8400:150)
    at performWorkOnRootViaSchedulerTask (http://localhost:3000/_next/static/chunks/node_modules_react-dom_0bruynb._.js:9534:9)
    at MessagePort.performWorkUntilDeadline (http://localhost:3000/_next/static/chunks/node_modules_11l9xip._.js:1335:64) @ http://localhost:3000/_next/static/chunks/node_modules_next_dist_0k8zr~w._.js:1945
[   55491ms] [ERROR] Error: You have tried to read "wallets" on a WalletContext without providing one. Make sure to render a WalletProvider as an ancestor of the component that uses WalletContext.
    at logMissingProviderError (http://localhost:3000/_next/static/chunks/node_modules_11f8h_~._.js:1621:19)
    at Object.get (http://localhost:3000/_next/static/chunks/node_modules_11f8h_~._.js:1604:9)
    at useWalletMultiButton (http://localhost:3000/_next/static/chunks/node_modules_11f8h_~._.js:1642:99)
    at BaseWalletMultiButton (http://localhost:3000/_next/static/chunks/node_modules_11f8h_~._.js:1817:307)
    at Object.react_stack_bottom_frame (http://localhost:3000/_next/static/chunks/node_modules_react-dom_0bruynb._.js:13800:24)
    at renderWithHooksAgain (http://localhost:3000/_next/static/chunks/node_modules_react-dom_0bruynb._.js:4519:24)
    at renderWithHooks (http://localhost:3000/_next/static/chunks/node_modules_react-dom_0bruynb._.js:4470:28)
    at updateFunctionComponent (http://localhost:3000/_next/static/chunks/node_modules_react-dom_0bruynb._.js:5917:21)
    at beginWork (http://localhost:3000/_next/static/chunks/node_modules_react-dom_0bruynb._.js:6498:24)
    at runWithFiberInDEV (http://localhost:3000/_next/static/chunks/node_modules_react-dom_0bruynb._.js:886:74)
    at performUnitOfWork (http://localhost:3000/_next/static/chunks/node_modules_react-dom_0bruynb._.js:8894:97)
    at workLoopConcurrentByScheduler (http://localhost:3000/_next/static/chunks/node_modules_react-dom_0bruynb._.js:8890:58)
    at renderRootConcurrent (http://localhost:3000/_next/static/chunks/node_modules_react-dom_0bruynb._.js:8873:71)
    at performWorkOnRoot (http://localhost:3000/_next/static/chunks/node_modules_react-dom_0bruynb._.js:8400:150)
    at performWorkOnRootViaSchedulerTask (http://localhost:3000/_next/static/chunks/node_modules_react-dom_0bruynb._.js:9534:9)
    at MessagePort.performWorkUntilDeadline (http://localhost:3000/_next/static/chunks/node_modules_11l9xip._.js:1335:64) @ http://localhost:3000/_next/static/chunks/node_modules_next_dist_0k8zr~w._.js:1945
[   57082ms] [ERROR] Error: You have tried to read "publicKey" on a WalletContext without providing one. Make sure to render a WalletProvider as an ancestor of the component that uses WalletContext.
    at logMissingProviderError (http://localhost:3000/_next/static/chunks/node_modules_11f8h_~._.js:1621:19)
    at Object.get (http://localhost:3000/_next/static/chunks/node_modules_11f8h_~._.js:1616:9)
    at SolanaConnectWallet (http://localhost:3000/_next/static/chunks/%5Broot-of-the-server%5D__13abmsj._.js:542:13)
    at Object.react_stack_bottom_frame (http://localhost:3000/_next/static/chunks/node_modules_react-dom_0bruynb._.js:13800:24)
    at renderWithHooks (http://localhost:3000/_next/static/chunks/node_modules_react-dom_0bruynb._.js:4464:24)
    at updateFunctionComponent (http://localhost:3000/_next/static/chunks/node_modules_react-dom_0bruynb._.js:5917:21)
    at beginWork (http://localhost:3000/_next/static/chunks/node_modules_react-dom_0bruynb._.js:6498:24)
    at runWithFiberInDEV (http://localhost:3000/_next/static/chunks/node_modules_react-dom_0bruynb._.js:886:74)
    at performUnitOfWork (http://localhost:3000/_next/static/chunks/node_modules_react-dom_0bruynb._.js:8894:97)
    at workLoopSync (http://localhost:3000/_next/static/chunks/node_modules_react-dom_0bruynb._.js:8788:40)
    at renderRootSync (http://localhost:3000/_next/static/chunks/node_modules_react-dom_0bruynb._.js:8772:13)
    at performWorkOnRoot (http://localhost:3000/_next/static/chunks/node_modules_react-dom_0bruynb._.js:8400:186)
    at performWorkOnRootViaSchedulerTask (http://localhost:3000/_next/static/chunks/node_modules_react-dom_0bruynb._.js:9534:9)
    at MessagePort.performWorkUntilDeadline (http://localhost:3000/_next/static/chunks/node_modules_11l9xip._.js:1335:64) @ http://localhost:3000/_next/static/chunks/node_modules_next_dist_0k8zr~w._.js:1945
[   57082ms] [ERROR] Error: You have tried to read "publicKey" on a WalletContext without providing one. Make sure to render a WalletProvider as an ancestor of the component that uses WalletContext.
    at logMissingProviderError (http://localhost:3000/_next/static/chunks/node_modules_11f8h_~._.js:1621:19)
    at Object.get (http://localhost:3000/_next/static/chunks/node_modules_11f8h_~._.js:1616:9)
    at SolanaConnectWallet (http://localhost:3000/_next/static/chunks/%5Broot-of-the-server%5D__13abmsj._.js:542:13)
    at Object.react_stack_bottom_frame (http://localhost:3000/_next/static/chunks/node_modules_react-dom_0bruynb._.js:13800:24)
    at renderWithHooksAgain (http://localhost:3000/_next/static/chunks/node_modules_react-dom_0bruynb._.js:4519:24)
    at renderWithHooks (http://localhost:3000/_next/static/chunks/node_modules_react-dom_0bruynb._.js:4470:28)
    at updateFunctionComponent (http://localhost:3000/_next/static/chunks/node_modules_react-dom_0bruynb._.js:5917:21)
    at beginWork (http://localhost:3000/_next/static/chunks/node_modules_react-dom_0bruynb._.js:6498:24)
    at runWithFiberInDEV (http://localhost:3000/_next/static/chunks/node_modules_react-dom_0bruynb._.js:886:74)
    at performUnitOfWork (http://localhost:3000/_next/static/chunks/node_modules_react-dom_0bruynb._.js:8894:97)
    at workLoopSync (http://localhost:3000/_next/static/chunks/node_modules_react-dom_0bruynb._.js:8788:40)
    at renderRootSync (http://localhost:3000/_next/static/chunks/node_modules_react-dom_0bruynb._.js:8772:13)
    at performWorkOnRoot (http://localhost:3000/_next/static/chunks/node_modules_react-dom_0bruynb._.js:8400:186)
    at performWorkOnRootViaSchedulerTask (http://localhost:3000/_next/static/chunks/node_modules_react-dom_0bruynb._.js:9534:9)
    at MessagePort.performWorkUntilDeadline (http://localhost:3000/_next/static/chunks/node_modules_11l9xip._.js:1335:64) @ http://localhost:3000/_next/static/chunks/node_modules_next_dist_0k8zr~w._.js:1945
[   57083ms] [ERROR] Error: You have tried to read "publicKey" on a WalletContext without providing one. Make sure to render a WalletProvider as an ancestor of the component that uses WalletContext.
    at logMissingProviderError (http://localhost:3000/_next/static/chunks/node_modules_11f8h_~._.js:1621:19)
    at Object.get (http://localhost:3000/_next/static/chunks/node_modules_11f8h_~._.js:1616:9)
    at useWalletMultiButton (http://localhost:3000/_next/static/chunks/node_modules_11f8h_~._.js:1642:72)
    at BaseWalletMultiButton (http://localhost:3000/_next/static/chunks/node_modules_11f8h_~._.js:1817:307)
    at Object.react_stack_bottom_frame (http://localhost:3000/_next/static/chunks/node_modules_react-dom_0bruynb._.js:13800:24)
    at renderWithHooks (http://localhost:3000/_next/static/chunks/node_modules_react-dom_0bruynb._.js:4464:24)
    at updateFunctionComponent (http://localhost:3000/_next/static/chunks/node_modules_react-dom_0bruynb._.js:5917:21)
    at beginWork (http://localhost:3000/_next/static/chunks/node_modules_react-dom_0bruynb._.js:6498:24)
    at runWithFiberInDEV (http://localhost:3000/_next/static/chunks/node_modules_react-dom_0bruynb._.js:886:74)
    at performUnitOfWork (http://localhost:3000/_next/static/chunks/node_modules_react-dom_0bruynb._.js:8894:97)
    at workLoopSync (http://localhost:3000/_next/static/chunks/node_modules_react-dom_0bruynb._.js:8788:40)
    at renderRootSync (http://localhost:3000/_next/static/chunks/node_modules_react-dom_0bruynb._.js:8772:13)
    at performWorkOnRoot (http://localhost:3000/_next/static/chunks/node_modules_react-dom_0bruynb._.js:8400:186)
    at performWorkOnRootViaSchedulerTask (http://localhost:3000/_next/static/chunks/node_modules_react-dom_0bruynb._.js:9534:9)
    at MessagePort.performWorkUntilDeadline (http://localhost:3000/_next/static/chunks/node_modules_11l9xip._.js:1335:64) @ http://localhost:3000/_next/static/chunks/node_modules_next_dist_0k8zr~w._.js:1945
[   57083ms] [ERROR] Error: You have tried to read "wallet" on a WalletContext without providing one. Make sure to render a WalletProvider as an ancestor of the component that uses WalletContext.
    at logMissingProviderError (http://localhost:3000/_next/static/chunks/node_modules_11f8h_~._.js:1621:19)
    at Object.get (http://localhost:3000/_next/static/chunks/node_modules_11f8h_~._.js:1610:9)
    at useWalletMultiButton (http://localhost:3000/_next/static/chunks/node_modules_11f8h_~._.js:1642:91)
    at BaseWalletMultiButton (http://localhost:3000/_next/static/chunks/node_modules_11f8h_~._.js:1817:307)
    at Object.react_stack_bottom_frame (http://localhost:3000/_next/static/chunks/node_modules_react-dom_0bruynb._.js:13800:24)
    at renderWithHooks (http://localhost:3000/_next/static/chunks/node_modules_react-dom_0bruynb._.js:4464:24)
    at updateFunctionComponent (http://localhost:3000/_next/static/chunks/node_modules_react-dom_0bruynb._.js:5917:21)
    at beginWork (http://localhost:3000/_next/static/chunks/node_modules_react-dom_0bruynb._.js:6498:24)
    at runWithFiberInDEV (http://localhost:3000/_next/static/chunks/node_modules_react-dom_0bruynb._.js:886:74)
    at performUnitOfWork (http://localhost:3000/_next/static/chunks/node_modules_react-dom_0bruynb._.js:8894:97)
    at workLoopSync (http://localhost:3000/_next/static/chunks/node_modules_react-dom_0bruynb._.js:8788:40)
    at renderRootSync (http://localhost:3000/_next/static/chunks/node_modules_react-dom_0bruynb._.js:8772:13)
    at performWorkOnRoot (http://localhost:3000/_next/static/chunks/node_modules_react-dom_0bruynb._.js:8400:186)
    at performWorkOnRootViaSchedulerTask (http://localhost:3000/_next/static/chunks/node_modules_react-dom_0bruynb._.js:9534:9)
    at MessagePort.performWorkUntilDeadline (http://localhost:3000/_next/static/chunks/node_modules_11l9xip._.js:1335:64) @ http://localhost:3000/_next/static/chunks/node_modules_next_dist_0k8zr~w._.js:1945
[   57083ms] [ERROR] Error: You have tried to read "wallets" on a WalletContext without providing one. Make sure to render a WalletProvider as an ancestor of the component that uses WalletContext.
    at logMissingProviderError (http://localhost:3000/_next/static/chunks/node_modules_11f8h_~._.js:1621:19)
    at Object.get (http://localhost:3000/_next/static/chunks/node_modules_11f8h_~._.js:1604:9)
    at useWalletMultiButton (http://localhost:3000/_next/static/chunks/node_modules_11f8h_~._.js:1642:99)
    at BaseWalletMultiButton (http://localhost:3000/_next/static/chunks/node_modules_11f8h_~._.js:1817:307)
    at Object.react_stack_bottom_frame (http://localhost:3000/_next/static/chunks/node_modules_react-dom_0bruynb._.js:13800:24)
    at renderWithHooks (http://localhost:3000/_next/static/chunks/node_modules_react-dom_0bruynb._.js:4464:24)
    at updateFunctionComponent (http://localhost:3000/_next/static/chunks/node_modules_react-dom_0bruynb._.js:5917:21)
    at beginWork (http://localhost:3000/_next/static/chunks/node_modules_react-dom_0bruynb._.js:6498:24)
    at runWithFiberInDEV (http://localhost:3000/_next/static/chunks/node_modules_react-dom_0bruynb._.js:886:74)
    at performUnitOfWork (http://localhost:3000/_next/static/chunks/node_modules_react-dom_0bruynb._.js:8894:97)
    at workLoopSync (http://localhost:3000/_next/static/chunks/node_modules_react-dom_0bruynb._.js:8788:40)
    at renderRootSync (http://localhost:3000/_next/static/chunks/node_modules_react-dom_0bruynb._.js:8772:13)
    at performWorkOnRoot (http://localhost:3000/_next/static/chunks/node_modules_react-dom_0bruynb._.js:8400:186)
    at performWorkOnRootViaSchedulerTask (http://localhost:3000/_next/static/chunks/node_modules_react-dom_0bruynb._.js:9534:9)
    at MessagePort.performWorkUntilDeadline (http://localhost:3000/_next/static/chunks/node_modules_11l9xip._.js:1335:64) @ http://localhost:3000/_next/static/chunks/node_modules_next_dist_0k8zr~w._.js:1945
[   57084ms] [ERROR] Error: You have tried to read "publicKey" on a WalletContext without providing one. Make sure to render a WalletProvider as an ancestor of the component that uses WalletContext.
    at logMissingProviderError (http://localhost:3000/_next/static/chunks/node_modules_11f8h_~._.js:1621:19)
    at Object.get (http://localhost:3000/_next/static/chunks/node_modules_11f8h_~._.js:1616:9)
    at useWalletMultiButton (http://localhost:3000/_next/static/chunks/node_modules_11f8h_~._.js:1642:72)
    at BaseWalletMultiButton (http://localhost:3000/_next/static/chunks/node_modules_11f8h_~._.js:1817:307)
    at Object.react_stack_bottom_frame (http://localhost:3000/_next/static/chunks/node_modules_react-dom_0bruynb._.js:13800:24)
    at renderWithHooksAgain (http://localhost:3000/_next/static/chunks/node_modules_react-dom_0bruynb._.js:4519:24)
    at renderWithHooks (http://localhost:3000/_next/static/chunks/node_modules_react-dom_0bruynb._.js:4470:28)
    at updateFunctionComponent (http://localhost:3000/_next/static/chunks/node_modules_react-dom_0bruynb._.js:5917:21)
    at beginWork (http://localhost:3000/_next/static/chunks/node_modules_react-dom_0bruynb._.js:6498:24)
    at runWithFiberInDEV (http://localhost:3000/_next/static/chunks/node_modules_react-dom_0bruynb._.js:886:74)
    at performUnitOfWork (http://localhost:3000/_next/static/chunks/node_modules_react-dom_0bruynb._.js:8894:97)
    at workLoopSync (http://localhost:3000/_next/static/chunks/node_modules_react-dom_0bruynb._.js:8788:40)
    at renderRootSync (http://localhost:3000/_next/static/chunks/node_modules_react-dom_0bruynb._.js:8772:13)
    at performWorkOnRoot (http://localhost:3000/_next/static/chunks/node_modules_react-dom_0bruynb._.js:8400:186)
    at performWorkOnRootViaSchedulerTask (http://localhost:3000/_next/static/chunks/node_modules_react-dom_0bruynb._.js:9534:9)
    at MessagePort.performWorkUntilDeadline (http://localhost:3000/_next/static/chunks/node_modules_11l9xip._.js:1335:64) @ http://localhost:3000/_next/static/chunks/node_modules_next_dist_0k8zr~w._.js:1945
[   57084ms] [ERROR] Error: You have tried to read "wallet" on a WalletContext without providing one. Make sure to render a WalletProvider as an ancestor of the component that uses WalletContext.
    at logMissingProviderError (http://localhost:3000/_next/static/chunks/node_modules_11f8h_~._.js:1621:19)
    at Object.get (http://localhost:3000/_next/static/chunks/node_modules_11f8h_~._.js:1610:9)
    at useWalletMultiButton (http://localhost:3000/_next/static/chunks/node_modules_11f8h_~._.js:1642:91)
    at BaseWalletMultiButton (http://localhost:3000/_next/static/chunks/node_modules_11f8h_~._.js:1817:307)
    at Object.react_stack_bottom_frame (http://localhost:3000/_next/static/chunks/node_modules_react-dom_0bruynb._.js:13800:24)
    at renderWithHooksAgain (http://localhost:3000/_next/static/chunks/node_modules_react-dom_0bruynb._.js:4519:24)
    at renderWithHooks (http://localhost:3000/_next/static/chunks/node_modules_react-dom_0bruynb._.js:4470:28)
    at updateFunctionComponent (http://localhost:3000/_next/static/chunks/node_modules_react-dom_0bruynb._.js:5917:21)
    at beginWork (http://localhost:3000/_next/static/chunks/node_modules_react-dom_0bruynb._.js:6498:24)
    at runWithFiberInDEV (http://localhost:3000/_next/static/chunks/node_modules_react-dom_0bruynb._.js:886:74)
    at performUnitOfWork (http://localhost:3000/_next/static/chunks/node_modules_react-dom_0bruynb._.js:8894:97)
    at workLoopSync (http://localhost:3000/_next/static/chunks/node_modules_react-dom_0bruynb._.js:8788:40)
    at renderRootSync (http://localhost:3000/_next/static/chunks/node_modules_react-dom_0bruynb._.js:8772:13)
    at performWorkOnRoot (http://localhost:3000/_next/static/chunks/node_modules_react-dom_0bruynb._.js:8400:186)
    at performWorkOnRootViaSchedulerTask (http://localhost:3000/_next/static/chunks/node_modules_react-dom_0bruynb._.js:9534:9)
    at MessagePort.performWorkUntilDeadline (http://localhost:3000/_next/static/chunks/node_modules_11l9xip._.js:1335:64) @ http://localhost:3000/_next/static/chunks/node_modules_next_dist_0k8zr~w._.js:1945
[   57084ms] [ERROR] Error: You have tried to read "wallets" on a WalletContext without providing one. Make sure to render a WalletProvider as an ancestor of the component that uses WalletContext.
    at logMissingProviderError (http://localhost:3000/_next/static/chunks/node_modules_11f8h_~._.js:1621:19)
    at Object.get (http://localhost:3000/_next/static/chunks/node_modules_11f8h_~._.js:1604:9)
    at useWalletMultiButton (http://localhost:3000/_next/static/chunks/node_modules_11f8h_~._.js:1642:99)
    at BaseWalletMultiButton (http://localhost:3000/_next/static/chunks/node_modules_11f8h_~._.js:1817:307)
    at Object.react_stack_bottom_frame (http://localhost:3000/_next/static/chunks/node_modules_react-dom_0bruynb._.js:13800:24)
    at renderWithHooksAgain (http://localhost:3000/_next/static/chunks/node_modules_react-dom_0bruynb._.js:4519:24)
    at renderWithHooks (http://localhost:3000/_next/static/chunks/node_modules_react-dom_0bruynb._.js:4470:28)
    at updateFunctionComponent (http://localhost:3000/_next/static/chunks/node_modules_react-dom_0bruynb._.js:5917:21)
    at beginWork (http://localhost:3000/_next/static/chunks/node_modules_react-dom_0bruynb._.js:6498:24)
    at runWithFiberInDEV (http://localhost:3000/_next/static/chunks/node_modules_react-dom_0bruynb._.js:886:74)
    at performUnitOfWork (http://localhost:3000/_next/static/chunks/node_modules_react-dom_0bruynb._.js:8894:97)
    at workLoopSync (http://localhost:3000/_next/static/chunks/node_modules_react-dom_0bruynb._.js:8788:40)
    at renderRootSync (http://localhost:3000/_next/static/chunks/node_modules_react-dom_0bruynb._.js:8772:13)
    at performWorkOnRoot (http://localhost:3000/_next/static/chunks/node_modules_react-dom_0bruynb._.js:8400:186)
    at performWorkOnRootViaSchedulerTask (http://localhost:3000/_next/static/chunks/node_modules_react-dom_0bruynb._.js:9534:9)
    at MessagePort.performWorkUntilDeadline (http://localhost:3000/_next/static/chunks/node_modules_11l9xip._.js:1335:64) @ http://localhost:3000/_next/static/chunks/node_modules_next_dist_0k8zr~w._.js:1945
[   58253ms] [ERROR] Error: You have tried to read "publicKey" on a WalletContext without providing one. Make sure to render a WalletProvider as an ancestor of the component that uses WalletContext.
    at logMissingProviderError (http://localhost:3000/_next/static/chunks/node_modules_11f8h_~._.js:1621:19)
    at Object.get (http://localhost:3000/_next/static/chunks/node_modules_11f8h_~._.js:1616:9)
    at ExplorerHome (http://localhost:3000/_next/static/chunks/%5Broot-of-the-server%5D__13abmsj._.js:2145:13)
    at Object.react_stack_bottom_frame (http://localhost:3000/_next/static/chunks/node_modules_react-dom_0bruynb._.js:13800:24)
    at renderWithHooks (http://localhost:3000/_next/static/chunks/node_modules_react-dom_0bruynb._.js:4464:24)
    at updateFunctionComponent (http://localhost:3000/_next/static/chunks/node_modules_react-dom_0bruynb._.js:5917:21)
    at beginWork (http://localhost:3000/_next/static/chunks/node_modules_react-dom_0bruynb._.js:6498:24)
    at runWithFiberInDEV (http://localhost:3000/_next/static/chunks/node_modules_react-dom_0bruynb._.js:886:74)
    at performUnitOfWork (http://localhost:3000/_next/static/chunks/node_modules_react-dom_0bruynb._.js:8894:97)
    at workLoopConcurrentByScheduler (http://localhost:3000/_next/static/chunks/node_modules_react-dom_0bruynb._.js:8890:58)
    at renderRootConcurrent (http://localhost:3000/_next/static/chunks/node_modules_react-dom_0bruynb._.js:8873:71)
    at performWorkOnRoot (http://localhost:3000/_next/static/chunks/node_modules_react-dom_0bruynb._.js:8400:150)
    at performWorkOnRootViaSchedulerTask (http://localhost:3000/_next/static/chunks/node_modules_react-dom_0bruynb._.js:9534:9)
    at MessagePort.performWorkUntilDeadline (http://localhost:3000/_next/static/chunks/node_modules_11l9xip._.js:1335:64) @ http://localhost:3000/_next/static/chunks/node_modules_next_dist_0k8zr~w._.js:1945
[   58254ms] [ERROR] Error: You have tried to read "publicKey" on a WalletContext without providing one. Make sure to render a WalletProvider as an ancestor of the component that uses WalletContext.
    at logMissingProviderError (http://localhost:3000/_next/static/chunks/node_modules_11f8h_~._.js:1621:19)
    at Object.get (http://localhost:3000/_next/static/chunks/node_modules_11f8h_~._.js:1616:9)
    at ExplorerHome (http://localhost:3000/_next/static/chunks/%5Broot-of-the-server%5D__13abmsj._.js:2145:13)
    at Object.react_stack_bottom_frame (http://localhost:3000/_next/static/chunks/node_modules_react-dom_0bruynb._.js:13800:24)
    at renderWithHooksAgain (http://localhost:3000/_next/static/chunks/node_modules_react-dom_0bruynb._.js:4519:24)
    at renderWithHooks (http://localhost:3000/_next/static/chunks/node_modules_react-dom_0bruynb._.js:4470:28)
    at updateFunctionComponent (http://localhost:3000/_next/static/chunks/node_modules_react-dom_0bruynb._.js:5917:21)
    at beginWork (http://localhost:3000/_next/static/chunks/node_modules_react-dom_0bruynb._.js:6498:24)
    at runWithFiberInDEV (http://localhost:3000/_next/static/chunks/node_modules_react-dom_0bruynb._.js:886:74)
    at performUnitOfWork (http://localhost:3000/_next/static/chunks/node_modules_react-dom_0bruynb._.js:8894:97)
    at workLoopConcurrentByScheduler (http://localhost:3000/_next/static/chunks/node_modules_react-dom_0bruynb._.js:8890:58)
    at renderRootConcurrent (http://localhost:3000/_next/static/chunks/node_modules_react-dom_0bruynb._.js:8873:71)
    at performWorkOnRoot (http://localhost:3000/_next/static/chunks/node_modules_react-dom_0bruynb._.js:8400:150)
    at performWorkOnRootViaSchedulerTask (http://localhost:3000/_next/static/chunks/node_modules_react-dom_0bruynb._.js:9534:9)
    at MessagePort.performWorkUntilDeadline (http://localhost:3000/_next/static/chunks/node_modules_11l9xip._.js:1335:64) @ http://localhost:3000/_next/static/chunks/node_modules_next_dist_0k8zr~w._.js:1945
[   58257ms] [ERROR] Error: You have tried to read "publicKey" on a WalletContext without providing one. Make sure to render a WalletProvider as an ancestor of the component that uses WalletContext.
    at logMissingProviderError (http://localhost:3000/_next/static/chunks/node_modules_11f8h_~._.js:1621:19)
    at Object.get (http://localhost:3000/_next/static/chunks/node_modules_11f8h_~._.js:1616:9)
    at SolanaConnectWallet (http://localhost:3000/_next/static/chunks/%5Broot-of-the-server%5D__13abmsj._.js:542:13)
    at Object.react_stack_bottom_frame (http://localhost:3000/_next/static/chunks/node_modules_react-dom_0bruynb._.js:13800:24)
    at renderWithHooks (http://localhost:3000/_next/static/chunks/node_modules_react-dom_0bruynb._.js:4464:24)
    at updateFunctionComponent (http://localhost:3000/_next/static/chunks/node_modules_react-dom_0bruynb._.js:5917:21)
    at beginWork (http://localhost:3000/_next/static/chunks/node_modules_react-dom_0bruynb._.js:6498:24)
    at runWithFiberInDEV (http://localhost:3000/_next/static/chunks/node_modules_react-dom_0bruynb._.js:886:74)
    at performUnitOfWork (http://localhost:3000/_next/static/chunks/node_modules_react-dom_0bruynb._.js:8894:97)
    at workLoopConcurrentByScheduler (http://localhost:3000/_next/static/chunks/node_modules_react-dom_0bruynb._.js:8890:58)
    at renderRootConcurrent (http://localhost:3000/_next/static/chunks/node_modules_react-dom_0bruynb._.js:8873:71)
    at performWorkOnRoot (http://localhost:3000/_next/static/chunks/node_modules_react-dom_0bruynb._.js:8400:150)
    at performWorkOnRootViaSchedulerTask (http://localhost:3000/_next/static/chunks/node_modules_react-dom_0bruynb._.js:9534:9)
    at MessagePort.performWorkUntilDeadline (http://localhost:3000/_next/static/chunks/node_modules_11l9xip._.js:1335:64) @ http://localhost:3000/_next/static/chunks/node_modules_next_dist_0k8zr~w._.js:1945
[   58258ms] [ERROR] Error: You have tried to read "publicKey" on a WalletContext without providing one. Make sure to render a WalletProvider as an ancestor of the component that uses WalletContext.
    at logMissingProviderError (http://localhost:3000/_next/static/chunks/node_modules_11f8h_~._.js:1621:19)
    at Object.get (http://localhost:3000/_next/static/chunks/node_modules_11f8h_~._.js:1616:9)
    at SolanaConnectWallet (http://localhost:3000/_next/static/chunks/%5Broot-of-the-server%5D__13abmsj._.js:542:13)
    at Object.react_stack_bottom_frame (http://localhost:3000/_next/static/chunks/node_modules_react-dom_0bruynb._.js:13800:24)
    at renderWithHooksAgain (http://localhost:3000/_next/static/chunks/node_modules_react-dom_0bruynb._.js:4519:24)
    at renderWithHooks (http://localhost:3000/_next/static/chunks/node_modules_react-dom_0bruynb._.js:4470:28)
    at updateFunctionComponent (http://localhost:3000/_next/static/chunks/node_modules_react-dom_0bruynb._.js:5917:21)
    at beginWork (http://localhost:3000/_next/static/chunks/node_modules_react-dom_0bruynb._.js:6498:24)
    at runWithFiberInDEV (http://localhost:3000/_next/static/chunks/node_modules_react-dom_0bruynb._.js:886:74)
    at performUnitOfWork (http://localhost:3000/_next/static/chunks/node_modules_react-dom_0bruynb._.js:8894:97)
    at workLoopConcurrentByScheduler (http://localhost:3000/_next/static/chunks/node_modules_react-dom_0bruynb._.js:8890:58)
    at renderRootConcurrent (http://localhost:3000/_next/static/chunks/node_modules_react-dom_0bruynb._.js:8873:71)
    at performWorkOnRoot (http://localhost:3000/_next/static/chunks/node_modules_react-dom_0bruynb._.js:8400:150)
    at performWorkOnRootViaSchedulerTask (http://localhost:3000/_next/static/chunks/node_modules_react-dom_0bruynb._.js:9534:9)
    at MessagePort.performWorkUntilDeadline (http://localhost:3000/_next/static/chunks/node_modules_11l9xip._.js:1335:64) @ http://localhost:3000/_next/static/chunks/node_modules_next_dist_0k8zr~w._.js:1945
[   58258ms] [ERROR] Error: You have tried to read "publicKey" on a WalletContext without providing one. Make sure to render a WalletProvider as an ancestor of the component that uses WalletContext.
    at logMissingProviderError (http://localhost:3000/_next/static/chunks/node_modules_11f8h_~._.js:1621:19)
    at Object.get (http://localhost:3000/_next/static/chunks/node_modules_11f8h_~._.js:1616:9)
    at useWalletMultiButton (http://localhost:3000/_next/static/chunks/node_modules_11f8h_~._.js:1642:72)
    at BaseWalletMultiButton (http://localhost:3000/_next/static/chunks/node_modules_11f8h_~._.js:1817:307)
    at Object.react_stack_bottom_frame (http://localhost:3000/_next/static/chunks/node_modules_react-dom_0bruynb._.js:13800:24)
    at renderWithHooks (http://localhost:3000/_next/static/chunks/node_modules_react-dom_0bruynb._.js:4464:24)
    at updateFunctionComponent (http://localhost:3000/_next/static/chunks/node_modules_react-dom_0bruynb._.js:5917:21)
    at beginWork (http://localhost:3000/_next/static/chunks/node_modules_react-dom_0bruynb._.js:6498:24)
    at runWithFiberInDEV (http://localhost:3000/_next/static/chunks/node_modules_react-dom_0bruynb._.js:886:74)
    at performUnitOfWork (http://localhost:3000/_next/static/chunks/node_modules_react-dom_0bruynb._.js:8894:97)
    at workLoopConcurrentByScheduler (http://localhost:3000/_next/static/chunks/node_modules_react-dom_0bruynb._.js:8890:58)
    at renderRootConcurrent (http://localhost:3000/_next/static/chunks/node_modules_react-dom_0bruynb._.js:8873:71)
    at performWorkOnRoot (http://localhost:3000/_next/static/chunks/node_modules_react-dom_0bruynb._.js:8400:150)
    at performWorkOnRootViaSchedulerTask (http://localhost:3000/_next/static/chunks/node_modules_react-dom_0bruynb._.js:9534:9)
    at MessagePort.performWorkUntilDeadline (http://localhost:3000/_next/static/chunks/node_modules_11l9xip._.js:1335:64) @ http://localhost:3000/_next/static/chunks/node_modules_next_dist_0k8zr~w._.js:1945
[   58258ms] [ERROR] Error: You have tried to read "wallet" on a WalletContext without providing one. Make sure to render a WalletProvider as an ancestor of the component that uses WalletContext.
    at logMissingProviderError (http://localhost:3000/_next/static/chunks/node_modules_11f8h_~._.js:1621:19)
    at Object.get (http://localhost:3000/_next/static/chunks/node_modules_11f8h_~._.js:1610:9)
    at useWalletMultiButton (http://localhost:3000/_next/static/chunks/node_modules_11f8h_~._.js:1642:91)
    at BaseWalletMultiButton (http://localhost:3000/_next/static/chunks/node_modules_11f8h_~._.js:1817:307)
    at Object.react_stack_bottom_frame (http://localhost:3000/_next/static/chunks/node_modules_react-dom_0bruynb._.js:13800:24)
    at renderWithHooks (http://localhost:3000/_next/static/chunks/node_modules_react-dom_0bruynb._.js:4464:24)
    at updateFunctionComponent (http://localhost:3000/_next/static/chunks/node_modules_react-dom_0bruynb._.js:5917:21)
    at beginWork (http://localhost:3000/_next/static/chunks/node_modules_react-dom_0bruynb._.js:6498:24)
    at runWithFiberInDEV (http://localhost:3000/_next/static/chunks/node_modules_react-dom_0bruynb._.js:886:74)
    at performUnitOfWork (http://localhost:3000/_next/static/chunks/node_modules_react-dom_0bruynb._.js:8894:97)
    at workLoopConcurrentByScheduler (http://localhost:3000/_next/static/chunks/node_modules_react-dom_0bruynb._.js:8890:58)
    at renderRootConcurrent (http://localhost:3000/_next/static/chunks/node_modules_react-dom_0bruynb._.js:8873:71)
    at performWorkOnRoot (http://localhost:3000/_next/static/chunks/node_modules_react-dom_0bruynb._.js:8400:150)
    at performWorkOnRootViaSchedulerTask (http://localhost:3000/_next/static/chunks/node_modules_react-dom_0bruynb._.js:9534:9)
    at MessagePort.performWorkUntilDeadline (http://localhost:3000/_next/static/chunks/node_modules_11l9xip._.js:1335:64) @ http://localhost:3000/_next/static/chunks/node_modules_next_dist_0k8zr~w._.js:1945
[   58258ms] [ERROR] Error: You have tried to read "wallets" on a WalletContext without providing one. Make sure to render a WalletProvider as an ancestor of the component that uses WalletContext.
    at logMissingProviderError (http://localhost:3000/_next/static/chunks/node_modules_11f8h_~._.js:1621:19)
    at Object.get (http://localhost:3000/_next/static/chunks/node_modules_11f8h_~._.js:1604:9)
    at useWalletMultiButton (http://localhost:3000/_next/static/chunks/node_modules_11f8h_~._.js:1642:99)
    at BaseWalletMultiButton (http://localhost:3000/_next/static/chunks/node_modules_11f8h_~._.js:1817:307)
    at Object.react_stack_bottom_frame (http://localhost:3000/_next/static/chunks/node_modules_react-dom_0bruynb._.js:13800:24)
    at renderWithHooks (http://localhost:3000/_next/static/chunks/node_modules_react-dom_0bruynb._.js:4464:24)
    at updateFunctionComponent (http://localhost:3000/_next/static/chunks/node_modules_react-dom_0bruynb._.js:5917:21)
    at beginWork (http://localhost:3000/_next/static/chunks/node_modules_react-dom_0bruynb._.js:6498:24)
    at runWithFiberInDEV (http://localhost:3000/_next/static/chunks/node_modules_react-dom_0bruynb._.js:886:74)
    at performUnitOfWork (http://localhost:3000/_next/static/chunks/node_modules_react-dom_0bruynb._.js:8894:97)
    at workLoopConcurrentByScheduler (http://localhost:3000/_next/static/chunks/node_modules_react-dom_0bruynb._.js:8890:58)
    at renderRootConcurrent (http://localhost:3000/_next/static/chunks/node_modules_react-dom_0bruynb._.js:8873:71)
    at performWorkOnRoot (http://localhost:3000/_next/static/chunks/node_modules_react-dom_0bruynb._.js:8400:150)
    at performWorkOnRootViaSchedulerTask (http://localhost:3000/_next/static/chunks/node_modules_react-dom_0bruynb._.js:9534:9)
    at MessagePort.performWorkUntilDeadline (http://localhost:3000/_next/static/chunks/node_modules_11l9xip._.js:1335:64) @ http://localhost:3000/_next/static/chunks/node_modules_next_dist_0k8zr~w._.js:1945
[   58258ms] [ERROR] Error: You have tried to read "publicKey" on a WalletContext without providing one. Make sure to render a WalletProvider as an ancestor of the component that uses WalletContext.
    at logMissingProviderError (http://localhost:3000/_next/static/chunks/node_modules_11f8h_~._.js:1621:19)
    at Object.get (http://localhost:3000/_next/static/chunks/node_modules_11f8h_~._.js:1616:9)
    at useWalletMultiButton (http://localhost:3000/_next/static/chunks/node_modules_11f8h_~._.js:1642:72)
    at BaseWalletMultiButton (http://localhost:3000/_next/static/chunks/node_modules_11f8h_~._.js:1817:307)
    at Object.react_stack_bottom_frame (http://localhost:3000/_next/static/chunks/node_modules_react-dom_0bruynb._.js:13800:24)
    at renderWithHooksAgain (http://localhost:3000/_next/static/chunks/node_modules_react-dom_0bruynb._.js:4519:24)
    at renderWithHooks (http://localhost:3000/_next/static/chunks/node_modules_react-dom_0bruynb._.js:4470:28)
    at updateFunctionComponent (http://localhost:3000/_next/static/chunks/node_modules_react-dom_0bruynb._.js:5917:21)
    at beginWork (http://localhost:3000/_next/static/chunks/node_modules_react-dom_0bruynb._.js:6498:24)
    at runWithFiberInDEV (http://localhost:3000/_next/static/chunks/node_modules_react-dom_0bruynb._.js:886:74)
    at performUnitOfWork (http://localhost:3000/_next/static/chunks/node_modules_react-dom_0bruynb._.js:8894:97)
    at workLoopConcurrentByScheduler (http://localhost:3000/_next/static/chunks/node_modules_react-dom_0bruynb._.js:8890:58)
    at renderRootConcurrent (http://localhost:3000/_next/static/chunks/node_modules_react-dom_0bruynb._.js:8873:71)
    at performWorkOnRoot (http://localhost:3000/_next/static/chunks/node_modules_react-dom_0bruynb._.js:8400:150)
    at performWorkOnRootViaSchedulerTask (http://localhost:3000/_next/static/chunks/node_modules_react-dom_0bruynb._.js:9534:9)
    at MessagePort.performWorkUntilDeadline (http://localhost:3000/_next/static/chunks/node_modules_11l9xip._.js:1335:64) @ http://localhost:3000/_next/static/chunks/node_modules_next_dist_0k8zr~w._.js:1945
[   58258ms] [ERROR] Error: You have tried to read "wallet" on a WalletContext without providing one. Make sure to render a WalletProvider as an ancestor of the component that uses WalletContext.
    at logMissingProviderError (http://localhost:3000/_next/static/chunks/node_modules_11f8h_~._.js:1621:19)
    at Object.get (http://localhost:3000/_next/static/chunks/node_modules_11f8h_~._.js:1610:9)
    at useWalletMultiButton (http://localhost:3000/_next/static/chunks/node_modules_11f8h_~._.js:1642:91)
    at BaseWalletMultiButton (http://localhost:3000/_next/static/chunks/node_modules_11f8h_~._.js:1817:307)
    at Object.react_stack_bottom_frame (http://localhost:3000/_next/static/chunks/node_modules_react-dom_0bruynb._.js:13800:24)
    at renderWithHooksAgain (http://localhost:3000/_next/static/chunks/node_modules_react-dom_0bruynb._.js:4519:24)
    at renderWithHooks (http://localhost:3000/_next/static/chunks/node_modules_react-dom_0bruynb._.js:4470:28)
    at updateFunctionComponent (http://localhost:3000/_next/static/chunks/node_modules_react-dom_0bruynb._.js:5917:21)
    at beginWork (http://localhost:3000/_next/static/chunks/node_modules_react-dom_0bruynb._.js:6498:24)
    at runWithFiberInDEV (http://localhost:3000/_next/static/chunks/node_modules_react-dom_0bruynb._.js:886:74)
    at performUnitOfWork (http://localhost:3000/_next/static/chunks/node_modules_react-dom_0bruynb._.js:8894:97)
    at workLoopConcurrentByScheduler (http://localhost:3000/_next/static/chunks/node_modules_react-dom_0bruynb._.js:8890:58)
    at renderRootConcurrent (http://localhost:3000/_next/static/chunks/node_modules_react-dom_0bruynb._.js:8873:71)
    at performWorkOnRoot (http://localhost:3000/_next/static/chunks/node_modules_react-dom_0bruynb._.js:8400:150)
    at performWorkOnRootViaSchedulerTask (http://localhost:3000/_next/static/chunks/node_modules_react-dom_0bruynb._.js:9534:9)
    at MessagePort.performWorkUntilDeadline (http://localhost:3000/_next/static/chunks/node_modules_11l9xip._.js:1335:64) @ http://localhost:3000/_next/static/chunks/node_modules_next_dist_0k8zr~w._.js:1945
[   58259ms] [ERROR] Error: You have tried to read "wallets" on a WalletContext without providing one. Make sure to render a WalletProvider as an ancestor of the component that uses WalletContext.
    at logMissingProviderError (http://localhost:3000/_next/static/chunks/node_modules_11f8h_~._.js:1621:19)
    at Object.get (http://localhost:3000/_next/static/chunks/node_modules_11f8h_~._.js:1604:9)
    at useWalletMultiButton (http://localhost:3000/_next/static/chunks/node_modules_11f8h_~._.js:1642:99)
    at BaseWalletMultiButton (http://localhost:3000/_next/static/chunks/node_modules_11f8h_~._.js:1817:307)
    at Object.react_stack_bottom_frame (http://localhost:3000/_next/static/chunks/node_modules_react-dom_0bruynb._.js:13800:24)
    at renderWithHooksAgain (http://localhost:3000/_next/static/chunks/node_modules_react-dom_0bruynb._.js:4519:24)
    at renderWithHooks (http://localhost:3000/_next/static/chunks/node_modules_react-dom_0bruynb._.js:4470:28)
    at updateFunctionComponent (http://localhost:3000/_next/static/chunks/node_modules_react-dom_0bruynb._.js:5917:21)
    at beginWork (http://localhost:3000/_next/static/chunks/node_modules_react-dom_0bruynb._.js:6498:24)
    at runWithFiberInDEV (http://localhost:3000/_next/static/chunks/node_modules_react-dom_0bruynb._.js:886:74)
    at performUnitOfWork (http://localhost:3000/_next/static/chunks/node_modules_react-dom_0bruynb._.js:8894:97)
    at workLoopConcurrentByScheduler (http://localhost:3000/_next/static/chunks/node_modules_react-dom_0bruynb._.js:8890:58)
    at renderRootConcurrent (http://localhost:3000/_next/static/chunks/node_modules_react-dom_0bruynb._.js:8873:71)
    at performWorkOnRoot (http://localhost:3000/_next/static/chunks/node_modules_react-dom_0bruynb._.js:8400:150)
    at performWorkOnRootViaSchedulerTask (http://localhost:3000/_next/static/chunks/node_modules_react-dom_0bruynb._.js:9534:9)
    at MessagePort.performWorkUntilDeadline (http://localhost:3000/_next/static/chunks/node_modules_11l9xip._.js:1335:64) @ http://localhost:3000/_next/static/chunks/node_modules_next_dist_0k8zr~w._.js:1945
[   59688ms] [ERROR] Failed to load resource: the server responded with a status of 400 () @ https://solana-devnet.g.alchemy.com/v2/SEem2zNMKSjcqvIsS9gm-_Lw9V5_Ckra:0
[   61914ms] [ERROR] Failed to load resource: the server responded with a status of 400 () @ https://solana-devnet.g.alchemy.com/v2/SEem2zNMKSjcqvIsS9gm-_Lw9V5_Ckra:0
[   65216ms] [ERROR] Failed to load resource: the server responded with a status of 400 () @ https://solana-devnet.g.alchemy.com/v2/SEem2zNMKSjcqvIsS9gm-_Lw9V5_Ckra:0
[   70435ms] [ERROR] Failed to load resource: the server responded with a status of 400 () @ https://solana-devnet.g.alchemy.com/v2/SEem2zNMKSjcqvIsS9gm-_Lw9V5_Ckra:0
[  101692ms] [ERROR] Failed to load resource: the server responded with a status of 400 () @ https://solana-devnet.g.alchemy.com/v2/SEem2zNMKSjcqvIsS9gm-_Lw9V5_Ckra:0
[  103891ms] [ERROR] Failed to load resource: the server responded with a status of 400 () @ https://solana-devnet.g.alchemy.com/v2/SEem2zNMKSjcqvIsS9gm-_Lw9V5_Ckra:0
[  107083ms] [ERROR] Failed to load resource: the server responded with a status of 400 () @ https://solana-devnet.g.alchemy.com/v2/SEem2zNMKSjcqvIsS9gm-_Lw9V5_Ckra:0
[  112308ms] [ERROR] Failed to load resource: the server responded with a status of 400 () @ https://solana-devnet.g.alchemy.com/v2/SEem2zNMKSjcqvIsS9gm-_Lw9V5_Ckra:0
[  145223ms] [ERROR] Failed to load resource: the server responded with a status of 400 () @ https://solana-devnet.g.alchemy.com/v2/SEem2zNMKSjcqvIsS9gm-_Lw9V5_Ckra:0
[  149278ms] [ERROR] Failed to load resource: the server responded with a status of 400 () @ https://solana-devnet.g.alchemy.com/v2/SEem2zNMKSjcqvIsS9gm-_Lw9V5_Ckra:0
[  153547ms] [ERROR] Failed to load resource: the server responded with a status of 400 () @ https://solana-devnet.g.alchemy.com/v2/SEem2zNMKSjcqvIsS9gm-_Lw9V5_Ckra:0
[  159238ms] [ERROR] Failed to load resource: the server responded with a status of 400 () @ https://solana-devnet.g.alchemy.com/v2/SEem2zNMKSjcqvIsS9gm-_Lw9V5_Ckra:0
[  191400ms] [ERROR] Failed to load resource: the server responded with a status of 400 () @ https://solana-devnet.g.alchemy.com/v2/SEem2zNMKSjcqvIsS9gm-_Lw9V5_Ckra:0
[  194242ms] [ERROR] Failed to load resource: the server responded with a status of 400 () @ https://solana-devnet.g.alchemy.com/v2/SEem2zNMKSjcqvIsS9gm-_Lw9V5_Ckra:0
[  198126ms] [ERROR] Failed to load resource: the server responded with a status of 400 () @ https://solana-devnet.g.alchemy.com/v2/SEem2zNMKSjcqvIsS9gm-_Lw9V5_Ckra:0
[  203848ms] [ERROR] Failed to load resource: the server responded with a status of 400 () @ https://solana-devnet.g.alchemy.com/v2/SEem2zNMKSjcqvIsS9gm-_Lw9V5_Ckra:0
[  236151ms] [ERROR] Failed to load resource: the server responded with a status of 400 () @ https://solana-devnet.g.alchemy.com/v2/SEem2zNMKSjcqvIsS9gm-_Lw9V5_Ckra:0
[  238418ms] [ERROR] Failed to load resource: the server responded with a status of 400 () @ https://solana-devnet.g.alchemy.com/v2/SEem2zNMKSjcqvIsS9gm-_Lw9V5_Ckra:0
[  242268ms] [ERROR] Failed to load resource: the server responded with a status of 400 () @ https://solana-devnet.g.alchemy.com/v2/SEem2zNMKSjcqvIsS9gm-_Lw9V5_Ckra:0
[  248011ms] [ERROR] Failed to load resource: the server responded with a status of 400 () @ https://solana-devnet.g.alchemy.com/v2/SEem2zNMKSjcqvIsS9gm-_Lw9V5_Ckra:0
[  279689ms] [ERROR] Failed to load resource: the server responded with a status of 400 () @ https://solana-devnet.g.alchemy.com/v2/SEem2zNMKSjcqvIsS9gm-_Lw9V5_Ckra:0
[  282205ms] [ERROR] Failed to load resource: the server responded with a status of 400 () @ https://solana-devnet.g.alchemy.com/v2/SEem2zNMKSjcqvIsS9gm-_Lw9V5_Ckra:0
[  285448ms] [ERROR] Failed to load resource: the server responded with a status of 400 () @ https://solana-devnet.g.alchemy.com/v2/SEem2zNMKSjcqvIsS9gm-_Lw9V5_Ckra:0
[  290806ms] [ERROR] Failed to load resource: the server responded with a status of 400 () @ https://solana-devnet.g.alchemy.com/v2/SEem2zNMKSjcqvIsS9gm-_Lw9V5_Ckra:0
[  322128ms] [ERROR] Failed to load resource: the server responded with a status of 400 () @ https://solana-devnet.g.alchemy.com/v2/SEem2zNMKSjcqvIsS9gm-_Lw9V5_Ckra:0
[  324408ms] [ERROR] Failed to load resource: the server responded with a status of 400 () @ https://solana-devnet.g.alchemy.com/v2/SEem2zNMKSjcqvIsS9gm-_Lw9V5_Ckra:0
[  327733ms] [ERROR] Failed to load resource: the server responded with a status of 400 () @ https://solana-devnet.g.alchemy.com/v2/SEem2zNMKSjcqvIsS9gm-_Lw9V5_Ckra:0
[  333207ms] [ERROR] Failed to load resource: the server responded with a status of 400 () @ https://solana-devnet.g.alchemy.com/v2/SEem2zNMKSjcqvIsS9gm-_Lw9V5_Ckra:0
[  364944ms] [ERROR] Failed to load resource: the server responded with a status of 400 () @ https://solana-devnet.g.alchemy.com/v2/SEem2zNMKSjcqvIsS9gm-_Lw9V5_Ckra:0
[  367303ms] [ERROR] Failed to load resource: the server responded with a status of 400 () @ https://solana-devnet.g.alchemy.com/v2/SEem2zNMKSjcqvIsS9gm-_Lw9V5_Ckra:0
[  371049ms] [ERROR] Failed to load resource: the server responded with a status of 400 () @ https://solana-devnet.g.alchemy.com/v2/SEem2zNMKSjcqvIsS9gm-_Lw9V5_Ckra:0
[  376312ms] [ERROR] Failed to load resource: the server responded with a status of 400 () @ https://solana-devnet.g.alchemy.com/v2/SEem2zNMKSjcqvIsS9gm-_Lw9V5_Ckra:0
[  407730ms] [ERROR] Failed to load resource: the server responded with a status of 400 () @ https://solana-devnet.g.alchemy.com/v2/SEem2zNMKSjcqvIsS9gm-_Lw9V5_Ckra:0
[  409964ms] [ERROR] Failed to load resource: the server responded with a status of 400 () @ https://solana-devnet.g.alchemy.com/v2/SEem2zNMKSjcqvIsS9gm-_Lw9V5_Ckra:0
[  413182ms] [ERROR] Failed to load resource: the server responded with a status of 400 () @ https://solana-devnet.g.alchemy.com/v2/SEem2zNMKSjcqvIsS9gm-_Lw9V5_Ckra:0
[  418973ms] [ERROR] Failed to load resource: the server responded with a status of 400 () @ https://solana-devnet.g.alchemy.com/v2/SEem2zNMKSjcqvIsS9gm-_Lw9V5_Ckra:0
[  450388ms] [ERROR] Failed to load resource: the server responded with a status of 400 () @ https://solana-devnet.g.alchemy.com/v2/SEem2zNMKSjcqvIsS9gm-_Lw9V5_Ckra:0
[  452772ms] [ERROR] Failed to load resource: the server responded with a status of 400 () @ https://solana-devnet.g.alchemy.com/v2/SEem2zNMKSjcqvIsS9gm-_Lw9V5_Ckra:0
[  456040ms] [ERROR] Failed to load resource: the server responded with a status of 400 () @ https://solana-devnet.g.alchemy.com/v2/SEem2zNMKSjcqvIsS9gm-_Lw9V5_Ckra:0
[  461581ms] [ERROR] Failed to load resource: the server responded with a status of 400 () @ https://solana-devnet.g.alchemy.com/v2/SEem2zNMKSjcqvIsS9gm-_Lw9V5_Ckra:0
[  492911ms] [ERROR] Failed to load resource: the server responded with a status of 400 () @ https://solana-devnet.g.alchemy.com/v2/SEem2zNMKSjcqvIsS9gm-_Lw9V5_Ckra:0
[  495262ms] [ERROR] Failed to load resource: the server responded with a status of 400 () @ https://solana-devnet.g.alchemy.com/v2/SEem2zNMKSjcqvIsS9gm-_Lw9V5_Ckra:0
[  498748ms] [ERROR] Failed to load resource: the server responded with a status of 400 () @ https://solana-devnet.g.alchemy.com/v2/SEem2zNMKSjcqvIsS9gm-_Lw9V5_Ckra:0
[  504293ms] [ERROR] Failed to load resource: the server responded with a status of 400 () @ https://solana-devnet.g.alchemy.com/v2/SEem2zNMKSjcqvIsS9gm-_Lw9V5_Ckra:0
[  535716ms] [ERROR] Failed to load resource: the server responded with a status of 400 () @ https://solana-devnet.g.alchemy.com/v2/SEem2zNMKSjcqvIsS9gm-_Lw9V5_Ckra:0
[  538064ms] [ERROR] Failed to load resource: the server responded with a status of 400 () @ https://solana-devnet.g.alchemy.com/v2/SEem2zNMKSjcqvIsS9gm-_Lw9V5_Ckra:0
[  541861ms] [ERROR] Failed to load resource: the server responded with a status of 400 () @ https://solana-devnet.g.alchemy.com/v2/SEem2zNMKSjcqvIsS9gm-_Lw9V5_Ckra:0
[  547191ms] [ERROR] Failed to load resource: the server responded with a status of 400 () @ https://solana-devnet.g.alchemy.com/v2/SEem2zNMKSjcqvIsS9gm-_Lw9V5_Ckra:0
[  578726ms] [ERROR] Failed to load resource: the server responded with a status of 400 () @ https://solana-devnet.g.alchemy.com/v2/SEem2zNMKSjcqvIsS9gm-_Lw9V5_Ckra:0
[  581088ms] [ERROR] Failed to load resource: the server responded with a status of 400 () @ https://solana-devnet.g.alchemy.com/v2/SEem2zNMKSjcqvIsS9gm-_Lw9V5_Ckra:0
[  584339ms] [ERROR] Failed to load resource: the server responded with a status of 400 () @ https://solana-devnet.g.alchemy.com/v2/SEem2zNMKSjcqvIsS9gm-_Lw9V5_Ckra:0
[  589782ms] [ERROR] Failed to load resource: the server responded with a status of 400 () @ https://solana-devnet.g.alchemy.com/v2/SEem2zNMKSjcqvIsS9gm-_Lw9V5_Ckra:0
[  621315ms] [ERROR] Failed to load resource: the server responded with a status of 400 () @ https://solana-devnet.g.alchemy.com/v2/SEem2zNMKSjcqvIsS9gm-_Lw9V5_Ckra:0
[  623792ms] [ERROR] Failed to load resource: the server responded with a status of 400 () @ https://solana-devnet.g.alchemy.com/v2/SEem2zNMKSjcqvIsS9gm-_Lw9V5_Ckra:0
[  627362ms] [ERROR] Failed to load resource: the server responded with a status of 400 () @ https://solana-devnet.g.alchemy.com/v2/SEem2zNMKSjcqvIsS9gm-_Lw9V5_Ckra:0
[  632999ms] [ERROR] Failed to load resource: the server responded with a status of 400 () @ https://solana-devnet.g.alchemy.com/v2/SEem2zNMKSjcqvIsS9gm-_Lw9V5_Ckra:0
[  664239ms] [ERROR] Failed to load resource: the server responded with a status of 400 () @ https://solana-devnet.g.alchemy.com/v2/SEem2zNMKSjcqvIsS9gm-_Lw9V5_Ckra:0
[  666515ms] [ERROR] Failed to load resource: the server responded with a status of 400 () @ https://solana-devnet.g.alchemy.com/v2/SEem2zNMKSjcqvIsS9gm-_Lw9V5_Ckra:0
[  669789ms] [ERROR] Failed to load resource: the server responded with a status of 400 () @ https://solana-devnet.g.alchemy.com/v2/SEem2zNMKSjcqvIsS9gm-_Lw9V5_Ckra:0
[  675081ms] [ERROR] Failed to load resource: the server responded with a status of 400 () @ https://solana-devnet.g.alchemy.com/v2/SEem2zNMKSjcqvIsS9gm-_Lw9V5_Ckra:0
[  706415ms] [ERROR] Failed to load resource: the server responded with a status of 400 () @ https://solana-devnet.g.alchemy.com/v2/SEem2zNMKSjcqvIsS9gm-_Lw9V5_Ckra:0
[  708749ms] [ERROR] Failed to load resource: the server responded with a status of 400 () @ https://solana-devnet.g.alchemy.com/v2/SEem2zNMKSjcqvIsS9gm-_Lw9V5_Ckra:0
[  712114ms] [ERROR] Failed to load resource: the server responded with a status of 400 () @ https://solana-devnet.g.alchemy.com/v2/SEem2zNMKSjcqvIsS9gm-_Lw9V5_Ckra:0
[  717457ms] [ERROR] Failed to load resource: the server responded with a status of 400 () @ https://solana-devnet.g.alchemy.com/v2/SEem2zNMKSjcqvIsS9gm-_Lw9V5_Ckra:0
[  748813ms] [ERROR] Failed to load resource: the server responded with a status of 400 () @ https://solana-devnet.g.alchemy.com/v2/SEem2zNMKSjcqvIsS9gm-_Lw9V5_Ckra:0
[  751063ms] [ERROR] Failed to load resource: the server responded with a status of 400 () @ https://solana-devnet.g.alchemy.com/v2/SEem2zNMKSjcqvIsS9gm-_Lw9V5_Ckra:0
[  754440ms] [ERROR] Failed to load resource: the server responded with a status of 400 () @ https://solana-devnet.g.alchemy.com/v2/SEem2zNMKSjcqvIsS9gm-_Lw9V5_Ckra:0
[  759740ms] [ERROR] Failed to load resource: the server responded with a status of 400 () @ https://solana-devnet.g.alchemy.com/v2/SEem2zNMKSjcqvIsS9gm-_Lw9V5_Ckra:0
[  791000ms] [ERROR] Failed to load resource: the server responded with a status of 400 () @ https://solana-devnet.g.alchemy.com/v2/SEem2zNMKSjcqvIsS9gm-_Lw9V5_Ckra:0
[  793455ms] [ERROR] Failed to load resource: the server responded with a status of 400 () @ https://solana-devnet.g.alchemy.com/v2/SEem2zNMKSjcqvIsS9gm-_Lw9V5_Ckra:0
[  796833ms] [ERROR] Failed to load resource: the server responded with a status of 400 () @ https://solana-devnet.g.alchemy.com/v2/SEem2zNMKSjcqvIsS9gm-_Lw9V5_Ckra:0
[  802262ms] [ERROR] Failed to load resource: the server responded with a status of 400 () @ https://solana-devnet.g.alchemy.com/v2/SEem2zNMKSjcqvIsS9gm-_Lw9V5_Ckra:0
[  833697ms] [ERROR] Failed to load resource: the server responded with a status of 400 () @ https://solana-devnet.g.alchemy.com/v2/SEem2zNMKSjcqvIsS9gm-_Lw9V5_Ckra:0
[  836021ms] [ERROR] Failed to load resource: the server responded with a status of 400 () @ https://solana-devnet.g.alchemy.com/v2/SEem2zNMKSjcqvIsS9gm-_Lw9V5_Ckra:0
[  839529ms] [ERROR] Failed to load resource: the server responded with a status of 400 () @ https://solana-devnet.g.alchemy.com/v2/SEem2zNMKSjcqvIsS9gm-_Lw9V5_Ckra:0
[  844731ms] [ERROR] Failed to load resource: the server responded with a status of 400 () @ https://solana-devnet.g.alchemy.com/v2/SEem2zNMKSjcqvIsS9gm-_Lw9V5_Ckra:0
[  854714ms] [LOG] [Fast Refresh] rebuilding @ http://localhost:3000/_next/static/chunks/node_modules_next_dist_0k8zr~w._.js:1226
[  855025ms] [ERROR] Error: You have tried to read "publicKey" on a WalletContext without providing one. Make sure to render a WalletProvider as an ancestor of the component that uses WalletContext.
    at logMissingProviderError (http://localhost:3000/_next/static/chunks/node_modules_11f8h_~._.js:1621:19)
    at Object.get (http://localhost:3000/_next/static/chunks/node_modules_11f8h_~._.js:1616:9)
    at ExplorerHome (http://localhost:3000/_next/static/chunks/%5Broot-of-the-server%5D__13abmsj._.js:2145:13)
    at Object.react_stack_bottom_frame (http://localhost:3000/_next/static/chunks/node_modules_react-dom_0bruynb._.js:13800:24)
    at renderWithHooks (http://localhost:3000/_next/static/chunks/node_modules_react-dom_0bruynb._.js:4464:24)
    at updateFunctionComponent (http://localhost:3000/_next/static/chunks/node_modules_react-dom_0bruynb._.js:5917:21)
    at beginWork (http://localhost:3000/_next/static/chunks/node_modules_react-dom_0bruynb._.js:6498:24)
    at runWithFiberInDEV (http://localhost:3000/_next/static/chunks/node_modules_react-dom_0bruynb._.js:886:74)
    at performUnitOfWork (http://localhost:3000/_next/static/chunks/node_modules_react-dom_0bruynb._.js:8894:97)
    at workLoopSync (http://localhost:3000/_next/static/chunks/node_modules_react-dom_0bruynb._.js:8788:40)
    at renderRootSync (http://localhost:3000/_next/static/chunks/node_modules_react-dom_0bruynb._.js:8772:13)
    at performWorkOnRoot (http://localhost:3000/_next/static/chunks/node_modules_react-dom_0bruynb._.js:8400:186)
    at performSyncWorkOnRoot (http://localhost:3000/_next/static/chunks/node_modules_react-dom_0bruynb._.js:9542:9)
    at flushSyncWorkAcrossRoots_impl (http://localhost:3000/_next/static/chunks/node_modules_react-dom_0bruynb._.js:9458:316)
    at processRootScheduleInMicrotask (http://localhost:3000/_next/static/chunks/node_modules_react-dom_0bruynb._.js:9479:106)
    at http://localhost:3000/_next/static/chunks/node_modules_react-dom_0bruynb._.js:9553:158 @ http://localhost:3000/_next/static/chunks/node_modules_next_dist_0k8zr~w._.js:1945
[  855026ms] [ERROR] Error: You have tried to read "publicKey" on a WalletContext without providing one. Make sure to render a WalletProvider as an ancestor of the component that uses WalletContext.
    at logMissingProviderError (http://localhost:3000/_next/static/chunks/node_modules_11f8h_~._.js:1621:19)
    at Object.get (http://localhost:3000/_next/static/chunks/node_modules_11f8h_~._.js:1616:9)
    at ExplorerHome (http://localhost:3000/_next/static/chunks/%5Broot-of-the-server%5D__13abmsj._.js:2145:13)
    at Object.react_stack_bottom_frame (http://localhost:3000/_next/static/chunks/node_modules_react-dom_0bruynb._.js:13800:24)
    at renderWithHooksAgain (http://localhost:3000/_next/static/chunks/node_modules_react-dom_0bruynb._.js:4519:24)
    at renderWithHooks (http://localhost:3000/_next/static/chunks/node_modules_react-dom_0bruynb._.js:4470:28)
    at updateFunctionComponent (http://localhost:3000/_next/static/chunks/node_modules_react-dom_0bruynb._.js:5917:21)
    at beginWork (http://localhost:3000/_next/static/chunks/node_modules_react-dom_0bruynb._.js:6498:24)
    at runWithFiberInDEV (http://localhost:3000/_next/static/chunks/node_modules_react-dom_0bruynb._.js:886:74)
    at performUnitOfWork (http://localhost:3000/_next/static/chunks/node_modules_react-dom_0bruynb._.js:8894:97)
    at workLoopSync (http://localhost:3000/_next/static/chunks/node_modules_react-dom_0bruynb._.js:8788:40)
    at renderRootSync (http://localhost:3000/_next/static/chunks/node_modules_react-dom_0bruynb._.js:8772:13)
    at performWorkOnRoot (http://localhost:3000/_next/static/chunks/node_modules_react-dom_0bruynb._.js:8400:186)
    at performSyncWorkOnRoot (http://localhost:3000/_next/static/chunks/node_modules_react-dom_0bruynb._.js:9542:9)
    at flushSyncWorkAcrossRoots_impl (http://localhost:3000/_next/static/chunks/node_modules_react-dom_0bruynb._.js:9458:316)
    at processRootScheduleInMicrotask (http://localhost:3000/_next/static/chunks/node_modules_react-dom_0bruynb._.js:9479:106)
    at http://localhost:3000/_next/static/chunks/node_modules_react-dom_0bruynb._.js:9553:158 @ http://localhost:3000/_next/static/chunks/node_modules_next_dist_0k8zr~w._.js:1945
[  855028ms] [ERROR] Error: You have tried to read "publicKey" on a WalletContext without providing one. Make sure to render a WalletProvider as an ancestor of the component that uses WalletContext.
    at logMissingProviderError (http://localhost:3000/_next/static/chunks/node_modules_11f8h_~._.js:1621:19)
    at Object.get (http://localhost:3000/_next/static/chunks/node_modules_11f8h_~._.js:1616:9)
    at SolanaConnectWallet (http://localhost:3000/_next/static/chunks/%5Broot-of-the-server%5D__13abmsj._.js:542:13)
    at Object.react_stack_bottom_frame (http://localhost:3000/_next/static/chunks/node_modules_react-dom_0bruynb._.js:13800:24)
    at renderWithHooks (http://localhost:3000/_next/static/chunks/node_modules_react-dom_0bruynb._.js:4464:24)
    at updateFunctionComponent (http://localhost:3000/_next/static/chunks/node_modules_react-dom_0bruynb._.js:5917:21)
    at beginWork (http://localhost:3000/_next/static/chunks/node_modules_react-dom_0bruynb._.js:6498:24)
    at runWithFiberInDEV (http://localhost:3000/_next/static/chunks/node_modules_react-dom_0bruynb._.js:886:74)
    at performUnitOfWork (http://localhost:3000/_next/static/chunks/node_modules_react-dom_0bruynb._.js:8894:97)
    at workLoopSync (http://localhost:3000/_next/static/chunks/node_modules_react-dom_0bruynb._.js:8788:40)
    at renderRootSync (http://localhost:3000/_next/static/chunks/node_modules_react-dom_0bruynb._.js:8772:13)
    at performWorkOnRoot (http://localhost:3000/_next/static/chunks/node_modules_react-dom_0bruynb._.js:8400:186)
    at performSyncWorkOnRoot (http://localhost:3000/_next/static/chunks/node_modules_react-dom_0bruynb._.js:9542:9)
    at flushSyncWorkAcrossRoots_impl (http://localhost:3000/_next/static/chunks/node_modules_react-dom_0bruynb._.js:9458:316)
    at processRootScheduleInMicrotask (http://localhost:3000/_next/static/chunks/node_modules_react-dom_0bruynb._.js:9479:106)
    at http://localhost:3000/_next/static/chunks/node_modules_react-dom_0bruynb._.js:9553:158 @ http://localhost:3000/_next/static/chunks/node_modules_next_dist_0k8zr~w._.js:1945
[  855028ms] [ERROR] Error: You have tried to read "publicKey" on a WalletContext without providing one. Make sure to render a WalletProvider as an ancestor of the component that uses WalletContext.
    at logMissingProviderError (http://localhost:3000/_next/static/chunks/node_modules_11f8h_~._.js:1621:19)
    at Object.get (http://localhost:3000/_next/static/chunks/node_modules_11f8h_~._.js:1616:9)
    at SolanaConnectWallet (http://localhost:3000/_next/static/chunks/%5Broot-of-the-server%5D__13abmsj._.js:542:13)
    at Object.react_stack_bottom_frame (http://localhost:3000/_next/static/chunks/node_modules_react-dom_0bruynb._.js:13800:24)
    at renderWithHooksAgain (http://localhost:3000/_next/static/chunks/node_modules_react-dom_0bruynb._.js:4519:24)
    at renderWithHooks (http://localhost:3000/_next/static/chunks/node_modules_react-dom_0bruynb._.js:4470:28)
    at updateFunctionComponent (http://localhost:3000/_next/static/chunks/node_modules_react-dom_0bruynb._.js:5917:21)
    at beginWork (http://localhost:3000/_next/static/chunks/node_modules_react-dom_0bruynb._.js:6498:24)
    at runWithFiberInDEV (http://localhost:3000/_next/static/chunks/node_modules_react-dom_0bruynb._.js:886:74)
    at performUnitOfWork (http://localhost:3000/_next/static/chunks/node_modules_react-dom_0bruynb._.js:8894:97)
    at workLoopSync (http://localhost:3000/_next/static/chunks/node_modules_react-dom_0bruynb._.js:8788:40)
    at renderRootSync (http://localhost:3000/_next/static/chunks/node_modules_react-dom_0bruynb._.js:8772:13)
    at performWorkOnRoot (http://localhost:3000/_next/static/chunks/node_modules_react-dom_0bruynb._.js:8400:186)
    at performSyncWorkOnRoot (http://localhost:3000/_next/static/chunks/node_modules_react-dom_0bruynb._.js:9542:9)
    at flushSyncWorkAcrossRoots_impl (http://localhost:3000/_next/static/chunks/node_modules_react-dom_0bruynb._.js:9458:316)
    at processRootScheduleInMicrotask (http://localhost:3000/_next/static/chunks/node_modules_react-dom_0bruynb._.js:9479:106)
    at http://localhost:3000/_next/static/chunks/node_modules_react-dom_0bruynb._.js:9553:158 @ http://localhost:3000/_next/static/chunks/node_modules_next_dist_0k8zr~w._.js:1945
[  855028ms] [ERROR] Error: You have tried to read "publicKey" on a WalletContext without providing one. Make sure to render a WalletProvider as an ancestor of the component that uses WalletContext.
    at logMissingProviderError (http://localhost:3000/_next/static/chunks/node_modules_11f8h_~._.js:1621:19)
    at Object.get (http://localhost:3000/_next/static/chunks/node_modules_11f8h_~._.js:1616:9)
    at useWalletMultiButton (http://localhost:3000/_next/static/chunks/node_modules_11f8h_~._.js:1642:72)
    at BaseWalletMultiButton (http://localhost:3000/_next/static/chunks/node_modules_11f8h_~._.js:1817:307)
    at Object.react_stack_bottom_frame (http://localhost:3000/_next/static/chunks/node_modules_react-dom_0bruynb._.js:13800:24)
    at renderWithHooks (http://localhost:3000/_next/static/chunks/node_modules_react-dom_0bruynb._.js:4464:24)
    at updateFunctionComponent (http://localhost:3000/_next/static/chunks/node_modules_react-dom_0bruynb._.js:5917:21)
    at beginWork (http://localhost:3000/_next/static/chunks/node_modules_react-dom_0bruynb._.js:6498:24)
    at runWithFiberInDEV (http://localhost:3000/_next/static/chunks/node_modules_react-dom_0bruynb._.js:886:74)
    at performUnitOfWork (http://localhost:3000/_next/static/chunks/node_modules_react-dom_0bruynb._.js:8894:97)
    at workLoopSync (http://localhost:3000/_next/static/chunks/node_modules_react-dom_0bruynb._.js:8788:40)
    at renderRootSync (http://localhost:3000/_next/static/chunks/node_modules_react-dom_0bruynb._.js:8772:13)
    at performWorkOnRoot (http://localhost:3000/_next/static/chunks/node_modules_react-dom_0bruynb._.js:8400:186)
    at performSyncWorkOnRoot (http://localhost:3000/_next/static/chunks/node_modules_react-dom_0bruynb._.js:9542:9)
    at flushSyncWorkAcrossRoots_impl (http://localhost:3000/_next/static/chunks/node_modules_react-dom_0bruynb._.js:9458:316)
    at processRootScheduleInMicrotask (http://localhost:3000/_next/static/chunks/node_modules_react-dom_0bruynb._.js:9479:106)
    at http://localhost:3000/_next/static/chunks/node_modules_react-dom_0bruynb._.js:9553:158 @ http://localhost:3000/_next/static/chunks/node_modules_next_dist_0k8zr~w._.js:1945
[  855028ms] [ERROR] Error: You have tried to read "wallet" on a WalletContext without providing one. Make sure to render a WalletProvider as an ancestor of the component that uses WalletContext.
    at logMissingProviderError (http://localhost:3000/_next/static/chunks/node_modules_11f8h_~._.js:1621:19)
    at Object.get (http://localhost:3000/_next/static/chunks/node_modules_11f8h_~._.js:1610:9)
    at useWalletMultiButton (http://localhost:3000/_next/static/chunks/node_modules_11f8h_~._.js:1642:91)
    at BaseWalletMultiButton (http://localhost:3000/_next/static/chunks/node_modules_11f8h_~._.js:1817:307)
    at Object.react_stack_bottom_frame (http://localhost:3000/_next/static/chunks/node_modules_react-dom_0bruynb._.js:13800:24)
    at renderWithHooks (http://localhost:3000/_next/static/chunks/node_modules_react-dom_0bruynb._.js:4464:24)
    at updateFunctionComponent (http://localhost:3000/_next/static/chunks/node_modules_react-dom_0bruynb._.js:5917:21)
    at beginWork (http://localhost:3000/_next/static/chunks/node_modules_react-dom_0bruynb._.js:6498:24)
    at runWithFiberInDEV (http://localhost:3000/_next/static/chunks/node_modules_react-dom_0bruynb._.js:886:74)
    at performUnitOfWork (http://localhost:3000/_next/static/chunks/node_modules_react-dom_0bruynb._.js:8894:97)
    at workLoopSync (http://localhost:3000/_next/static/chunks/node_modules_react-dom_0bruynb._.js:8788:40)
    at renderRootSync (http://localhost:3000/_next/static/chunks/node_modules_react-dom_0bruynb._.js:8772:13)
    at performWorkOnRoot (http://localhost:3000/_next/static/chunks/node_modules_react-dom_0bruynb._.js:8400:186)
    at performSyncWorkOnRoot (http://localhost:3000/_next/static/chunks/node_modules_react-dom_0bruynb._.js:9542:9)
    at flushSyncWorkAcrossRoots_impl (http://localhost:3000/_next/static/chunks/node_modules_react-dom_0bruynb._.js:9458:316)
    at processRootScheduleInMicrotask (http://localhost:3000/_next/static/chunks/node_modules_react-dom_0bruynb._.js:9479:106)
    at http://localhost:3000/_next/static/chunks/node_modules_react-dom_0bruynb._.js:9553:158 @ http://localhost:3000/_next/static/chunks/node_modules_next_dist_0k8zr~w._.js:1945
[  855028ms] [ERROR] Error: You have tried to read "wallets" on a WalletContext without providing one. Make sure to render a WalletProvider as an ancestor of the component that uses WalletContext.
    at logMissingProviderError (http://localhost:3000/_next/static/chunks/node_modules_11f8h_~._.js:1621:19)
    at Object.get (http://localhost:3000/_next/static/chunks/node_modules_11f8h_~._.js:1604:9)
    at useWalletMultiButton (http://localhost:3000/_next/static/chunks/node_modules_11f8h_~._.js:1642:99)
    at BaseWalletMultiButton (http://localhost:3000/_next/static/chunks/node_modules_11f8h_~._.js:1817:307)
    at Object.react_stack_bottom_frame (http://localhost:3000/_next/static/chunks/node_modules_react-dom_0bruynb._.js:13800:24)
    at renderWithHooks (http://localhost:3000/_next/static/chunks/node_modules_react-dom_0bruynb._.js:4464:24)
    at updateFunctionComponent (http://localhost:3000/_next/static/chunks/node_modules_react-dom_0bruynb._.js:5917:21)
    at beginWork (http://localhost:3000/_next/static/chunks/node_modules_react-dom_0bruynb._.js:6498:24)
    at runWithFiberInDEV (http://localhost:3000/_next/static/chunks/node_modules_react-dom_0bruynb._.js:886:74)
    at performUnitOfWork (http://localhost:3000/_next/static/chunks/node_modules_react-dom_0bruynb._.js:8894:97)
    at workLoopSync (http://localhost:3000/_next/static/chunks/node_modules_react-dom_0bruynb._.js:8788:40)
    at renderRootSync (http://localhost:3000/_next/static/chunks/node_modules_react-dom_0bruynb._.js:8772:13)
    at performWorkOnRoot (http://localhost:3000/_next/static/chunks/node_modules_react-dom_0bruynb._.js:8400:186)
    at performSyncWorkOnRoot (http://localhost:3000/_next/static/chunks/node_modules_react-dom_0bruynb._.js:9542:9)
    at flushSyncWorkAcrossRoots_impl (http://localhost:3000/_next/static/chunks/node_modules_react-dom_0bruynb._.js:9458:316)
    at processRootScheduleInMicrotask (http://localhost:3000/_next/static/chunks/node_modules_react-dom_0bruynb._.js:9479:106)
    at http://localhost:3000/_next/static/chunks/node_modules_react-dom_0bruynb._.js:9553:158 @ http://localhost:3000/_next/static/chunks/node_modules_next_dist_0k8zr~w._.js:1945
[  855028ms] [ERROR] Error: You have tried to read "publicKey" on a WalletContext without providing one. Make sure to render a WalletProvider as an ancestor of the component that uses WalletContext.
    at logMissingProviderError (http://localhost:3000/_next/static/chunks/node_modules_11f8h_~._.js:1621:19)
    at Object.get (http://localhost:3000/_next/static/chunks/node_modules_11f8h_~._.js:1616:9)
    at useWalletMultiButton (http://localhost:3000/_next/static/chunks/node_modules_11f8h_~._.js:1642:72)
    at BaseWalletMultiButton (http://localhost:3000/_next/static/chunks/node_modules_11f8h_~._.js:1817:307)
    at Object.react_stack_bottom_frame (http://localhost:3000/_next/static/chunks/node_modules_react-dom_0bruynb._.js:13800:24)
    at renderWithHooksAgain (http://localhost:3000/_next/static/chunks/node_modules_react-dom_0bruynb._.js:4519:24)
    at renderWithHooks (http://localhost:3000/_next/static/chunks/node_modules_react-dom_0bruynb._.js:4470:28)
    at updateFunctionComponent (http://localhost:3000/_next/static/chunks/node_modules_react-dom_0bruynb._.js:5917:21)
    at beginWork (http://localhost:3000/_next/static/chunks/node_modules_react-dom_0bruynb._.js:6498:24)
    at runWithFiberInDEV (http://localhost:3000/_next/static/chunks/node_modules_react-dom_0bruynb._.js:886:74)
    at performUnitOfWork (http://localhost:3000/_next/static/chunks/node_modules_react-dom_0bruynb._.js:8894:97)
    at workLoopSync (http://localhost:3000/_next/static/chunks/node_modules_react-dom_0bruynb._.js:8788:40)
    at renderRootSync (http://localhost:3000/_next/static/chunks/node_modules_react-dom_0bruynb._.js:8772:13)
    at performWorkOnRoot (http://localhost:3000/_next/static/chunks/node_modules_react-dom_0bruynb._.js:8400:186)
    at performSyncWorkOnRoot (http://localhost:3000/_next/static/chunks/node_modules_react-dom_0bruynb._.js:9542:9)
    at flushSyncWorkAcrossRoots_impl (http://localhost:3000/_next/static/chunks/node_modules_react-dom_0bruynb._.js:9458:316)
    at processRootScheduleInMicrotask (http://localhost:3000/_next/static/chunks/node_modules_react-dom_0bruynb._.js:9479:106)
    at http://localhost:3000/_next/static/chunks/node_modules_react-dom_0bruynb._.js:9553:158 @ http://localhost:3000/_next/static/chunks/node_modules_next_dist_0k8zr~w._.js:1945
[  855028ms] [ERROR] Error: You have tried to read "wallet" on a WalletContext without providing one. Make sure to render a WalletProvider as an ancestor of the component that uses WalletContext.
    at logMissingProviderError (http://localhost:3000/_next/static/chunks/node_modules_11f8h_~._.js:1621:19)
    at Object.get (http://localhost:3000/_next/static/chunks/node_modules_11f8h_~._.js:1610:9)
    at useWalletMultiButton (http://localhost:3000/_next/static/chunks/node_modules_11f8h_~._.js:1642:91)
    at BaseWalletMultiButton (http://localhost:3000/_next/static/chunks/node_modules_11f8h_~._.js:1817:307)
    at Object.react_stack_bottom_frame (http://localhost:3000/_next/static/chunks/node_modules_react-dom_0bruynb._.js:13800:24)
    at renderWithHooksAgain (http://localhost:3000/_next/static/chunks/node_modules_react-dom_0bruynb._.js:4519:24)
    at renderWithHooks (http://localhost:3000/_next/static/chunks/node_modules_react-dom_0bruynb._.js:4470:28)
    at updateFunctionComponent (http://localhost:3000/_next/static/chunks/node_modules_react-dom_0bruynb._.js:5917:21)
    at beginWork (http://localhost:3000/_next/static/chunks/node_modules_react-dom_0bruynb._.js:6498:24)
    at runWithFiberInDEV (http://localhost:3000/_next/static/chunks/node_modules_react-dom_0bruynb._.js:886:74)
    at performUnitOfWork (http://localhost:3000/_next/static/chunks/node_modules_react-dom_0bruynb._.js:8894:97)
    at workLoopSync (http://localhost:3000/_next/static/chunks/node_modules_react-dom_0bruynb._.js:8788:40)
    at renderRootSync (http://localhost:3000/_next/static/chunks/node_modules_react-dom_0bruynb._.js:8772:13)
    at performWorkOnRoot (http://localhost:3000/_next/static/chunks/node_modules_react-dom_0bruynb._.js:8400:186)
    at performSyncWorkOnRoot (http://localhost:3000/_next/static/chunks/node_modules_react-dom_0bruynb._.js:9542:9)
    at flushSyncWorkAcrossRoots_impl (http://localhost:3000/_next/static/chunks/node_modules_react-dom_0bruynb._.js:9458:316)
    at processRootScheduleInMicrotask (http://localhost:3000/_next/static/chunks/node_modules_react-dom_0bruynb._.js:9479:106)
    at http://localhost:3000/_next/static/chunks/node_modules_react-dom_0bruynb._.js:9553:158 @ http://localhost:3000/_next/static/chunks/node_modules_next_dist_0k8zr~w._.js:1945
[  855029ms] [ERROR] Error: You have tried to read "wallets" on a WalletContext without providing one. Make sure to render a WalletProvider as an ancestor of the component that uses WalletContext.
    at logMissingProviderError (http://localhost:3000/_next/static/chunks/node_modules_11f8h_~._.js:1621:19)
    at Object.get (http://localhost:3000/_next/static/chunks/node_modules_11f8h_~._.js:1604:9)
    at useWalletMultiButton (http://localhost:3000/_next/static/chunks/node_modules_11f8h_~._.js:1642:99)
    at BaseWalletMultiButton (http://localhost:3000/_next/static/chunks/node_modules_11f8h_~._.js:1817:307)
    at Object.react_stack_bottom_frame (http://localhost:3000/_next/static/chunks/node_modules_react-dom_0bruynb._.js:13800:24)
    at renderWithHooksAgain (http://localhost:3000/_next/static/chunks/node_modules_react-dom_0bruynb._.js:4519:24)
    at renderWithHooks (http://localhost:3000/_next/static/chunks/node_modules_react-dom_0bruynb._.js:4470:28)
    at updateFunctionComponent (http://localhost:3000/_next/static/chunks/node_modules_react-dom_0bruynb._.js:5917:21)
    at beginWork (http://localhost:3000/_next/static/chunks/node_modules_react-dom_0bruynb._.js:6498:24)
    at runWithFiberInDEV (http://localhost:3000/_next/static/chunks/node_modules_react-dom_0bruynb._.js:886:74)
    at performUnitOfWork (http://localhost:3000/_next/static/chunks/node_modules_react-dom_0bruynb._.js:8894:97)
    at workLoopSync (http://localhost:3000/_next/static/chunks/node_modules_react-dom_0bruynb._.js:8788:40)
    at renderRootSync (http://localhost:3000/_next/static/chunks/node_modules_react-dom_0bruynb._.js:8772:13)
    at performWorkOnRoot (http://localhost:3000/_next/static/chunks/node_modules_react-dom_0bruynb._.js:8400:186)
    at performSyncWorkOnRoot (http://localhost:3000/_next/static/chunks/node_modules_react-dom_0bruynb._.js:9542:9)
    at flushSyncWorkAcrossRoots_impl (http://localhost:3000/_next/static/chunks/node_modules_react-dom_0bruynb._.js:9458:316)
    at processRootScheduleInMicrotask (http://localhost:3000/_next/static/chunks/node_modules_react-dom_0bruynb._.js:9479:106)
    at http://localhost:3000/_next/static/chunks/node_modules_react-dom_0bruynb._.js:9553:158 @ http://localhost:3000/_next/static/chunks/node_modules_next_dist_0k8zr~w._.js:1945
[  855325ms] [LOG] [Fast Refresh] done in 581ms @ http://localhost:3000/_next/static/chunks/node_modules_next_dist_0k8zr~w._.js:1226
[  856506ms] [ERROR] Failed to load resource: the server responded with a status of 400 () @ https://solana-devnet.g.alchemy.com/v2/SEem2zNMKSjcqvIsS9gm-_Lw9V5_Ckra:0
[  856515ms] [ERROR] Failed to load resource: the server responded with a status of 400 () @ https://solana-devnet.g.alchemy.com/v2/SEem2zNMKSjcqvIsS9gm-_Lw9V5_Ckra:0
[  858889ms] [ERROR] Failed to load resource: the server responded with a status of 400 () @ https://solana-devnet.g.alchemy.com/v2/SEem2zNMKSjcqvIsS9gm-_Lw9V5_Ckra:0
[  862187ms] [ERROR] Failed to load resource: the server responded with a status of 400 () @ https://solana-devnet.g.alchemy.com/v2/SEem2zNMKSjcqvIsS9gm-_Lw9V5_Ckra:0
[  867592ms] [ERROR] Failed to load resource: the server responded with a status of 400 () @ https://solana-devnet.g.alchemy.com/v2/SEem2zNMKSjcqvIsS9gm-_Lw9V5_Ckra:0
[  898934ms] [ERROR] Failed to load resource: the server responded with a status of 400 () @ https://solana-devnet.g.alchemy.com/v2/SEem2zNMKSjcqvIsS9gm-_Lw9V5_Ckra:0
[  901355ms] [ERROR] Failed to load resource: the server responded with a status of 400 () @ https://solana-devnet.g.alchemy.com/v2/SEem2zNMKSjcqvIsS9gm-_Lw9V5_Ckra:0
[  904714ms] [ERROR] Failed to load resource: the server responded with a status of 400 () @ https://solana-devnet.g.alchemy.com/v2/SEem2zNMKSjcqvIsS9gm-_Lw9V5_Ckra:0
[  910204ms] [ERROR] Failed to load resource: the server responded with a status of 400 () @ https://solana-devnet.g.alchemy.com/v2/SEem2zNMKSjcqvIsS9gm-_Lw9V5_Ckra:0
[  917895ms] [LOG] [Fast Refresh] rebuilding @ http://localhost:3000/_next/static/chunks/node_modules_next_dist_0k8zr~w._.js:1226
[  917922ms] [LOG] [Fast Refresh] done in 12ms @ http://localhost:3000/_next/static/chunks/node_modules_next_dist_0k8zr~w._.js:1226
