[      80ms] [INFO] %cDownload the React DevTools for a better development experience: https://react.dev/link/react-devtools font-weight:bold @ http://localhost:3000/_next/static/chunks/node_modules_react-dom_0bruynb._.js:15305
[      93ms] [LOG] [HMR] connected @ http://localhost:3000/_next/static/chunks/node_modules_next_dist_0k8zr~w._.js:1226
[      93ms] [WARNING] [HMR] Invalid message: {"type":"isrManifest","data":{"/market":true,"/confidential":true,"/home":true,"/":true}}
TypeError: Cannot read properties of undefined (reading 'components')
    at handleStaticIndicator (http://localhost:3000/_next/static/chunks/node_modules_next_dist_client_0pe1dg-._.js:2791:46)
    at processMessage (http://localhost:3000/_next/static/chunks/node_modules_next_dist_client_0pe1dg-._.js:2805:17)
    at http://localhost:3000/_next/static/chunks/node_modules_next_dist_client_0pe1dg-._.js:2679:13
    at WebSocket.handleMessage (http://localhost:3000/_next/static/chunks/node_modules_next_dist_client_0pe1dg-._.js:2324:17) @ http://localhost:3000/_next/static/chunks/node_modules_next_dist_0k8zr~w._.js:1226
[     123ms] [ERROR] Error: You have tried to read "publicKey" on a WalletContext without providing one. Make sure to render a WalletProvider as an ancestor of the component that uses WalletContext.
    at logMissingProviderError (http://localhost:3000/_next/static/chunks/node_modules_0e4g8kj._.js:1621:19)
    at Object.get (http://localhost:3000/_next/static/chunks/node_modules_0e4g8kj._.js:1616:9)
    at SolanaConnectWallet (http://localhost:3000/_next/static/chunks/%5Broot-of-the-server%5D__01pr~vt._.js:486:13)
    at Object.react_stack_bottom_frame (http://localhost:3000/_next/static/chunks/node_modules_react-dom_0bruynb._.js:13800:24)
    at renderWithHooks (http://localhost:3000/_next/static/chunks/node_modules_react-dom_0bruynb._.js:4464:24)
    at updateFunctionComponent (http://localhost:3000/_next/static/chunks/node_modules_react-dom_0bruynb._.js:5917:21)
    at beginWork (http://localhost:3000/_next/static/chunks/node_modules_react-dom_0bruynb._.js:6498:24)
    at runWithFiberInDEV (http://localhost:3000/_next/static/chunks/node_modules_react-dom_0bruynb._.js:886:74)
    at performUnitOfWork (http://localhost:3000/_next/static/chunks/node_modules_react-dom_0bruynb._.js:8894:97)
    at workLoopSync (http://localhost:3000/_next/static/chunks/node_modules_react-dom_0bruynb._.js:8788:40)
    at renderRootSync (http://localhost:3000/_next/static/chunks/node_modules_react-dom_0bruynb._.js:8772:13)
    at performWorkOnRoot (http://localhost:3000/_next/static/chunks/node_modules_react-dom_0bruynb._.js:8400:186)
    at performSyncWorkOnRoot (http://localhost:3000/_next/static/chunks/node_modules_react-dom_0bruynb._.js:9542:9)
    at flushSyncWorkAcrossRoots_impl (http://localhost:3000/_next/static/chunks/node_modules_react-dom_0bruynb._.js:9458:316)
    at processRootScheduleInMicrotask (http://localhost:3000/_next/static/chunks/node_modules_react-dom_0bruynb._.js:9479:106)
    at http://localhost:3000/_next/static/chunks/node_modules_react-dom_0bruynb._.js:9553:158 @ http://localhost:3000/_next/static/chunks/node_modules_next_dist_0k8zr~w._.js:1945
[     123ms] [ERROR] Error: You have tried to read "publicKey" on a WalletContext without providing one. Make sure to render a WalletProvider as an ancestor of the component that uses WalletContext.
    at logMissingProviderError (http://localhost:3000/_next/static/chunks/node_modules_0e4g8kj._.js:1621:19)
    at Object.get (http://localhost:3000/_next/static/chunks/node_modules_0e4g8kj._.js:1616:9)
    at SolanaConnectWallet (http://localhost:3000/_next/static/chunks/%5Broot-of-the-server%5D__01pr~vt._.js:486:13)
    at Object.react_stack_bottom_frame (http://localhost:3000/_next/static/chunks/node_modules_react-dom_0bruynb._.js:13800:24)
    at renderWithHooksAgain (http://localhost:3000/_next/static/chunks/node_modules_react-dom_0bruynb._.js:4519:24)
    at renderWithHooks (http://localhost:3000/_next/static/chunks/node_modules_react-dom_0bruynb._.js:4470:28)
    at updateFunctionComponent (http://localhost:3000/_next/static/chunks/node_modules_react-dom_0bruynb._.js:5917:21)
    at beginWork (http://localhost:3000/_next/static/chunks/node_modules_react-dom_0bruynb._.js:6498:24)
    at runWithFiberInDEV (http://localhost:3000/_next/static/chunks/node_modules_react-dom_0bruynb._.js:886:74)
    at performUnitOfWork (http://localhost:3000/_next/static/chunks/node_modules_react-dom_0bruynb._.js:8894:97)
    at workLoopSync (http://localhost:3000/_next/static/chunks/node_modules_react-dom_0bruynb._.js:8788:40)
    at renderRootSync (http://localhost:3000/_next/static/chunks/node_modules_react-dom_0bruynb._.js:8772:13)
    at performWorkOnRoot (http://localhost:3000/_next/static/chunks/node_modules_react-dom_0bruynb._.js:8400:186)
    at performSyncWorkOnRoot (http://localhost:3000/_next/static/chunks/node_modules_react-dom_0bruynb._.js:9542:9)
    at flushSyncWorkAcrossRoots_impl (http://localhost:3000/_next/static/chunks/node_modules_react-dom_0bruynb._.js:9458:316)
    at processRootScheduleInMicrotask (http://localhost:3000/_next/static/chunks/node_modules_react-dom_0bruynb._.js:9479:106)
    at http://localhost:3000/_next/static/chunks/node_modules_react-dom_0bruynb._.js:9553:158 @ http://localhost:3000/_next/static/chunks/node_modules_next_dist_0k8zr~w._.js:1945
[     123ms] [ERROR] Error: You have tried to read "publicKey" on a WalletContext without providing one. Make sure to render a WalletProvider as an ancestor of the component that uses WalletContext.
    at logMissingProviderError (http://localhost:3000/_next/static/chunks/node_modules_0e4g8kj._.js:1621:19)
    at Object.get (http://localhost:3000/_next/static/chunks/node_modules_0e4g8kj._.js:1616:9)
    at useWalletMultiButton (http://localhost:3000/_next/static/chunks/node_modules_0e4g8kj._.js:1658:72)
    at BaseWalletMultiButton (http://localhost:3000/_next/static/chunks/node_modules_0e4g8kj._.js:1833:307)
    at Object.react_stack_bottom_frame (http://localhost:3000/_next/static/chunks/node_modules_react-dom_0bruynb._.js:13800:24)
    at renderWithHooks (http://localhost:3000/_next/static/chunks/node_modules_react-dom_0bruynb._.js:4464:24)
    at updateFunctionComponent (http://localhost:3000/_next/static/chunks/node_modules_react-dom_0bruynb._.js:5917:21)
    at beginWork (http://localhost:3000/_next/static/chunks/node_modules_react-dom_0bruynb._.js:6498:24)
    at runWithFiberInDEV (http://localhost:3000/_next/static/chunks/node_modules_react-dom_0bruynb._.js:886:74)
    at performUnitOfWork (http://localhost:3000/_next/static/chunks/node_modules_react-dom_0bruynb._.js:8894:97)
    at workLoopSync (http://localhost:3000/_next/static/chunks/node_modules_react-dom_0bruynb._.js:8788:40)
    at renderRootSync (http://localhost:3000/_next/static/chunks/node_modules_react-dom_0bruynb._.js:8772:13)
    at performWorkOnRoot (http://localhost:3000/_next/static/chunks/node_modules_react-dom_0bruynb._.js:8400:186)
    at performSyncWorkOnRoot (http://localhost:3000/_next/static/chunks/node_modules_react-dom_0bruynb._.js:9542:9)
    at flushSyncWorkAcrossRoots_impl (http://localhost:3000/_next/static/chunks/node_modules_react-dom_0bruynb._.js:9458:316)
    at processRootScheduleInMicrotask (http://localhost:3000/_next/static/chunks/node_modules_react-dom_0bruynb._.js:9479:106)
    at http://localhost:3000/_next/static/chunks/node_modules_react-dom_0bruynb._.js:9553:158 @ http://localhost:3000/_next/static/chunks/node_modules_next_dist_0k8zr~w._.js:1945
[     123ms] [ERROR] Error: You have tried to read "wallet" on a WalletContext without providing one. Make sure to render a WalletProvider as an ancestor of the component that uses WalletContext.
    at logMissingProviderError (http://localhost:3000/_next/static/chunks/node_modules_0e4g8kj._.js:1621:19)
    at Object.get (http://localhost:3000/_next/static/chunks/node_modules_0e4g8kj._.js:1610:9)
    at useWalletMultiButton (http://localhost:3000/_next/static/chunks/node_modules_0e4g8kj._.js:1658:91)
    at BaseWalletMultiButton (http://localhost:3000/_next/static/chunks/node_modules_0e4g8kj._.js:1833:307)
    at Object.react_stack_bottom_frame (http://localhost:3000/_next/static/chunks/node_modules_react-dom_0bruynb._.js:13800:24)
    at renderWithHooks (http://localhost:3000/_next/static/chunks/node_modules_react-dom_0bruynb._.js:4464:24)
    at updateFunctionComponent (http://localhost:3000/_next/static/chunks/node_modules_react-dom_0bruynb._.js:5917:21)
    at beginWork (http://localhost:3000/_next/static/chunks/node_modules_react-dom_0bruynb._.js:6498:24)
    at runWithFiberInDEV (http://localhost:3000/_next/static/chunks/node_modules_react-dom_0bruynb._.js:886:74)
    at performUnitOfWork (http://localhost:3000/_next/static/chunks/node_modules_react-dom_0bruynb._.js:8894:97)
    at workLoopSync (http://localhost:3000/_next/static/chunks/node_modules_react-dom_0bruynb._.js:8788:40)
    at renderRootSync (http://localhost:3000/_next/static/chunks/node_modules_react-dom_0bruynb._.js:8772:13)
    at performWorkOnRoot (http://localhost:3000/_next/static/chunks/node_modules_react-dom_0bruynb._.js:8400:186)
    at performSyncWorkOnRoot (http://localhost:3000/_next/static/chunks/node_modules_react-dom_0bruynb._.js:9542:9)
    at flushSyncWorkAcrossRoots_impl (http://localhost:3000/_next/static/chunks/node_modules_react-dom_0bruynb._.js:9458:316)
    at processRootScheduleInMicrotask (http://localhost:3000/_next/static/chunks/node_modules_react-dom_0bruynb._.js:9479:106)
    at http://localhost:3000/_next/static/chunks/node_modules_react-dom_0bruynb._.js:9553:158 @ http://localhost:3000/_next/static/chunks/node_modules_next_dist_0k8zr~w._.js:1945
[     123ms] [ERROR] Error: You have tried to read "wallets" on a WalletContext without providing one. Make sure to render a WalletProvider as an ancestor of the component that uses WalletContext.
    at logMissingProviderError (http://localhost:3000/_next/static/chunks/node_modules_0e4g8kj._.js:1621:19)
    at Object.get (http://localhost:3000/_next/static/chunks/node_modules_0e4g8kj._.js:1604:9)
    at useWalletMultiButton (http://localhost:3000/_next/static/chunks/node_modules_0e4g8kj._.js:1658:99)
    at BaseWalletMultiButton (http://localhost:3000/_next/static/chunks/node_modules_0e4g8kj._.js:1833:307)
    at Object.react_stack_bottom_frame (http://localhost:3000/_next/static/chunks/node_modules_react-dom_0bruynb._.js:13800:24)
    at renderWithHooks (http://localhost:3000/_next/static/chunks/node_modules_react-dom_0bruynb._.js:4464:24)
    at updateFunctionComponent (http://localhost:3000/_next/static/chunks/node_modules_react-dom_0bruynb._.js:5917:21)
    at beginWork (http://localhost:3000/_next/static/chunks/node_modules_react-dom_0bruynb._.js:6498:24)
    at runWithFiberInDEV (http://localhost:3000/_next/static/chunks/node_modules_react-dom_0bruynb._.js:886:74)
    at performUnitOfWork (http://localhost:3000/_next/static/chunks/node_modules_react-dom_0bruynb._.js:8894:97)
    at workLoopSync (http://localhost:3000/_next/static/chunks/node_modules_react-dom_0bruynb._.js:8788:40)
    at renderRootSync (http://localhost:3000/_next/static/chunks/node_modules_react-dom_0bruynb._.js:8772:13)
    at performWorkOnRoot (http://localhost:3000/_next/static/chunks/node_modules_react-dom_0bruynb._.js:8400:186)
    at performSyncWorkOnRoot (http://localhost:3000/_next/static/chunks/node_modules_react-dom_0bruynb._.js:9542:9)
    at flushSyncWorkAcrossRoots_impl (http://localhost:3000/_next/static/chunks/node_modules_react-dom_0bruynb._.js:9458:316)
    at processRootScheduleInMicrotask (http://localhost:3000/_next/static/chunks/node_modules_react-dom_0bruynb._.js:9479:106)
    at http://localhost:3000/_next/static/chunks/node_modules_react-dom_0bruynb._.js:9553:158 @ http://localhost:3000/_next/static/chunks/node_modules_next_dist_0k8zr~w._.js:1945
[     124ms] [ERROR] Error: You have tried to read "publicKey" on a WalletContext without providing one. Make sure to render a WalletProvider as an ancestor of the component that uses WalletContext.
    at logMissingProviderError (http://localhost:3000/_next/static/chunks/node_modules_0e4g8kj._.js:1621:19)
    at Object.get (http://localhost:3000/_next/static/chunks/node_modules_0e4g8kj._.js:1616:9)
    at useWalletMultiButton (http://localhost:3000/_next/static/chunks/node_modules_0e4g8kj._.js:1658:72)
    at BaseWalletMultiButton (http://localhost:3000/_next/static/chunks/node_modules_0e4g8kj._.js:1833:307)
    at Object.react_stack_bottom_frame (http://localhost:3000/_next/static/chunks/node_modules_react-dom_0bruynb._.js:13800:24)
    at renderWithHooksAgain (http://localhost:3000/_next/static/chunks/node_modules_react-dom_0bruynb._.js:4519:24)
    at renderWithHooks (http://localhost:3000/_next/static/chunks/node_modules_react-dom_0bruynb._.js:4470:28)
    at updateFunctionComponent (http://localhost:3000/_next/static/chunks/node_modules_react-dom_0bruynb._.js:5917:21)
    at beginWork (http://localhost:3000/_next/static/chunks/node_modules_react-dom_0bruynb._.js:6498:24)
    at runWithFiberInDEV (http://localhost:3000/_next/static/chunks/node_modules_react-dom_0bruynb._.js:886:74)
    at performUnitOfWork (http://localhost:3000/_next/static/chunks/node_modules_react-dom_0bruynb._.js:8894:97)
    at workLoopSync (http://localhost:3000/_next/static/chunks/node_modules_react-dom_0bruynb._.js:8788:40)
    at renderRootSync (http://localhost:3000/_next/static/chunks/node_modules_react-dom_0bruynb._.js:8772:13)
    at performWorkOnRoot (http://localhost:3000/_next/static/chunks/node_modules_react-dom_0bruynb._.js:8400:186)
    at performSyncWorkOnRoot (http://localhost:3000/_next/static/chunks/node_modules_react-dom_0bruynb._.js:9542:9)
    at flushSyncWorkAcrossRoots_impl (http://localhost:3000/_next/static/chunks/node_modules_react-dom_0bruynb._.js:9458:316)
    at processRootScheduleInMicrotask (http://localhost:3000/_next/static/chunks/node_modules_react-dom_0bruynb._.js:9479:106)
    at http://localhost:3000/_next/static/chunks/node_modules_react-dom_0bruynb._.js:9553:158 @ http://localhost:3000/_next/static/chunks/node_modules_next_dist_0k8zr~w._.js:1945
[     124ms] [ERROR] Error: You have tried to read "wallet" on a WalletContext without providing one. Make sure to render a WalletProvider as an ancestor of the component that uses WalletContext.
    at logMissingProviderError (http://localhost:3000/_next/static/chunks/node_modules_0e4g8kj._.js:1621:19)
    at Object.get (http://localhost:3000/_next/static/chunks/node_modules_0e4g8kj._.js:1610:9)
    at useWalletMultiButton (http://localhost:3000/_next/static/chunks/node_modules_0e4g8kj._.js:1658:91)
    at BaseWalletMultiButton (http://localhost:3000/_next/static/chunks/node_modules_0e4g8kj._.js:1833:307)
    at Object.react_stack_bottom_frame (http://localhost:3000/_next/static/chunks/node_modules_react-dom_0bruynb._.js:13800:24)
    at renderWithHooksAgain (http://localhost:3000/_next/static/chunks/node_modules_react-dom_0bruynb._.js:4519:24)
    at renderWithHooks (http://localhost:3000/_next/static/chunks/node_modules_react-dom_0bruynb._.js:4470:28)
    at updateFunctionComponent (http://localhost:3000/_next/static/chunks/node_modules_react-dom_0bruynb._.js:5917:21)
    at beginWork (http://localhost:3000/_next/static/chunks/node_modules_react-dom_0bruynb._.js:6498:24)
    at runWithFiberInDEV (http://localhost:3000/_next/static/chunks/node_modules_react-dom_0bruynb._.js:886:74)
    at performUnitOfWork (http://localhost:3000/_next/static/chunks/node_modules_react-dom_0bruynb._.js:8894:97)
    at workLoopSync (http://localhost:3000/_next/static/chunks/node_modules_react-dom_0bruynb._.js:8788:40)
    at renderRootSync (http://localhost:3000/_next/static/chunks/node_modules_react-dom_0bruynb._.js:8772:13)
    at performWorkOnRoot (http://localhost:3000/_next/static/chunks/node_modules_react-dom_0bruynb._.js:8400:186)
    at performSyncWorkOnRoot (http://localhost:3000/_next/static/chunks/node_modules_react-dom_0bruynb._.js:9542:9)
    at flushSyncWorkAcrossRoots_impl (http://localhost:3000/_next/static/chunks/node_modules_react-dom_0bruynb._.js:9458:316)
    at processRootScheduleInMicrotask (http://localhost:3000/_next/static/chunks/node_modules_react-dom_0bruynb._.js:9479:106)
    at http://localhost:3000/_next/static/chunks/node_modules_react-dom_0bruynb._.js:9553:158 @ http://localhost:3000/_next/static/chunks/node_modules_next_dist_0k8zr~w._.js:1945
[     124ms] [ERROR] Error: You have tried to read "wallets" on a WalletContext without providing one. Make sure to render a WalletProvider as an ancestor of the component that uses WalletContext.
    at logMissingProviderError (http://localhost:3000/_next/static/chunks/node_modules_0e4g8kj._.js:1621:19)
    at Object.get (http://localhost:3000/_next/static/chunks/node_modules_0e4g8kj._.js:1604:9)
    at useWalletMultiButton (http://localhost:3000/_next/static/chunks/node_modules_0e4g8kj._.js:1658:99)
    at BaseWalletMultiButton (http://localhost:3000/_next/static/chunks/node_modules_0e4g8kj._.js:1833:307)
    at Object.react_stack_bottom_frame (http://localhost:3000/_next/static/chunks/node_modules_react-dom_0bruynb._.js:13800:24)
    at renderWithHooksAgain (http://localhost:3000/_next/static/chunks/node_modules_react-dom_0bruynb._.js:4519:24)
    at renderWithHooks (http://localhost:3000/_next/static/chunks/node_modules_react-dom_0bruynb._.js:4470:28)
    at updateFunctionComponent (http://localhost:3000/_next/static/chunks/node_modules_react-dom_0bruynb._.js:5917:21)
    at beginWork (http://localhost:3000/_next/static/chunks/node_modules_react-dom_0bruynb._.js:6498:24)
    at runWithFiberInDEV (http://localhost:3000/_next/static/chunks/node_modules_react-dom_0bruynb._.js:886:74)
    at performUnitOfWork (http://localhost:3000/_next/static/chunks/node_modules_react-dom_0bruynb._.js:8894:97)
    at workLoopSync (http://localhost:3000/_next/static/chunks/node_modules_react-dom_0bruynb._.js:8788:40)
    at renderRootSync (http://localhost:3000/_next/static/chunks/node_modules_react-dom_0bruynb._.js:8772:13)
    at performWorkOnRoot (http://localhost:3000/_next/static/chunks/node_modules_react-dom_0bruynb._.js:8400:186)
    at performSyncWorkOnRoot (http://localhost:3000/_next/static/chunks/node_modules_react-dom_0bruynb._.js:9542:9)
    at flushSyncWorkAcrossRoots_impl (http://localhost:3000/_next/static/chunks/node_modules_react-dom_0bruynb._.js:9458:316)
    at processRootScheduleInMicrotask (http://localhost:3000/_next/static/chunks/node_modules_react-dom_0bruynb._.js:9479:106)
    at http://localhost:3000/_next/static/chunks/node_modules_react-dom_0bruynb._.js:9553:158 @ http://localhost:3000/_next/static/chunks/node_modules_next_dist_0k8zr~w._.js:1945
[     125ms] [ERROR] Error: You have tried to read "publicKey" on a WalletContext without providing one. Make sure to render a WalletProvider as an ancestor of the component that uses WalletContext.
    at logMissingProviderError (http://localhost:3000/_next/static/chunks/node_modules_0e4g8kj._.js:1621:19)
    at Object.get (http://localhost:3000/_next/static/chunks/node_modules_0e4g8kj._.js:1616:9)
    at PlaceBetModal (http://localhost:3000/_next/static/chunks/%5Broot-of-the-server%5D__01pr~vt._.js:2453:13)
    at Object.react_stack_bottom_frame (http://localhost:3000/_next/static/chunks/node_modules_react-dom_0bruynb._.js:13800:24)
    at renderWithHooks (http://localhost:3000/_next/static/chunks/node_modules_react-dom_0bruynb._.js:4464:24)
    at updateFunctionComponent (http://localhost:3000/_next/static/chunks/node_modules_react-dom_0bruynb._.js:5917:21)
    at beginWork (http://localhost:3000/_next/static/chunks/node_modules_react-dom_0bruynb._.js:6498:24)
    at runWithFiberInDEV (http://localhost:3000/_next/static/chunks/node_modules_react-dom_0bruynb._.js:886:74)
    at performUnitOfWork (http://localhost:3000/_next/static/chunks/node_modules_react-dom_0bruynb._.js:8894:97)
    at workLoopSync (http://localhost:3000/_next/static/chunks/node_modules_react-dom_0bruynb._.js:8788:40)
    at renderRootSync (http://localhost:3000/_next/static/chunks/node_modules_react-dom_0bruynb._.js:8772:13)
    at performWorkOnRoot (http://localhost:3000/_next/static/chunks/node_modules_react-dom_0bruynb._.js:8400:186)
    at performSyncWorkOnRoot (http://localhost:3000/_next/static/chunks/node_modules_react-dom_0bruynb._.js:9542:9)
    at flushSyncWorkAcrossRoots_impl (http://localhost:3000/_next/static/chunks/node_modules_react-dom_0bruynb._.js:9458:316)
    at processRootScheduleInMicrotask (http://localhost:3000/_next/static/chunks/node_modules_react-dom_0bruynb._.js:9479:106)
    at http://localhost:3000/_next/static/chunks/node_modules_react-dom_0bruynb._.js:9553:158 @ http://localhost:3000/_next/static/chunks/node_modules_next_dist_0k8zr~w._.js:1945
[     125ms] [ERROR] Error: You have tried to read "publicKey" on a WalletContext without providing one. Make sure to render a WalletProvider as an ancestor of the component that uses WalletContext.
    at logMissingProviderError (http://localhost:3000/_next/static/chunks/node_modules_0e4g8kj._.js:1621:19)
    at Object.get (http://localhost:3000/_next/static/chunks/node_modules_0e4g8kj._.js:1616:9)
    at usePlaceBet (http://localhost:3000/_next/static/chunks/%5Broot-of-the-server%5D__01pr~vt._.js:2301:13)
    at PlaceBetModal (http://localhost:3000/_next/static/chunks/%5Broot-of-the-server%5D__01pr~vt._.js:2460:166)
    at Object.react_stack_bottom_frame (http://localhost:3000/_next/static/chunks/node_modules_react-dom_0bruynb._.js:13800:24)
    at renderWithHooks (http://localhost:3000/_next/static/chunks/node_modules_react-dom_0bruynb._.js:4464:24)
    at updateFunctionComponent (http://localhost:3000/_next/static/chunks/node_modules_react-dom_0bruynb._.js:5917:21)
    at beginWork (http://localhost:3000/_next/static/chunks/node_modules_react-dom_0bruynb._.js:6498:24)
    at runWithFiberInDEV (http://localhost:3000/_next/static/chunks/node_modules_react-dom_0bruynb._.js:886:74)
    at performUnitOfWork (http://localhost:3000/_next/static/chunks/node_modules_react-dom_0bruynb._.js:8894:97)
    at workLoopSync (http://localhost:3000/_next/static/chunks/node_modules_react-dom_0bruynb._.js:8788:40)
    at renderRootSync (http://localhost:3000/_next/static/chunks/node_modules_react-dom_0bruynb._.js:8772:13)
    at performWorkOnRoot (http://localhost:3000/_next/static/chunks/node_modules_react-dom_0bruynb._.js:8400:186)
    at performSyncWorkOnRoot (http://localhost:3000/_next/static/chunks/node_modules_react-dom_0bruynb._.js:9542:9)
    at flushSyncWorkAcrossRoots_impl (http://localhost:3000/_next/static/chunks/node_modules_react-dom_0bruynb._.js:9458:316)
    at processRootScheduleInMicrotask (http://localhost:3000/_next/static/chunks/node_modules_react-dom_0bruynb._.js:9479:106)
    at http://localhost:3000/_next/static/chunks/node_modules_react-dom_0bruynb._.js:9553:158 @ http://localhost:3000/_next/static/chunks/node_modules_next_dist_0k8zr~w._.js:1945
[     125ms] [ERROR] Error: You have tried to read "publicKey" on a WalletContext without providing one. Make sure to render a WalletProvider as an ancestor of the component that uses WalletContext.
    at logMissingProviderError (http://localhost:3000/_next/static/chunks/node_modules_0e4g8kj._.js:1621:19)
    at Object.get (http://localhost:3000/_next/static/chunks/node_modules_0e4g8kj._.js:1616:9)
    at PlaceBetModal (http://localhost:3000/_next/static/chunks/%5Broot-of-the-server%5D__01pr~vt._.js:2453:13)
    at Object.react_stack_bottom_frame (http://localhost:3000/_next/static/chunks/node_modules_react-dom_0bruynb._.js:13800:24)
    at renderWithHooksAgain (http://localhost:3000/_next/static/chunks/node_modules_react-dom_0bruynb._.js:4519:24)
    at renderWithHooks (http://localhost:3000/_next/static/chunks/node_modules_react-dom_0bruynb._.js:4470:28)
    at updateFunctionComponent (http://localhost:3000/_next/static/chunks/node_modules_react-dom_0bruynb._.js:5917:21)
    at beginWork (http://localhost:3000/_next/static/chunks/node_modules_react-dom_0bruynb._.js:6498:24)
    at runWithFiberInDEV (http://localhost:3000/_next/static/chunks/node_modules_react-dom_0bruynb._.js:886:74)
    at performUnitOfWork (http://localhost:3000/_next/static/chunks/node_modules_react-dom_0bruynb._.js:8894:97)
    at workLoopSync (http://localhost:3000/_next/static/chunks/node_modules_react-dom_0bruynb._.js:8788:40)
    at renderRootSync (http://localhost:3000/_next/static/chunks/node_modules_react-dom_0bruynb._.js:8772:13)
    at performWorkOnRoot (http://localhost:3000/_next/static/chunks/node_modules_react-dom_0bruynb._.js:8400:186)
    at performSyncWorkOnRoot (http://localhost:3000/_next/static/chunks/node_modules_react-dom_0bruynb._.js:9542:9)
    at flushSyncWorkAcrossRoots_impl (http://localhost:3000/_next/static/chunks/node_modules_react-dom_0bruynb._.js:9458:316)
    at processRootScheduleInMicrotask (http://localhost:3000/_next/static/chunks/node_modules_react-dom_0bruynb._.js:9479:106)
    at http://localhost:3000/_next/static/chunks/node_modules_react-dom_0bruynb._.js:9553:158 @ http://localhost:3000/_next/static/chunks/node_modules_next_dist_0k8zr~w._.js:1945
[     125ms] [ERROR] Error: You have tried to read "publicKey" on a WalletContext without providing one. Make sure to render a WalletProvider as an ancestor of the component that uses WalletContext.
    at logMissingProviderError (http://localhost:3000/_next/static/chunks/node_modules_0e4g8kj._.js:1621:19)
    at Object.get (http://localhost:3000/_next/static/chunks/node_modules_0e4g8kj._.js:1616:9)
    at usePlaceBet (http://localhost:3000/_next/static/chunks/%5Broot-of-the-server%5D__01pr~vt._.js:2301:13)
    at PlaceBetModal (http://localhost:3000/_next/static/chunks/%5Broot-of-the-server%5D__01pr~vt._.js:2460:166)
    at Object.react_stack_bottom_frame (http://localhost:3000/_next/static/chunks/node_modules_react-dom_0bruynb._.js:13800:24)
    at renderWithHooksAgain (http://localhost:3000/_next/static/chunks/node_modules_react-dom_0bruynb._.js:4519:24)
    at renderWithHooks (http://localhost:3000/_next/static/chunks/node_modules_react-dom_0bruynb._.js:4470:28)
    at updateFunctionComponent (http://localhost:3000/_next/static/chunks/node_modules_react-dom_0bruynb._.js:5917:21)
    at beginWork (http://localhost:3000/_next/static/chunks/node_modules_react-dom_0bruynb._.js:6498:24)
    at runWithFiberInDEV (http://localhost:3000/_next/static/chunks/node_modules_react-dom_0bruynb._.js:886:74)
    at performUnitOfWork (http://localhost:3000/_next/static/chunks/node_modules_react-dom_0bruynb._.js:8894:97)
    at workLoopSync (http://localhost:3000/_next/static/chunks/node_modules_react-dom_0bruynb._.js:8788:40)
    at renderRootSync (http://localhost:3000/_next/static/chunks/node_modules_react-dom_0bruynb._.js:8772:13)
    at performWorkOnRoot (http://localhost:3000/_next/static/chunks/node_modules_react-dom_0bruynb._.js:8400:186)
    at performSyncWorkOnRoot (http://localhost:3000/_next/static/chunks/node_modules_react-dom_0bruynb._.js:9542:9)
    at flushSyncWorkAcrossRoots_impl (http://localhost:3000/_next/static/chunks/node_modules_react-dom_0bruynb._.js:9458:316)
    at processRootScheduleInMicrotask (http://localhost:3000/_next/static/chunks/node_modules_react-dom_0bruynb._.js:9479:106)
    at http://localhost:3000/_next/static/chunks/node_modules_react-dom_0bruynb._.js:9553:158 @ http://localhost:3000/_next/static/chunks/node_modules_next_dist_0k8zr~w._.js:1945
[     127ms] [WARNING] Do not add stylesheets using next/head (see <link rel="stylesheet"> tag with href="https://api.fontshare.com/v2/css?f[]=satoshi@900,700,500,400,300&display=swap"). Use Document instead. 
See more info here: https://nextjs.org/docs/messages/no-stylesheets-in-head-component @ http://localhost:3000/_next/static/chunks/node_modules_next_dist_0k8zr~w._.js:1226
[     163ms] [ERROR] Error: You have tried to read "publicKey" on a WalletContext without providing one. Make sure to render a WalletProvider as an ancestor of the component that uses WalletContext.
    at logMissingProviderError (http://localhost:3000/_next/static/chunks/node_modules_0e4g8kj._.js:1621:19)
    at Object.get (http://localhost:3000/_next/static/chunks/node_modules_0e4g8kj._.js:1616:9)
    at SolanaConnectWallet (http://localhost:3000/_next/static/chunks/%5Broot-of-the-server%5D__01pr~vt._.js:486:13)
    at Object.react_stack_bottom_frame (http://localhost:3000/_next/static/chunks/node_modules_react-dom_0bruynb._.js:13800:24)
    at renderWithHooks (http://localhost:3000/_next/static/chunks/node_modules_react-dom_0bruynb._.js:4464:24)
    at updateFunctionComponent (http://localhost:3000/_next/static/chunks/node_modules_react-dom_0bruynb._.js:5917:21)
    at beginWork (http://localhost:3000/_next/static/chunks/node_modules_react-dom_0bruynb._.js:6498:24)
    at runWithFiberInDEV (http://localhost:3000/_next/static/chunks/node_modules_react-dom_0bruynb._.js:886:74)
    at performUnitOfWork (http://localhost:3000/_next/static/chunks/node_modules_react-dom_0bruynb._.js:8894:97)
    at workLoopSync (http://localhost:3000/_next/static/chunks/node_modules_react-dom_0bruynb._.js:8788:40)
    at renderRootSync (http://localhost:3000/_next/static/chunks/node_modules_react-dom_0bruynb._.js:8772:13)
    at performWorkOnRoot (http://localhost:3000/_next/static/chunks/node_modules_react-dom_0bruynb._.js:8400:186)
    at performWorkOnRootViaSchedulerTask (http://localhost:3000/_next/static/chunks/node_modules_react-dom_0bruynb._.js:9534:9)
    at MessagePort.performWorkUntilDeadline (http://localhost:3000/_next/static/chunks/node_modules_11l9xip._.js:1335:64) @ http://localhost:3000/_next/static/chunks/node_modules_next_dist_0k8zr~w._.js:1945
[     163ms] [ERROR] Error: You have tried to read "publicKey" on a WalletContext without providing one. Make sure to render a WalletProvider as an ancestor of the component that uses WalletContext.
    at logMissingProviderError (http://localhost:3000/_next/static/chunks/node_modules_0e4g8kj._.js:1621:19)
    at Object.get (http://localhost:3000/_next/static/chunks/node_modules_0e4g8kj._.js:1616:9)
    at SolanaConnectWallet (http://localhost:3000/_next/static/chunks/%5Broot-of-the-server%5D__01pr~vt._.js:486:13)
    at Object.react_stack_bottom_frame (http://localhost:3000/_next/static/chunks/node_modules_react-dom_0bruynb._.js:13800:24)
    at renderWithHooksAgain (http://localhost:3000/_next/static/chunks/node_modules_react-dom_0bruynb._.js:4519:24)
    at renderWithHooks (http://localhost:3000/_next/static/chunks/node_modules_react-dom_0bruynb._.js:4470:28)
    at updateFunctionComponent (http://localhost:3000/_next/static/chunks/node_modules_react-dom_0bruynb._.js:5917:21)
    at beginWork (http://localhost:3000/_next/static/chunks/node_modules_react-dom_0bruynb._.js:6498:24)
    at runWithFiberInDEV (http://localhost:3000/_next/static/chunks/node_modules_react-dom_0bruynb._.js:886:74)
    at performUnitOfWork (http://localhost:3000/_next/static/chunks/node_modules_react-dom_0bruynb._.js:8894:97)
    at workLoopSync (http://localhost:3000/_next/static/chunks/node_modules_react-dom_0bruynb._.js:8788:40)
    at renderRootSync (http://localhost:3000/_next/static/chunks/node_modules_react-dom_0bruynb._.js:8772:13)
    at performWorkOnRoot (http://localhost:3000/_next/static/chunks/node_modules_react-dom_0bruynb._.js:8400:186)
    at performWorkOnRootViaSchedulerTask (http://localhost:3000/_next/static/chunks/node_modules_react-dom_0bruynb._.js:9534:9)
    at MessagePort.performWorkUntilDeadline (http://localhost:3000/_next/static/chunks/node_modules_11l9xip._.js:1335:64) @ http://localhost:3000/_next/static/chunks/node_modules_next_dist_0k8zr~w._.js:1945
[     163ms] [ERROR] Error: You have tried to read "publicKey" on a WalletContext without providing one. Make sure to render a WalletProvider as an ancestor of the component that uses WalletContext.
    at logMissingProviderError (http://localhost:3000/_next/static/chunks/node_modules_0e4g8kj._.js:1621:19)
    at Object.get (http://localhost:3000/_next/static/chunks/node_modules_0e4g8kj._.js:1616:9)
    at useWalletMultiButton (http://localhost:3000/_next/static/chunks/node_modules_0e4g8kj._.js:1658:72)
    at BaseWalletMultiButton (http://localhost:3000/_next/static/chunks/node_modules_0e4g8kj._.js:1833:307)
    at Object.react_stack_bottom_frame (http://localhost:3000/_next/static/chunks/node_modules_react-dom_0bruynb._.js:13800:24)
    at renderWithHooks (http://localhost:3000/_next/static/chunks/node_modules_react-dom_0bruynb._.js:4464:24)
    at updateFunctionComponent (http://localhost:3000/_next/static/chunks/node_modules_react-dom_0bruynb._.js:5917:21)
    at beginWork (http://localhost:3000/_next/static/chunks/node_modules_react-dom_0bruynb._.js:6498:24)
    at runWithFiberInDEV (http://localhost:3000/_next/static/chunks/node_modules_react-dom_0bruynb._.js:886:74)
    at performUnitOfWork (http://localhost:3000/_next/static/chunks/node_modules_react-dom_0bruynb._.js:8894:97)
    at workLoopSync (http://localhost:3000/_next/static/chunks/node_modules_react-dom_0bruynb._.js:8788:40)
    at renderRootSync (http://localhost:3000/_next/static/chunks/node_modules_react-dom_0bruynb._.js:8772:13)
    at performWorkOnRoot (http://localhost:3000/_next/static/chunks/node_modules_react-dom_0bruynb._.js:8400:186)
    at performWorkOnRootViaSchedulerTask (http://localhost:3000/_next/static/chunks/node_modules_react-dom_0bruynb._.js:9534:9)
    at MessagePort.performWorkUntilDeadline (http://localhost:3000/_next/static/chunks/node_modules_11l9xip._.js:1335:64) @ http://localhost:3000/_next/static/chunks/node_modules_next_dist_0k8zr~w._.js:1945
[     163ms] [ERROR] Error: You have tried to read "wallet" on a WalletContext without providing one. Make sure to render a WalletProvider as an ancestor of the component that uses WalletContext.
    at logMissingProviderError (http://localhost:3000/_next/static/chunks/node_modules_0e4g8kj._.js:1621:19)
    at Object.get (http://localhost:3000/_next/static/chunks/node_modules_0e4g8kj._.js:1610:9)
    at useWalletMultiButton (http://localhost:3000/_next/static/chunks/node_modules_0e4g8kj._.js:1658:91)
    at BaseWalletMultiButton (http://localhost:3000/_next/static/chunks/node_modules_0e4g8kj._.js:1833:307)
    at Object.react_stack_bottom_frame (http://localhost:3000/_next/static/chunks/node_modules_react-dom_0bruynb._.js:13800:24)
    at renderWithHooks (http://localhost:3000/_next/static/chunks/node_modules_react-dom_0bruynb._.js:4464:24)
    at updateFunctionComponent (http://localhost:3000/_next/static/chunks/node_modules_react-dom_0bruynb._.js:5917:21)
    at beginWork (http://localhost:3000/_next/static/chunks/node_modules_react-dom_0bruynb._.js:6498:24)
    at runWithFiberInDEV (http://localhost:3000/_next/static/chunks/node_modules_react-dom_0bruynb._.js:886:74)
    at performUnitOfWork (http://localhost:3000/_next/static/chunks/node_modules_react-dom_0bruynb._.js:8894:97)
    at workLoopSync (http://localhost:3000/_next/static/chunks/node_modules_react-dom_0bruynb._.js:8788:40)
    at renderRootSync (http://localhost:3000/_next/static/chunks/node_modules_react-dom_0bruynb._.js:8772:13)
    at performWorkOnRoot (http://localhost:3000/_next/static/chunks/node_modules_react-dom_0bruynb._.js:8400:186)
    at performWorkOnRootViaSchedulerTask (http://localhost:3000/_next/static/chunks/node_modules_react-dom_0bruynb._.js:9534:9)
    at MessagePort.performWorkUntilDeadline (http://localhost:3000/_next/static/chunks/node_modules_11l9xip._.js:1335:64) @ http://localhost:3000/_next/static/chunks/node_modules_next_dist_0k8zr~w._.js:1945
[     163ms] [ERROR] Error: You have tried to read "wallets" on a WalletContext without providing one. Make sure to render a WalletProvider as an ancestor of the component that uses WalletContext.
    at logMissingProviderError (http://localhost:3000/_next/static/chunks/node_modules_0e4g8kj._.js:1621:19)
    at Object.get (http://localhost:3000/_next/static/chunks/node_modules_0e4g8kj._.js:1604:9)
    at useWalletMultiButton (http://localhost:3000/_next/static/chunks/node_modules_0e4g8kj._.js:1658:99)
    at BaseWalletMultiButton (http://localhost:3000/_next/static/chunks/node_modules_0e4g8kj._.js:1833:307)
    at Object.react_stack_bottom_frame (http://localhost:3000/_next/static/chunks/node_modules_react-dom_0bruynb._.js:13800:24)
    at renderWithHooks (http://localhost:3000/_next/static/chunks/node_modules_react-dom_0bruynb._.js:4464:24)
    at updateFunctionComponent (http://localhost:3000/_next/static/chunks/node_modules_react-dom_0bruynb._.js:5917:21)
    at beginWork (http://localhost:3000/_next/static/chunks/node_modules_react-dom_0bruynb._.js:6498:24)
    at runWithFiberInDEV (http://localhost:3000/_next/static/chunks/node_modules_react-dom_0bruynb._.js:886:74)
    at performUnitOfWork (http://localhost:3000/_next/static/chunks/node_modules_react-dom_0bruynb._.js:8894:97)
    at workLoopSync (http://localhost:3000/_next/static/chunks/node_modules_react-dom_0bruynb._.js:8788:40)
    at renderRootSync (http://localhost:3000/_next/static/chunks/node_modules_react-dom_0bruynb._.js:8772:13)
    at performWorkOnRoot (http://localhost:3000/_next/static/chunks/node_modules_react-dom_0bruynb._.js:8400:186)
    at performWorkOnRootViaSchedulerTask (http://localhost:3000/_next/static/chunks/node_modules_react-dom_0bruynb._.js:9534:9)
    at MessagePort.performWorkUntilDeadline (http://localhost:3000/_next/static/chunks/node_modules_11l9xip._.js:1335:64) @ http://localhost:3000/_next/static/chunks/node_modules_next_dist_0k8zr~w._.js:1945
[     164ms] [ERROR] Error: You have tried to read "publicKey" on a WalletContext without providing one. Make sure to render a WalletProvider as an ancestor of the component that uses WalletContext.
    at logMissingProviderError (http://localhost:3000/_next/static/chunks/node_modules_0e4g8kj._.js:1621:19)
    at Object.get (http://localhost:3000/_next/static/chunks/node_modules_0e4g8kj._.js:1616:9)
    at useWalletMultiButton (http://localhost:3000/_next/static/chunks/node_modules_0e4g8kj._.js:1658:72)
    at BaseWalletMultiButton (http://localhost:3000/_next/static/chunks/node_modules_0e4g8kj._.js:1833:307)
    at Object.react_stack_bottom_frame (http://localhost:3000/_next/static/chunks/node_modules_react-dom_0bruynb._.js:13800:24)
    at renderWithHooksAgain (http://localhost:3000/_next/static/chunks/node_modules_react-dom_0bruynb._.js:4519:24)
    at renderWithHooks (http://localhost:3000/_next/static/chunks/node_modules_react-dom_0bruynb._.js:4470:28)
    at updateFunctionComponent (http://localhost:3000/_next/static/chunks/node_modules_react-dom_0bruynb._.js:5917:21)
    at beginWork (http://localhost:3000/_next/static/chunks/node_modules_react-dom_0bruynb._.js:6498:24)
    at runWithFiberInDEV (http://localhost:3000/_next/static/chunks/node_modules_react-dom_0bruynb._.js:886:74)
    at performUnitOfWork (http://localhost:3000/_next/static/chunks/node_modules_react-dom_0bruynb._.js:8894:97)
    at workLoopSync (http://localhost:3000/_next/static/chunks/node_modules_react-dom_0bruynb._.js:8788:40)
    at renderRootSync (http://localhost:3000/_next/static/chunks/node_modules_react-dom_0bruynb._.js:8772:13)
    at performWorkOnRoot (http://localhost:3000/_next/static/chunks/node_modules_react-dom_0bruynb._.js:8400:186)
    at performWorkOnRootViaSchedulerTask (http://localhost:3000/_next/static/chunks/node_modules_react-dom_0bruynb._.js:9534:9)
    at MessagePort.performWorkUntilDeadline (http://localhost:3000/_next/static/chunks/node_modules_11l9xip._.js:1335:64) @ http://localhost:3000/_next/static/chunks/node_modules_next_dist_0k8zr~w._.js:1945
[     164ms] [ERROR] Error: You have tried to read "wallet" on a WalletContext without providing one. Make sure to render a WalletProvider as an ancestor of the component that uses WalletContext.
    at logMissingProviderError (http://localhost:3000/_next/static/chunks/node_modules_0e4g8kj._.js:1621:19)
    at Object.get (http://localhost:3000/_next/static/chunks/node_modules_0e4g8kj._.js:1610:9)
    at useWalletMultiButton (http://localhost:3000/_next/static/chunks/node_modules_0e4g8kj._.js:1658:91)
    at BaseWalletMultiButton (http://localhost:3000/_next/static/chunks/node_modules_0e4g8kj._.js:1833:307)
    at Object.react_stack_bottom_frame (http://localhost:3000/_next/static/chunks/node_modules_react-dom_0bruynb._.js:13800:24)
    at renderWithHooksAgain (http://localhost:3000/_next/static/chunks/node_modules_react-dom_0bruynb._.js:4519:24)
    at renderWithHooks (http://localhost:3000/_next/static/chunks/node_modules_react-dom_0bruynb._.js:4470:28)
    at updateFunctionComponent (http://localhost:3000/_next/static/chunks/node_modules_react-dom_0bruynb._.js:5917:21)
    at beginWork (http://localhost:3000/_next/static/chunks/node_modules_react-dom_0bruynb._.js:6498:24)
    at runWithFiberInDEV (http://localhost:3000/_next/static/chunks/node_modules_react-dom_0bruynb._.js:886:74)
    at performUnitOfWork (http://localhost:3000/_next/static/chunks/node_modules_react-dom_0bruynb._.js:8894:97)
    at workLoopSync (http://localhost:3000/_next/static/chunks/node_modules_react-dom_0bruynb._.js:8788:40)
    at renderRootSync (http://localhost:3000/_next/static/chunks/node_modules_react-dom_0bruynb._.js:8772:13)
    at performWorkOnRoot (http://localhost:3000/_next/static/chunks/node_modules_react-dom_0bruynb._.js:8400:186)
    at performWorkOnRootViaSchedulerTask (http://localhost:3000/_next/static/chunks/node_modules_react-dom_0bruynb._.js:9534:9)
    at MessagePort.performWorkUntilDeadline (http://localhost:3000/_next/static/chunks/node_modules_11l9xip._.js:1335:64) @ http://localhost:3000/_next/static/chunks/node_modules_next_dist_0k8zr~w._.js:1945
[     164ms] [ERROR] Error: You have tried to read "wallets" on a WalletContext without providing one. Make sure to render a WalletProvider as an ancestor of the component that uses WalletContext.
    at logMissingProviderError (http://localhost:3000/_next/static/chunks/node_modules_0e4g8kj._.js:1621:19)
    at Object.get (http://localhost:3000/_next/static/chunks/node_modules_0e4g8kj._.js:1604:9)
    at useWalletMultiButton (http://localhost:3000/_next/static/chunks/node_modules_0e4g8kj._.js:1658:99)
    at BaseWalletMultiButton (http://localhost:3000/_next/static/chunks/node_modules_0e4g8kj._.js:1833:307)
    at Object.react_stack_bottom_frame (http://localhost:3000/_next/static/chunks/node_modules_react-dom_0bruynb._.js:13800:24)
    at renderWithHooksAgain (http://localhost:3000/_next/static/chunks/node_modules_react-dom_0bruynb._.js:4519:24)
    at renderWithHooks (http://localhost:3000/_next/static/chunks/node_modules_react-dom_0bruynb._.js:4470:28)
    at updateFunctionComponent (http://localhost:3000/_next/static/chunks/node_modules_react-dom_0bruynb._.js:5917:21)
    at beginWork (http://localhost:3000/_next/static/chunks/node_modules_react-dom_0bruynb._.js:6498:24)
    at runWithFiberInDEV (http://localhost:3000/_next/static/chunks/node_modules_react-dom_0bruynb._.js:886:74)
    at performUnitOfWork (http://localhost:3000/_next/static/chunks/node_modules_react-dom_0bruynb._.js:8894:97)
    at workLoopSync (http://localhost:3000/_next/static/chunks/node_modules_react-dom_0bruynb._.js:8788:40)
    at renderRootSync (http://localhost:3000/_next/static/chunks/node_modules_react-dom_0bruynb._.js:8772:13)
    at performWorkOnRoot (http://localhost:3000/_next/static/chunks/node_modules_react-dom_0bruynb._.js:8400:186)
    at performWorkOnRootViaSchedulerTask (http://localhost:3000/_next/static/chunks/node_modules_react-dom_0bruynb._.js:9534:9)
    at MessagePort.performWorkUntilDeadline (http://localhost:3000/_next/static/chunks/node_modules_11l9xip._.js:1335:64) @ http://localhost:3000/_next/static/chunks/node_modules_next_dist_0k8zr~w._.js:1945
[     164ms] [ERROR] Error: You have tried to read "publicKey" on a WalletContext without providing one. Make sure to render a WalletProvider as an ancestor of the component that uses WalletContext.
    at logMissingProviderError (http://localhost:3000/_next/static/chunks/node_modules_0e4g8kj._.js:1621:19)
    at Object.get (http://localhost:3000/_next/static/chunks/node_modules_0e4g8kj._.js:1616:9)
    at PlaceBetModal (http://localhost:3000/_next/static/chunks/%5Broot-of-the-server%5D__01pr~vt._.js:2453:13)
    at Object.react_stack_bottom_frame (http://localhost:3000/_next/static/chunks/node_modules_react-dom_0bruynb._.js:13800:24)
    at renderWithHooks (http://localhost:3000/_next/static/chunks/node_modules_react-dom_0bruynb._.js:4464:24)
    at updateFunctionComponent (http://localhost:3000/_next/static/chunks/node_modules_react-dom_0bruynb._.js:5917:21)
    at beginWork (http://localhost:3000/_next/static/chunks/node_modules_react-dom_0bruynb._.js:6498:24)
    at runWithFiberInDEV (http://localhost:3000/_next/static/chunks/node_modules_react-dom_0bruynb._.js:886:74)
    at performUnitOfWork (http://localhost:3000/_next/static/chunks/node_modules_react-dom_0bruynb._.js:8894:97)
    at workLoopSync (http://localhost:3000/_next/static/chunks/node_modules_react-dom_0bruynb._.js:8788:40)
    at renderRootSync (http://localhost:3000/_next/static/chunks/node_modules_react-dom_0bruynb._.js:8772:13)
    at performWorkOnRoot (http://localhost:3000/_next/static/chunks/node_modules_react-dom_0bruynb._.js:8400:186)
    at performWorkOnRootViaSchedulerTask (http://localhost:3000/_next/static/chunks/node_modules_react-dom_0bruynb._.js:9534:9)
    at MessagePort.performWorkUntilDeadline (http://localhost:3000/_next/static/chunks/node_modules_11l9xip._.js:1335:64) @ http://localhost:3000/_next/static/chunks/node_modules_next_dist_0k8zr~w._.js:1945
[     164ms] [ERROR] Error: You have tried to read "publicKey" on a WalletContext without providing one. Make sure to render a WalletProvider as an ancestor of the component that uses WalletContext.
    at logMissingProviderError (http://localhost:3000/_next/static/chunks/node_modules_0e4g8kj._.js:1621:19)
    at Object.get (http://localhost:3000/_next/static/chunks/node_modules_0e4g8kj._.js:1616:9)
    at usePlaceBet (http://localhost:3000/_next/static/chunks/%5Broot-of-the-server%5D__01pr~vt._.js:2301:13)
    at PlaceBetModal (http://localhost:3000/_next/static/chunks/%5Broot-of-the-server%5D__01pr~vt._.js:2460:166)
    at Object.react_stack_bottom_frame (http://localhost:3000/_next/static/chunks/node_modules_react-dom_0bruynb._.js:13800:24)
    at renderWithHooks (http://localhost:3000/_next/static/chunks/node_modules_react-dom_0bruynb._.js:4464:24)
    at updateFunctionComponent (http://localhost:3000/_next/static/chunks/node_modules_react-dom_0bruynb._.js:5917:21)
    at beginWork (http://localhost:3000/_next/static/chunks/node_modules_react-dom_0bruynb._.js:6498:24)
    at runWithFiberInDEV (http://localhost:3000/_next/static/chunks/node_modules_react-dom_0bruynb._.js:886:74)
    at performUnitOfWork (http://localhost:3000/_next/static/chunks/node_modules_react-dom_0bruynb._.js:8894:97)
    at workLoopSync (http://localhost:3000/_next/static/chunks/node_modules_react-dom_0bruynb._.js:8788:40)
    at renderRootSync (http://localhost:3000/_next/static/chunks/node_modules_react-dom_0bruynb._.js:8772:13)
    at performWorkOnRoot (http://localhost:3000/_next/static/chunks/node_modules_react-dom_0bruynb._.js:8400:186)
    at performWorkOnRootViaSchedulerTask (http://localhost:3000/_next/static/chunks/node_modules_react-dom_0bruynb._.js:9534:9)
    at MessagePort.performWorkUntilDeadline (http://localhost:3000/_next/static/chunks/node_modules_11l9xip._.js:1335:64) @ http://localhost:3000/_next/static/chunks/node_modules_next_dist_0k8zr~w._.js:1945
[     164ms] [ERROR] Error: You have tried to read "publicKey" on a WalletContext without providing one. Make sure to render a WalletProvider as an ancestor of the component that uses WalletContext.
    at logMissingProviderError (http://localhost:3000/_next/static/chunks/node_modules_0e4g8kj._.js:1621:19)
    at Object.get (http://localhost:3000/_next/static/chunks/node_modules_0e4g8kj._.js:1616:9)
    at PlaceBetModal (http://localhost:3000/_next/static/chunks/%5Broot-of-the-server%5D__01pr~vt._.js:2453:13)
    at Object.react_stack_bottom_frame (http://localhost:3000/_next/static/chunks/node_modules_react-dom_0bruynb._.js:13800:24)
    at renderWithHooksAgain (http://localhost:3000/_next/static/chunks/node_modules_react-dom_0bruynb._.js:4519:24)
    at renderWithHooks (http://localhost:3000/_next/static/chunks/node_modules_react-dom_0bruynb._.js:4470:28)
    at updateFunctionComponent (http://localhost:3000/_next/static/chunks/node_modules_react-dom_0bruynb._.js:5917:21)
    at beginWork (http://localhost:3000/_next/static/chunks/node_modules_react-dom_0bruynb._.js:6498:24)
    at runWithFiberInDEV (http://localhost:3000/_next/static/chunks/node_modules_react-dom_0bruynb._.js:886:74)
    at performUnitOfWork (http://localhost:3000/_next/static/chunks/node_modules_react-dom_0bruynb._.js:8894:97)
    at workLoopSync (http://localhost:3000/_next/static/chunks/node_modules_react-dom_0bruynb._.js:8788:40)
    at renderRootSync (http://localhost:3000/_next/static/chunks/node_modules_react-dom_0bruynb._.js:8772:13)
    at performWorkOnRoot (http://localhost:3000/_next/static/chunks/node_modules_react-dom_0bruynb._.js:8400:186)
    at performWorkOnRootViaSchedulerTask (http://localhost:3000/_next/static/chunks/node_modules_react-dom_0bruynb._.js:9534:9)
    at MessagePort.performWorkUntilDeadline (http://localhost:3000/_next/static/chunks/node_modules_11l9xip._.js:1335:64) @ http://localhost:3000/_next/static/chunks/node_modules_next_dist_0k8zr~w._.js:1945
[     164ms] [ERROR] Error: You have tried to read "publicKey" on a WalletContext without providing one. Make sure to render a WalletProvider as an ancestor of the component that uses WalletContext.
    at logMissingProviderError (http://localhost:3000/_next/static/chunks/node_modules_0e4g8kj._.js:1621:19)
    at Object.get (http://localhost:3000/_next/static/chunks/node_modules_0e4g8kj._.js:1616:9)
    at usePlaceBet (http://localhost:3000/_next/static/chunks/%5Broot-of-the-server%5D__01pr~vt._.js:2301:13)
    at PlaceBetModal (http://localhost:3000/_next/static/chunks/%5Broot-of-the-server%5D__01pr~vt._.js:2460:166)
    at Object.react_stack_bottom_frame (http://localhost:3000/_next/static/chunks/node_modules_react-dom_0bruynb._.js:13800:24)
    at renderWithHooksAgain (http://localhost:3000/_next/static/chunks/node_modules_react-dom_0bruynb._.js:4519:24)
    at renderWithHooks (http://localhost:3000/_next/static/chunks/node_modules_react-dom_0bruynb._.js:4470:28)
    at updateFunctionComponent (http://localhost:3000/_next/static/chunks/node_modules_react-dom_0bruynb._.js:5917:21)
    at beginWork (http://localhost:3000/_next/static/chunks/node_modules_react-dom_0bruynb._.js:6498:24)
    at runWithFiberInDEV (http://localhost:3000/_next/static/chunks/node_modules_react-dom_0bruynb._.js:886:74)
    at performUnitOfWork (http://localhost:3000/_next/static/chunks/node_modules_react-dom_0bruynb._.js:8894:97)
    at workLoopSync (http://localhost:3000/_next/static/chunks/node_modules_react-dom_0bruynb._.js:8788:40)
    at renderRootSync (http://localhost:3000/_next/static/chunks/node_modules_react-dom_0bruynb._.js:8772:13)
    at performWorkOnRoot (http://localhost:3000/_next/static/chunks/node_modules_react-dom_0bruynb._.js:8400:186)
    at performWorkOnRootViaSchedulerTask (http://localhost:3000/_next/static/chunks/node_modules_react-dom_0bruynb._.js:9534:9)
    at MessagePort.performWorkUntilDeadline (http://localhost:3000/_next/static/chunks/node_modules_11l9xip._.js:1335:64) @ http://localhost:3000/_next/static/chunks/node_modules_next_dist_0k8zr~w._.js:1945
[     738ms] [ERROR] Error: You have tried to read "publicKey" on a WalletContext without providing one. Make sure to render a WalletProvider as an ancestor of the component that uses WalletContext.
    at logMissingProviderError (http://localhost:3000/_next/static/chunks/node_modules_0e4g8kj._.js:1621:19)
    at Object.get (http://localhost:3000/_next/static/chunks/node_modules_0e4g8kj._.js:1616:9)
    at SolanaConnectWallet (http://localhost:3000/_next/static/chunks/%5Broot-of-the-server%5D__01pr~vt._.js:486:13)
    at Object.react_stack_bottom_frame (http://localhost:3000/_next/static/chunks/node_modules_react-dom_0bruynb._.js:13800:24)
    at renderWithHooks (http://localhost:3000/_next/static/chunks/node_modules_react-dom_0bruynb._.js:4464:24)
    at updateFunctionComponent (http://localhost:3000/_next/static/chunks/node_modules_react-dom_0bruynb._.js:5917:21)
    at beginWork (http://localhost:3000/_next/static/chunks/node_modules_react-dom_0bruynb._.js:6498:24)
    at runWithFiberInDEV (http://localhost:3000/_next/static/chunks/node_modules_react-dom_0bruynb._.js:886:74)
    at performUnitOfWork (http://localhost:3000/_next/static/chunks/node_modules_react-dom_0bruynb._.js:8894:97)
    at workLoopSync (http://localhost:3000/_next/static/chunks/node_modules_react-dom_0bruynb._.js:8788:40)
    at renderRootSync (http://localhost:3000/_next/static/chunks/node_modules_react-dom_0bruynb._.js:8772:13)
    at performWorkOnRoot (http://localhost:3000/_next/static/chunks/node_modules_react-dom_0bruynb._.js:8400:186)
    at performWorkOnRootViaSchedulerTask (http://localhost:3000/_next/static/chunks/node_modules_react-dom_0bruynb._.js:9534:9)
    at MessagePort.performWorkUntilDeadline (http://localhost:3000/_next/static/chunks/node_modules_11l9xip._.js:1335:64) @ http://localhost:3000/_next/static/chunks/node_modules_next_dist_0k8zr~w._.js:1945
[     739ms] [ERROR] Error: You have tried to read "publicKey" on a WalletContext without providing one. Make sure to render a WalletProvider as an ancestor of the component that uses WalletContext.
    at logMissingProviderError (http://localhost:3000/_next/static/chunks/node_modules_0e4g8kj._.js:1621:19)
    at Object.get (http://localhost:3000/_next/static/chunks/node_modules_0e4g8kj._.js:1616:9)
    at SolanaConnectWallet (http://localhost:3000/_next/static/chunks/%5Broot-of-the-server%5D__01pr~vt._.js:486:13)
    at Object.react_stack_bottom_frame (http://localhost:3000/_next/static/chunks/node_modules_react-dom_0bruynb._.js:13800:24)
    at renderWithHooksAgain (http://localhost:3000/_next/static/chunks/node_modules_react-dom_0bruynb._.js:4519:24)
    at renderWithHooks (http://localhost:3000/_next/static/chunks/node_modules_react-dom_0bruynb._.js:4470:28)
    at updateFunctionComponent (http://localhost:3000/_next/static/chunks/node_modules_react-dom_0bruynb._.js:5917:21)
    at beginWork (http://localhost:3000/_next/static/chunks/node_modules_react-dom_0bruynb._.js:6498:24)
    at runWithFiberInDEV (http://localhost:3000/_next/static/chunks/node_modules_react-dom_0bruynb._.js:886:74)
    at performUnitOfWork (http://localhost:3000/_next/static/chunks/node_modules_react-dom_0bruynb._.js:8894:97)
    at workLoopSync (http://localhost:3000/_next/static/chunks/node_modules_react-dom_0bruynb._.js:8788:40)
    at renderRootSync (http://localhost:3000/_next/static/chunks/node_modules_react-dom_0bruynb._.js:8772:13)
    at performWorkOnRoot (http://localhost:3000/_next/static/chunks/node_modules_react-dom_0bruynb._.js:8400:186)
    at performWorkOnRootViaSchedulerTask (http://localhost:3000/_next/static/chunks/node_modules_react-dom_0bruynb._.js:9534:9)
    at MessagePort.performWorkUntilDeadline (http://localhost:3000/_next/static/chunks/node_modules_11l9xip._.js:1335:64) @ http://localhost:3000/_next/static/chunks/node_modules_next_dist_0k8zr~w._.js:1945
[     739ms] [ERROR] Error: You have tried to read "publicKey" on a WalletContext without providing one. Make sure to render a WalletProvider as an ancestor of the component that uses WalletContext.
    at logMissingProviderError (http://localhost:3000/_next/static/chunks/node_modules_0e4g8kj._.js:1621:19)
    at Object.get (http://localhost:3000/_next/static/chunks/node_modules_0e4g8kj._.js:1616:9)
    at useWalletMultiButton (http://localhost:3000/_next/static/chunks/node_modules_0e4g8kj._.js:1658:72)
    at BaseWalletMultiButton (http://localhost:3000/_next/static/chunks/node_modules_0e4g8kj._.js:1833:307)
    at Object.react_stack_bottom_frame (http://localhost:3000/_next/static/chunks/node_modules_react-dom_0bruynb._.js:13800:24)
    at renderWithHooks (http://localhost:3000/_next/static/chunks/node_modules_react-dom_0bruynb._.js:4464:24)
    at updateFunctionComponent (http://localhost:3000/_next/static/chunks/node_modules_react-dom_0bruynb._.js:5917:21)
    at beginWork (http://localhost:3000/_next/static/chunks/node_modules_react-dom_0bruynb._.js:6498:24)
    at runWithFiberInDEV (http://localhost:3000/_next/static/chunks/node_modules_react-dom_0bruynb._.js:886:74)
    at performUnitOfWork (http://localhost:3000/_next/static/chunks/node_modules_react-dom_0bruynb._.js:8894:97)
    at workLoopSync (http://localhost:3000/_next/static/chunks/node_modules_react-dom_0bruynb._.js:8788:40)
    at renderRootSync (http://localhost:3000/_next/static/chunks/node_modules_react-dom_0bruynb._.js:8772:13)
    at performWorkOnRoot (http://localhost:3000/_next/static/chunks/node_modules_react-dom_0bruynb._.js:8400:186)
    at performWorkOnRootViaSchedulerTask (http://localhost:3000/_next/static/chunks/node_modules_react-dom_0bruynb._.js:9534:9)
    at MessagePort.performWorkUntilDeadline (http://localhost:3000/_next/static/chunks/node_modules_11l9xip._.js:1335:64) @ http://localhost:3000/_next/static/chunks/node_modules_next_dist_0k8zr~w._.js:1945
[     739ms] [ERROR] Error: You have tried to read "wallet" on a WalletContext without providing one. Make sure to render a WalletProvider as an ancestor of the component that uses WalletContext.
    at logMissingProviderError (http://localhost:3000/_next/static/chunks/node_modules_0e4g8kj._.js:1621:19)
    at Object.get (http://localhost:3000/_next/static/chunks/node_modules_0e4g8kj._.js:1610:9)
    at useWalletMultiButton (http://localhost:3000/_next/static/chunks/node_modules_0e4g8kj._.js:1658:91)
    at BaseWalletMultiButton (http://localhost:3000/_next/static/chunks/node_modules_0e4g8kj._.js:1833:307)
    at Object.react_stack_bottom_frame (http://localhost:3000/_next/static/chunks/node_modules_react-dom_0bruynb._.js:13800:24)
    at renderWithHooks (http://localhost:3000/_next/static/chunks/node_modules_react-dom_0bruynb._.js:4464:24)
    at updateFunctionComponent (http://localhost:3000/_next/static/chunks/node_modules_react-dom_0bruynb._.js:5917:21)
    at beginWork (http://localhost:3000/_next/static/chunks/node_modules_react-dom_0bruynb._.js:6498:24)
    at runWithFiberInDEV (http://localhost:3000/_next/static/chunks/node_modules_react-dom_0bruynb._.js:886:74)
    at performUnitOfWork (http://localhost:3000/_next/static/chunks/node_modules_react-dom_0bruynb._.js:8894:97)
    at workLoopSync (http://localhost:3000/_next/static/chunks/node_modules_react-dom_0bruynb._.js:8788:40)
    at renderRootSync (http://localhost:3000/_next/static/chunks/node_modules_react-dom_0bruynb._.js:8772:13)
    at performWorkOnRoot (http://localhost:3000/_next/static/chunks/node_modules_react-dom_0bruynb._.js:8400:186)
    at performWorkOnRootViaSchedulerTask (http://localhost:3000/_next/static/chunks/node_modules_react-dom_0bruynb._.js:9534:9)
    at MessagePort.performWorkUntilDeadline (http://localhost:3000/_next/static/chunks/node_modules_11l9xip._.js:1335:64) @ http://localhost:3000/_next/static/chunks/node_modules_next_dist_0k8zr~w._.js:1945
[     739ms] [ERROR] Error: You have tried to read "wallets" on a WalletContext without providing one. Make sure to render a WalletProvider as an ancestor of the component that uses WalletContext.
    at logMissingProviderError (http://localhost:3000/_next/static/chunks/node_modules_0e4g8kj._.js:1621:19)
    at Object.get (http://localhost:3000/_next/static/chunks/node_modules_0e4g8kj._.js:1604:9)
    at useWalletMultiButton (http://localhost:3000/_next/static/chunks/node_modules_0e4g8kj._.js:1658:99)
    at BaseWalletMultiButton (http://localhost:3000/_next/static/chunks/node_modules_0e4g8kj._.js:1833:307)
    at Object.react_stack_bottom_frame (http://localhost:3000/_next/static/chunks/node_modules_react-dom_0bruynb._.js:13800:24)
    at renderWithHooks (http://localhost:3000/_next/static/chunks/node_modules_react-dom_0bruynb._.js:4464:24)
    at updateFunctionComponent (http://localhost:3000/_next/static/chunks/node_modules_react-dom_0bruynb._.js:5917:21)
    at beginWork (http://localhost:3000/_next/static/chunks/node_modules_react-dom_0bruynb._.js:6498:24)
    at runWithFiberInDEV (http://localhost:3000/_next/static/chunks/node_modules_react-dom_0bruynb._.js:886:74)
    at performUnitOfWork (http://localhost:3000/_next/static/chunks/node_modules_react-dom_0bruynb._.js:8894:97)
    at workLoopSync (http://localhost:3000/_next/static/chunks/node_modules_react-dom_0bruynb._.js:8788:40)
    at renderRootSync (http://localhost:3000/_next/static/chunks/node_modules_react-dom_0bruynb._.js:8772:13)
    at performWorkOnRoot (http://localhost:3000/_next/static/chunks/node_modules_react-dom_0bruynb._.js:8400:186)
    at performWorkOnRootViaSchedulerTask (http://localhost:3000/_next/static/chunks/node_modules_react-dom_0bruynb._.js:9534:9)
    at MessagePort.performWorkUntilDeadline (http://localhost:3000/_next/static/chunks/node_modules_11l9xip._.js:1335:64) @ http://localhost:3000/_next/static/chunks/node_modules_next_dist_0k8zr~w._.js:1945
[     739ms] [ERROR] Error: You have tried to read "publicKey" on a WalletContext without providing one. Make sure to render a WalletProvider as an ancestor of the component that uses WalletContext.
    at logMissingProviderError (http://localhost:3000/_next/static/chunks/node_modules_0e4g8kj._.js:1621:19)
    at Object.get (http://localhost:3000/_next/static/chunks/node_modules_0e4g8kj._.js:1616:9)
    at useWalletMultiButton (http://localhost:3000/_next/static/chunks/node_modules_0e4g8kj._.js:1658:72)
    at BaseWalletMultiButton (http://localhost:3000/_next/static/chunks/node_modules_0e4g8kj._.js:1833:307)
    at Object.react_stack_bottom_frame (http://localhost:3000/_next/static/chunks/node_modules_react-dom_0bruynb._.js:13800:24)
    at renderWithHooksAgain (http://localhost:3000/_next/static/chunks/node_modules_react-dom_0bruynb._.js:4519:24)
    at renderWithHooks (http://localhost:3000/_next/static/chunks/node_modules_react-dom_0bruynb._.js:4470:28)
    at updateFunctionComponent (http://localhost:3000/_next/static/chunks/node_modules_react-dom_0bruynb._.js:5917:21)
    at beginWork (http://localhost:3000/_next/static/chunks/node_modules_react-dom_0bruynb._.js:6498:24)
    at runWithFiberInDEV (http://localhost:3000/_next/static/chunks/node_modules_react-dom_0bruynb._.js:886:74)
    at performUnitOfWork (http://localhost:3000/_next/static/chunks/node_modules_react-dom_0bruynb._.js:8894:97)
    at workLoopSync (http://localhost:3000/_next/static/chunks/node_modules_react-dom_0bruynb._.js:8788:40)
    at renderRootSync (http://localhost:3000/_next/static/chunks/node_modules_react-dom_0bruynb._.js:8772:13)
    at performWorkOnRoot (http://localhost:3000/_next/static/chunks/node_modules_react-dom_0bruynb._.js:8400:186)
    at performWorkOnRootViaSchedulerTask (http://localhost:3000/_next/static/chunks/node_modules_react-dom_0bruynb._.js:9534:9)
    at MessagePort.performWorkUntilDeadline (http://localhost:3000/_next/static/chunks/node_modules_11l9xip._.js:1335:64) @ http://localhost:3000/_next/static/chunks/node_modules_next_dist_0k8zr~w._.js:1945
[     739ms] [ERROR] Error: You have tried to read "wallet" on a WalletContext without providing one. Make sure to render a WalletProvider as an ancestor of the component that uses WalletContext.
    at logMissingProviderError (http://localhost:3000/_next/static/chunks/node_modules_0e4g8kj._.js:1621:19)
    at Object.get (http://localhost:3000/_next/static/chunks/node_modules_0e4g8kj._.js:1610:9)
    at useWalletMultiButton (http://localhost:3000/_next/static/chunks/node_modules_0e4g8kj._.js:1658:91)
    at BaseWalletMultiButton (http://localhost:3000/_next/static/chunks/node_modules_0e4g8kj._.js:1833:307)
    at Object.react_stack_bottom_frame (http://localhost:3000/_next/static/chunks/node_modules_react-dom_0bruynb._.js:13800:24)
    at renderWithHooksAgain (http://localhost:3000/_next/static/chunks/node_modules_react-dom_0bruynb._.js:4519:24)
    at renderWithHooks (http://localhost:3000/_next/static/chunks/node_modules_react-dom_0bruynb._.js:4470:28)
    at updateFunctionComponent (http://localhost:3000/_next/static/chunks/node_modules_react-dom_0bruynb._.js:5917:21)
    at beginWork (http://localhost:3000/_next/static/chunks/node_modules_react-dom_0bruynb._.js:6498:24)
    at runWithFiberInDEV (http://localhost:3000/_next/static/chunks/node_modules_react-dom_0bruynb._.js:886:74)
    at performUnitOfWork (http://localhost:3000/_next/static/chunks/node_modules_react-dom_0bruynb._.js:8894:97)
    at workLoopSync (http://localhost:3000/_next/static/chunks/node_modules_react-dom_0bruynb._.js:8788:40)
    at renderRootSync (http://localhost:3000/_next/static/chunks/node_modules_react-dom_0bruynb._.js:8772:13)
    at performWorkOnRoot (http://localhost:3000/_next/static/chunks/node_modules_react-dom_0bruynb._.js:8400:186)
    at performWorkOnRootViaSchedulerTask (http://localhost:3000/_next/static/chunks/node_modules_react-dom_0bruynb._.js:9534:9)
    at MessagePort.performWorkUntilDeadline (http://localhost:3000/_next/static/chunks/node_modules_11l9xip._.js:1335:64) @ http://localhost:3000/_next/static/chunks/node_modules_next_dist_0k8zr~w._.js:1945
[     740ms] [ERROR] Error: You have tried to read "wallets" on a WalletContext without providing one. Make sure to render a WalletProvider as an ancestor of the component that uses WalletContext.
    at logMissingProviderError (http://localhost:3000/_next/static/chunks/node_modules_0e4g8kj._.js:1621:19)
    at Object.get (http://localhost:3000/_next/static/chunks/node_modules_0e4g8kj._.js:1604:9)
    at useWalletMultiButton (http://localhost:3000/_next/static/chunks/node_modules_0e4g8kj._.js:1658:99)
    at BaseWalletMultiButton (http://localhost:3000/_next/static/chunks/node_modules_0e4g8kj._.js:1833:307)
    at Object.react_stack_bottom_frame (http://localhost:3000/_next/static/chunks/node_modules_react-dom_0bruynb._.js:13800:24)
    at renderWithHooksAgain (http://localhost:3000/_next/static/chunks/node_modules_react-dom_0bruynb._.js:4519:24)
    at renderWithHooks (http://localhost:3000/_next/static/chunks/node_modules_react-dom_0bruynb._.js:4470:28)
    at updateFunctionComponent (http://localhost:3000/_next/static/chunks/node_modules_react-dom_0bruynb._.js:5917:21)
    at beginWork (http://localhost:3000/_next/static/chunks/node_modules_react-dom_0bruynb._.js:6498:24)
    at runWithFiberInDEV (http://localhost:3000/_next/static/chunks/node_modules_react-dom_0bruynb._.js:886:74)
    at performUnitOfWork (http://localhost:3000/_next/static/chunks/node_modules_react-dom_0bruynb._.js:8894:97)
    at workLoopSync (http://localhost:3000/_next/static/chunks/node_modules_react-dom_0bruynb._.js:8788:40)
    at renderRootSync (http://localhost:3000/_next/static/chunks/node_modules_react-dom_0bruynb._.js:8772:13)
    at performWorkOnRoot (http://localhost:3000/_next/static/chunks/node_modules_react-dom_0bruynb._.js:8400:186)
    at performWorkOnRootViaSchedulerTask (http://localhost:3000/_next/static/chunks/node_modules_react-dom_0bruynb._.js:9534:9)
    at MessagePort.performWorkUntilDeadline (http://localhost:3000/_next/static/chunks/node_modules_11l9xip._.js:1335:64) @ http://localhost:3000/_next/static/chunks/node_modules_next_dist_0k8zr~w._.js:1945
[     740ms] [ERROR] Error: You have tried to read "publicKey" on a WalletContext without providing one. Make sure to render a WalletProvider as an ancestor of the component that uses WalletContext.
    at logMissingProviderError (http://localhost:3000/_next/static/chunks/node_modules_0e4g8kj._.js:1621:19)
    at Object.get (http://localhost:3000/_next/static/chunks/node_modules_0e4g8kj._.js:1616:9)
    at PlaceBetModal (http://localhost:3000/_next/static/chunks/%5Broot-of-the-server%5D__01pr~vt._.js:2453:13)
    at Object.react_stack_bottom_frame (http://localhost:3000/_next/static/chunks/node_modules_react-dom_0bruynb._.js:13800:24)
    at renderWithHooks (http://localhost:3000/_next/static/chunks/node_modules_react-dom_0bruynb._.js:4464:24)
    at updateFunctionComponent (http://localhost:3000/_next/static/chunks/node_modules_react-dom_0bruynb._.js:5917:21)
    at beginWork (http://localhost:3000/_next/static/chunks/node_modules_react-dom_0bruynb._.js:6498:24)
    at runWithFiberInDEV (http://localhost:3000/_next/static/chunks/node_modules_react-dom_0bruynb._.js:886:74)
    at performUnitOfWork (http://localhost:3000/_next/static/chunks/node_modules_react-dom_0bruynb._.js:8894:97)
    at workLoopSync (http://localhost:3000/_next/static/chunks/node_modules_react-dom_0bruynb._.js:8788:40)
    at renderRootSync (http://localhost:3000/_next/static/chunks/node_modules_react-dom_0bruynb._.js:8772:13)
    at performWorkOnRoot (http://localhost:3000/_next/static/chunks/node_modules_react-dom_0bruynb._.js:8400:186)
    at performWorkOnRootViaSchedulerTask (http://localhost:3000/_next/static/chunks/node_modules_react-dom_0bruynb._.js:9534:9)
    at MessagePort.performWorkUntilDeadline (http://localhost:3000/_next/static/chunks/node_modules_11l9xip._.js:1335:64) @ http://localhost:3000/_next/static/chunks/node_modules_next_dist_0k8zr~w._.js:1945
[     740ms] [ERROR] Error: You have tried to read "publicKey" on a WalletContext without providing one. Make sure to render a WalletProvider as an ancestor of the component that uses WalletContext.
    at logMissingProviderError (http://localhost:3000/_next/static/chunks/node_modules_0e4g8kj._.js:1621:19)
    at Object.get (http://localhost:3000/_next/static/chunks/node_modules_0e4g8kj._.js:1616:9)
    at usePlaceBet (http://localhost:3000/_next/static/chunks/%5Broot-of-the-server%5D__01pr~vt._.js:2301:13)
    at PlaceBetModal (http://localhost:3000/_next/static/chunks/%5Broot-of-the-server%5D__01pr~vt._.js:2460:166)
    at Object.react_stack_bottom_frame (http://localhost:3000/_next/static/chunks/node_modules_react-dom_0bruynb._.js:13800:24)
    at renderWithHooks (http://localhost:3000/_next/static/chunks/node_modules_react-dom_0bruynb._.js:4464:24)
    at updateFunctionComponent (http://localhost:3000/_next/static/chunks/node_modules_react-dom_0bruynb._.js:5917:21)
    at beginWork (http://localhost:3000/_next/static/chunks/node_modules_react-dom_0bruynb._.js:6498:24)
    at runWithFiberInDEV (http://localhost:3000/_next/static/chunks/node_modules_react-dom_0bruynb._.js:886:74)
    at performUnitOfWork (http://localhost:3000/_next/static/chunks/node_modules_react-dom_0bruynb._.js:8894:97)
    at workLoopSync (http://localhost:3000/_next/static/chunks/node_modules_react-dom_0bruynb._.js:8788:40)
    at renderRootSync (http://localhost:3000/_next/static/chunks/node_modules_react-dom_0bruynb._.js:8772:13)
    at performWorkOnRoot (http://localhost:3000/_next/static/chunks/node_modules_react-dom_0bruynb._.js:8400:186)
    at performWorkOnRootViaSchedulerTask (http://localhost:3000/_next/static/chunks/node_modules_react-dom_0bruynb._.js:9534:9)
    at MessagePort.performWorkUntilDeadline (http://localhost:3000/_next/static/chunks/node_modules_11l9xip._.js:1335:64) @ http://localhost:3000/_next/static/chunks/node_modules_next_dist_0k8zr~w._.js:1945
[     740ms] [ERROR] Error: You have tried to read "publicKey" on a WalletContext without providing one. Make sure to render a WalletProvider as an ancestor of the component that uses WalletContext.
    at logMissingProviderError (http://localhost:3000/_next/static/chunks/node_modules_0e4g8kj._.js:1621:19)
    at Object.get (http://localhost:3000/_next/static/chunks/node_modules_0e4g8kj._.js:1616:9)
    at PlaceBetModal (http://localhost:3000/_next/static/chunks/%5Broot-of-the-server%5D__01pr~vt._.js:2453:13)
    at Object.react_stack_bottom_frame (http://localhost:3000/_next/static/chunks/node_modules_react-dom_0bruynb._.js:13800:24)
    at renderWithHooksAgain (http://localhost:3000/_next/static/chunks/node_modules_react-dom_0bruynb._.js:4519:24)
    at renderWithHooks (http://localhost:3000/_next/static/chunks/node_modules_react-dom_0bruynb._.js:4470:28)
    at updateFunctionComponent (http://localhost:3000/_next/static/chunks/node_modules_react-dom_0bruynb._.js:5917:21)
    at beginWork (http://localhost:3000/_next/static/chunks/node_modules_react-dom_0bruynb._.js:6498:24)
    at runWithFiberInDEV (http://localhost:3000/_next/static/chunks/node_modules_react-dom_0bruynb._.js:886:74)
    at performUnitOfWork (http://localhost:3000/_next/static/chunks/node_modules_react-dom_0bruynb._.js:8894:97)
    at workLoopSync (http://localhost:3000/_next/static/chunks/node_modules_react-dom_0bruynb._.js:8788:40)
    at renderRootSync (http://localhost:3000/_next/static/chunks/node_modules_react-dom_0bruynb._.js:8772:13)
    at performWorkOnRoot (http://localhost:3000/_next/static/chunks/node_modules_react-dom_0bruynb._.js:8400:186)
    at performWorkOnRootViaSchedulerTask (http://localhost:3000/_next/static/chunks/node_modules_react-dom_0bruynb._.js:9534:9)
    at MessagePort.performWorkUntilDeadline (http://localhost:3000/_next/static/chunks/node_modules_11l9xip._.js:1335:64) @ http://localhost:3000/_next/static/chunks/node_modules_next_dist_0k8zr~w._.js:1945
[     740ms] [ERROR] Error: You have tried to read "publicKey" on a WalletContext without providing one. Make sure to render a WalletProvider as an ancestor of the component that uses WalletContext.
    at logMissingProviderError (http://localhost:3000/_next/static/chunks/node_modules_0e4g8kj._.js:1621:19)
    at Object.get (http://localhost:3000/_next/static/chunks/node_modules_0e4g8kj._.js:1616:9)
    at usePlaceBet (http://localhost:3000/_next/static/chunks/%5Broot-of-the-server%5D__01pr~vt._.js:2301:13)
    at PlaceBetModal (http://localhost:3000/_next/static/chunks/%5Broot-of-the-server%5D__01pr~vt._.js:2460:166)
    at Object.react_stack_bottom_frame (http://localhost:3000/_next/static/chunks/node_modules_react-dom_0bruynb._.js:13800:24)
    at renderWithHooksAgain (http://localhost:3000/_next/static/chunks/node_modules_react-dom_0bruynb._.js:4519:24)
    at renderWithHooks (http://localhost:3000/_next/static/chunks/node_modules_react-dom_0bruynb._.js:4470:28)
    at updateFunctionComponent (http://localhost:3000/_next/static/chunks/node_modules_react-dom_0bruynb._.js:5917:21)
    at beginWork (http://localhost:3000/_next/static/chunks/node_modules_react-dom_0bruynb._.js:6498:24)
    at runWithFiberInDEV (http://localhost:3000/_next/static/chunks/node_modules_react-dom_0bruynb._.js:886:74)
    at performUnitOfWork (http://localhost:3000/_next/static/chunks/node_modules_react-dom_0bruynb._.js:8894:97)
    at workLoopSync (http://localhost:3000/_next/static/chunks/node_modules_react-dom_0bruynb._.js:8788:40)
    at renderRootSync (http://localhost:3000/_next/static/chunks/node_modules_react-dom_0bruynb._.js:8772:13)
    at performWorkOnRoot (http://localhost:3000/_next/static/chunks/node_modules_react-dom_0bruynb._.js:8400:186)
    at performWorkOnRootViaSchedulerTask (http://localhost:3000/_next/static/chunks/node_modules_react-dom_0bruynb._.js:9534:9)
    at MessagePort.performWorkUntilDeadline (http://localhost:3000/_next/static/chunks/node_modules_11l9xip._.js:1335:64) @ http://localhost:3000/_next/static/chunks/node_modules_next_dist_0k8zr~w._.js:1945
[     943ms] [ERROR] Error: You have tried to read "publicKey" on a WalletContext without providing one. Make sure to render a WalletProvider as an ancestor of the component that uses WalletContext.
    at logMissingProviderError (http://localhost:3000/_next/static/chunks/node_modules_0e4g8kj._.js:1621:19)
    at Object.get (http://localhost:3000/_next/static/chunks/node_modules_0e4g8kj._.js:1616:9)
    at SolanaConnectWallet (http://localhost:3000/_next/static/chunks/%5Broot-of-the-server%5D__01pr~vt._.js:486:13)
    at Object.react_stack_bottom_frame (http://localhost:3000/_next/static/chunks/node_modules_react-dom_0bruynb._.js:13800:24)
    at renderWithHooks (http://localhost:3000/_next/static/chunks/node_modules_react-dom_0bruynb._.js:4464:24)
    at updateFunctionComponent (http://localhost:3000/_next/static/chunks/node_modules_react-dom_0bruynb._.js:5917:21)
    at beginWork (http://localhost:3000/_next/static/chunks/node_modules_react-dom_0bruynb._.js:6498:24)
    at runWithFiberInDEV (http://localhost:3000/_next/static/chunks/node_modules_react-dom_0bruynb._.js:886:74)
    at performUnitOfWork (http://localhost:3000/_next/static/chunks/node_modules_react-dom_0bruynb._.js:8894:97)
    at workLoopSync (http://localhost:3000/_next/static/chunks/node_modules_react-dom_0bruynb._.js:8788:40)
    at renderRootSync (http://localhost:3000/_next/static/chunks/node_modules_react-dom_0bruynb._.js:8772:13)
    at performWorkOnRoot (http://localhost:3000/_next/static/chunks/node_modules_react-dom_0bruynb._.js:8400:186)
    at performWorkOnRootViaSchedulerTask (http://localhost:3000/_next/static/chunks/node_modules_react-dom_0bruynb._.js:9534:9)
    at MessagePort.performWorkUntilDeadline (http://localhost:3000/_next/static/chunks/node_modules_11l9xip._.js:1335:64) @ http://localhost:3000/_next/static/chunks/node_modules_next_dist_0k8zr~w._.js:1945
[     943ms] [ERROR] Error: You have tried to read "publicKey" on a WalletContext without providing one. Make sure to render a WalletProvider as an ancestor of the component that uses WalletContext.
    at logMissingProviderError (http://localhost:3000/_next/static/chunks/node_modules_0e4g8kj._.js:1621:19)
    at Object.get (http://localhost:3000/_next/static/chunks/node_modules_0e4g8kj._.js:1616:9)
    at SolanaConnectWallet (http://localhost:3000/_next/static/chunks/%5Broot-of-the-server%5D__01pr~vt._.js:486:13)
    at Object.react_stack_bottom_frame (http://localhost:3000/_next/static/chunks/node_modules_react-dom_0bruynb._.js:13800:24)
    at renderWithHooksAgain (http://localhost:3000/_next/static/chunks/node_modules_react-dom_0bruynb._.js:4519:24)
    at renderWithHooks (http://localhost:3000/_next/static/chunks/node_modules_react-dom_0bruynb._.js:4470:28)
    at updateFunctionComponent (http://localhost:3000/_next/static/chunks/node_modules_react-dom_0bruynb._.js:5917:21)
    at beginWork (http://localhost:3000/_next/static/chunks/node_modules_react-dom_0bruynb._.js:6498:24)
    at runWithFiberInDEV (http://localhost:3000/_next/static/chunks/node_modules_react-dom_0bruynb._.js:886:74)
    at performUnitOfWork (http://localhost:3000/_next/static/chunks/node_modules_react-dom_0bruynb._.js:8894:97)
    at workLoopSync (http://localhost:3000/_next/static/chunks/node_modules_react-dom_0bruynb._.js:8788:40)
    at renderRootSync (http://localhost:3000/_next/static/chunks/node_modules_react-dom_0bruynb._.js:8772:13)
    at performWorkOnRoot (http://localhost:3000/_next/static/chunks/node_modules_react-dom_0bruynb._.js:8400:186)
    at performWorkOnRootViaSchedulerTask (http://localhost:3000/_next/static/chunks/node_modules_react-dom_0bruynb._.js:9534:9)
    at MessagePort.performWorkUntilDeadline (http://localhost:3000/_next/static/chunks/node_modules_11l9xip._.js:1335:64) @ http://localhost:3000/_next/static/chunks/node_modules_next_dist_0k8zr~w._.js:1945
[     943ms] [ERROR] Error: You have tried to read "publicKey" on a WalletContext without providing one. Make sure to render a WalletProvider as an ancestor of the component that uses WalletContext.
    at logMissingProviderError (http://localhost:3000/_next/static/chunks/node_modules_0e4g8kj._.js:1621:19)
    at Object.get (http://localhost:3000/_next/static/chunks/node_modules_0e4g8kj._.js:1616:9)
    at useWalletMultiButton (http://localhost:3000/_next/static/chunks/node_modules_0e4g8kj._.js:1658:72)
    at BaseWalletMultiButton (http://localhost:3000/_next/static/chunks/node_modules_0e4g8kj._.js:1833:307)
    at Object.react_stack_bottom_frame (http://localhost:3000/_next/static/chunks/node_modules_react-dom_0bruynb._.js:13800:24)
    at renderWithHooks (http://localhost:3000/_next/static/chunks/node_modules_react-dom_0bruynb._.js:4464:24)
    at updateFunctionComponent (http://localhost:3000/_next/static/chunks/node_modules_react-dom_0bruynb._.js:5917:21)
    at beginWork (http://localhost:3000/_next/static/chunks/node_modules_react-dom_0bruynb._.js:6498:24)
    at runWithFiberInDEV (http://localhost:3000/_next/static/chunks/node_modules_react-dom_0bruynb._.js:886:74)
    at performUnitOfWork (http://localhost:3000/_next/static/chunks/node_modules_react-dom_0bruynb._.js:8894:97)
    at workLoopSync (http://localhost:3000/_next/static/chunks/node_modules_react-dom_0bruynb._.js:8788:40)
    at renderRootSync (http://localhost:3000/_next/static/chunks/node_modules_react-dom_0bruynb._.js:8772:13)
    at performWorkOnRoot (http://localhost:3000/_next/static/chunks/node_modules_react-dom_0bruynb._.js:8400:186)
    at performWorkOnRootViaSchedulerTask (http://localhost:3000/_next/static/chunks/node_modules_react-dom_0bruynb._.js:9534:9)
    at MessagePort.performWorkUntilDeadline (http://localhost:3000/_next/static/chunks/node_modules_11l9xip._.js:1335:64) @ http://localhost:3000/_next/static/chunks/node_modules_next_dist_0k8zr~w._.js:1945
[     943ms] [ERROR] Error: You have tried to read "wallet" on a WalletContext without providing one. Make sure to render a WalletProvider as an ancestor of the component that uses WalletContext.
    at logMissingProviderError (http://localhost:3000/_next/static/chunks/node_modules_0e4g8kj._.js:1621:19)
    at Object.get (http://localhost:3000/_next/static/chunks/node_modules_0e4g8kj._.js:1610:9)
    at useWalletMultiButton (http://localhost:3000/_next/static/chunks/node_modules_0e4g8kj._.js:1658:91)
    at BaseWalletMultiButton (http://localhost:3000/_next/static/chunks/node_modules_0e4g8kj._.js:1833:307)
    at Object.react_stack_bottom_frame (http://localhost:3000/_next/static/chunks/node_modules_react-dom_0bruynb._.js:13800:24)
    at renderWithHooks (http://localhost:3000/_next/static/chunks/node_modules_react-dom_0bruynb._.js:4464:24)
    at updateFunctionComponent (http://localhost:3000/_next/static/chunks/node_modules_react-dom_0bruynb._.js:5917:21)
    at beginWork (http://localhost:3000/_next/static/chunks/node_modules_react-dom_0bruynb._.js:6498:24)
    at runWithFiberInDEV (http://localhost:3000/_next/static/chunks/node_modules_react-dom_0bruynb._.js:886:74)
    at performUnitOfWork (http://localhost:3000/_next/static/chunks/node_modules_react-dom_0bruynb._.js:8894:97)
    at workLoopSync (http://localhost:3000/_next/static/chunks/node_modules_react-dom_0bruynb._.js:8788:40)
    at renderRootSync (http://localhost:3000/_next/static/chunks/node_modules_react-dom_0bruynb._.js:8772:13)
    at performWorkOnRoot (http://localhost:3000/_next/static/chunks/node_modules_react-dom_0bruynb._.js:8400:186)
    at performWorkOnRootViaSchedulerTask (http://localhost:3000/_next/static/chunks/node_modules_react-dom_0bruynb._.js:9534:9)
    at MessagePort.performWorkUntilDeadline (http://localhost:3000/_next/static/chunks/node_modules_11l9xip._.js:1335:64) @ http://localhost:3000/_next/static/chunks/node_modules_next_dist_0k8zr~w._.js:1945
[     943ms] [ERROR] Error: You have tried to read "wallets" on a WalletContext without providing one. Make sure to render a WalletProvider as an ancestor of the component that uses WalletContext.
    at logMissingProviderError (http://localhost:3000/_next/static/chunks/node_modules_0e4g8kj._.js:1621:19)
    at Object.get (http://localhost:3000/_next/static/chunks/node_modules_0e4g8kj._.js:1604:9)
    at useWalletMultiButton (http://localhost:3000/_next/static/chunks/node_modules_0e4g8kj._.js:1658:99)
    at BaseWalletMultiButton (http://localhost:3000/_next/static/chunks/node_modules_0e4g8kj._.js:1833:307)
    at Object.react_stack_bottom_frame (http://localhost:3000/_next/static/chunks/node_modules_react-dom_0bruynb._.js:13800:24)
    at renderWithHooks (http://localhost:3000/_next/static/chunks/node_modules_react-dom_0bruynb._.js:4464:24)
    at updateFunctionComponent (http://localhost:3000/_next/static/chunks/node_modules_react-dom_0bruynb._.js:5917:21)
    at beginWork (http://localhost:3000/_next/static/chunks/node_modules_react-dom_0bruynb._.js:6498:24)
    at runWithFiberInDEV (http://localhost:3000/_next/static/chunks/node_modules_react-dom_0bruynb._.js:886:74)
    at performUnitOfWork (http://localhost:3000/_next/static/chunks/node_modules_react-dom_0bruynb._.js:8894:97)
    at workLoopSync (http://localhost:3000/_next/static/chunks/node_modules_react-dom_0bruynb._.js:8788:40)
    at renderRootSync (http://localhost:3000/_next/static/chunks/node_modules_react-dom_0bruynb._.js:8772:13)
    at performWorkOnRoot (http://localhost:3000/_next/static/chunks/node_modules_react-dom_0bruynb._.js:8400:186)
    at performWorkOnRootViaSchedulerTask (http://localhost:3000/_next/static/chunks/node_modules_react-dom_0bruynb._.js:9534:9)
    at MessagePort.performWorkUntilDeadline (http://localhost:3000/_next/static/chunks/node_modules_11l9xip._.js:1335:64) @ http://localhost:3000/_next/static/chunks/node_modules_next_dist_0k8zr~w._.js:1945
[     944ms] [ERROR] Error: You have tried to read "publicKey" on a WalletContext without providing one. Make sure to render a WalletProvider as an ancestor of the component that uses WalletContext.
    at logMissingProviderError (http://localhost:3000/_next/static/chunks/node_modules_0e4g8kj._.js:1621:19)
    at Object.get (http://localhost:3000/_next/static/chunks/node_modules_0e4g8kj._.js:1616:9)
    at useWalletMultiButton (http://localhost:3000/_next/static/chunks/node_modules_0e4g8kj._.js:1658:72)
    at BaseWalletMultiButton (http://localhost:3000/_next/static/chunks/node_modules_0e4g8kj._.js:1833:307)
    at Object.react_stack_bottom_frame (http://localhost:3000/_next/static/chunks/node_modules_react-dom_0bruynb._.js:13800:24)
    at renderWithHooksAgain (http://localhost:3000/_next/static/chunks/node_modules_react-dom_0bruynb._.js:4519:24)
    at renderWithHooks (http://localhost:3000/_next/static/chunks/node_modules_react-dom_0bruynb._.js:4470:28)
    at updateFunctionComponent (http://localhost:3000/_next/static/chunks/node_modules_react-dom_0bruynb._.js:5917:21)
    at beginWork (http://localhost:3000/_next/static/chunks/node_modules_react-dom_0bruynb._.js:6498:24)
    at runWithFiberInDEV (http://localhost:3000/_next/static/chunks/node_modules_react-dom_0bruynb._.js:886:74)
    at performUnitOfWork (http://localhost:3000/_next/static/chunks/node_modules_react-dom_0bruynb._.js:8894:97)
    at workLoopSync (http://localhost:3000/_next/static/chunks/node_modules_react-dom_0bruynb._.js:8788:40)
    at renderRootSync (http://localhost:3000/_next/static/chunks/node_modules_react-dom_0bruynb._.js:8772:13)
    at performWorkOnRoot (http://localhost:3000/_next/static/chunks/node_modules_react-dom_0bruynb._.js:8400:186)
    at performWorkOnRootViaSchedulerTask (http://localhost:3000/_next/static/chunks/node_modules_react-dom_0bruynb._.js:9534:9)
    at MessagePort.performWorkUntilDeadline (http://localhost:3000/_next/static/chunks/node_modules_11l9xip._.js:1335:64) @ http://localhost:3000/_next/static/chunks/node_modules_next_dist_0k8zr~w._.js:1945
[     944ms] [ERROR] Error: You have tried to read "wallet" on a WalletContext without providing one. Make sure to render a WalletProvider as an ancestor of the component that uses WalletContext.
    at logMissingProviderError (http://localhost:3000/_next/static/chunks/node_modules_0e4g8kj._.js:1621:19)
    at Object.get (http://localhost:3000/_next/static/chunks/node_modules_0e4g8kj._.js:1610:9)
    at useWalletMultiButton (http://localhost:3000/_next/static/chunks/node_modules_0e4g8kj._.js:1658:91)
    at BaseWalletMultiButton (http://localhost:3000/_next/static/chunks/node_modules_0e4g8kj._.js:1833:307)
    at Object.react_stack_bottom_frame (http://localhost:3000/_next/static/chunks/node_modules_react-dom_0bruynb._.js:13800:24)
    at renderWithHooksAgain (http://localhost:3000/_next/static/chunks/node_modules_react-dom_0bruynb._.js:4519:24)
    at renderWithHooks (http://localhost:3000/_next/static/chunks/node_modules_react-dom_0bruynb._.js:4470:28)
    at updateFunctionComponent (http://localhost:3000/_next/static/chunks/node_modules_react-dom_0bruynb._.js:5917:21)
    at beginWork (http://localhost:3000/_next/static/chunks/node_modules_react-dom_0bruynb._.js:6498:24)
    at runWithFiberInDEV (http://localhost:3000/_next/static/chunks/node_modules_react-dom_0bruynb._.js:886:74)
    at performUnitOfWork (http://localhost:3000/_next/static/chunks/node_modules_react-dom_0bruynb._.js:8894:97)
    at workLoopSync (http://localhost:3000/_next/static/chunks/node_modules_react-dom_0bruynb._.js:8788:40)
    at renderRootSync (http://localhost:3000/_next/static/chunks/node_modules_react-dom_0bruynb._.js:8772:13)
    at performWorkOnRoot (http://localhost:3000/_next/static/chunks/node_modules_react-dom_0bruynb._.js:8400:186)
    at performWorkOnRootViaSchedulerTask (http://localhost:3000/_next/static/chunks/node_modules_react-dom_0bruynb._.js:9534:9)
    at MessagePort.performWorkUntilDeadline (http://localhost:3000/_next/static/chunks/node_modules_11l9xip._.js:1335:64) @ http://localhost:3000/_next/static/chunks/node_modules_next_dist_0k8zr~w._.js:1945
[     944ms] [ERROR] Error: You have tried to read "wallets" on a WalletContext without providing one. Make sure to render a WalletProvider as an ancestor of the component that uses WalletContext.
    at logMissingProviderError (http://localhost:3000/_next/static/chunks/node_modules_0e4g8kj._.js:1621:19)
    at Object.get (http://localhost:3000/_next/static/chunks/node_modules_0e4g8kj._.js:1604:9)
    at useWalletMultiButton (http://localhost:3000/_next/static/chunks/node_modules_0e4g8kj._.js:1658:99)
    at BaseWalletMultiButton (http://localhost:3000/_next/static/chunks/node_modules_0e4g8kj._.js:1833:307)
    at Object.react_stack_bottom_frame (http://localhost:3000/_next/static/chunks/node_modules_react-dom_0bruynb._.js:13800:24)
    at renderWithHooksAgain (http://localhost:3000/_next/static/chunks/node_modules_react-dom_0bruynb._.js:4519:24)
    at renderWithHooks (http://localhost:3000/_next/static/chunks/node_modules_react-dom_0bruynb._.js:4470:28)
    at updateFunctionComponent (http://localhost:3000/_next/static/chunks/node_modules_react-dom_0bruynb._.js:5917:21)
    at beginWork (http://localhost:3000/_next/static/chunks/node_modules_react-dom_0bruynb._.js:6498:24)
    at runWithFiberInDEV (http://localhost:3000/_next/static/chunks/node_modules_react-dom_0bruynb._.js:886:74)
    at performUnitOfWork (http://localhost:3000/_next/static/chunks/node_modules_react-dom_0bruynb._.js:8894:97)
    at workLoopSync (http://localhost:3000/_next/static/chunks/node_modules_react-dom_0bruynb._.js:8788:40)
    at renderRootSync (http://localhost:3000/_next/static/chunks/node_modules_react-dom_0bruynb._.js:8772:13)
    at performWorkOnRoot (http://localhost:3000/_next/static/chunks/node_modules_react-dom_0bruynb._.js:8400:186)
    at performWorkOnRootViaSchedulerTask (http://localhost:3000/_next/static/chunks/node_modules_react-dom_0bruynb._.js:9534:9)
    at MessagePort.performWorkUntilDeadline (http://localhost:3000/_next/static/chunks/node_modules_11l9xip._.js:1335:64) @ http://localhost:3000/_next/static/chunks/node_modules_next_dist_0k8zr~w._.js:1945
[     944ms] [ERROR] Error: You have tried to read "publicKey" on a WalletContext without providing one. Make sure to render a WalletProvider as an ancestor of the component that uses WalletContext.
    at logMissingProviderError (http://localhost:3000/_next/static/chunks/node_modules_0e4g8kj._.js:1621:19)
    at Object.get (http://localhost:3000/_next/static/chunks/node_modules_0e4g8kj._.js:1616:9)
    at PlaceBetModal (http://localhost:3000/_next/static/chunks/%5Broot-of-the-server%5D__01pr~vt._.js:2453:13)
    at Object.react_stack_bottom_frame (http://localhost:3000/_next/static/chunks/node_modules_react-dom_0bruynb._.js:13800:24)
    at renderWithHooks (http://localhost:3000/_next/static/chunks/node_modules_react-dom_0bruynb._.js:4464:24)
    at updateFunctionComponent (http://localhost:3000/_next/static/chunks/node_modules_react-dom_0bruynb._.js:5917:21)
    at beginWork (http://localhost:3000/_next/static/chunks/node_modules_react-dom_0bruynb._.js:6498:24)
    at runWithFiberInDEV (http://localhost:3000/_next/static/chunks/node_modules_react-dom_0bruynb._.js:886:74)
    at performUnitOfWork (http://localhost:3000/_next/static/chunks/node_modules_react-dom_0bruynb._.js:8894:97)
    at workLoopSync (http://localhost:3000/_next/static/chunks/node_modules_react-dom_0bruynb._.js:8788:40)
    at renderRootSync (http://localhost:3000/_next/static/chunks/node_modules_react-dom_0bruynb._.js:8772:13)
    at performWorkOnRoot (http://localhost:3000/_next/static/chunks/node_modules_react-dom_0bruynb._.js:8400:186)
    at performWorkOnRootViaSchedulerTask (http://localhost:3000/_next/static/chunks/node_modules_react-dom_0bruynb._.js:9534:9)
    at MessagePort.performWorkUntilDeadline (http://localhost:3000/_next/static/chunks/node_modules_11l9xip._.js:1335:64) @ http://localhost:3000/_next/static/chunks/node_modules_next_dist_0k8zr~w._.js:1945
[     944ms] [ERROR] Error: You have tried to read "publicKey" on a WalletContext without providing one. Make sure to render a WalletProvider as an ancestor of the component that uses WalletContext.
    at logMissingProviderError (http://localhost:3000/_next/static/chunks/node_modules_0e4g8kj._.js:1621:19)
    at Object.get (http://localhost:3000/_next/static/chunks/node_modules_0e4g8kj._.js:1616:9)
    at usePlaceBet (http://localhost:3000/_next/static/chunks/%5Broot-of-the-server%5D__01pr~vt._.js:2301:13)
    at PlaceBetModal (http://localhost:3000/_next/static/chunks/%5Broot-of-the-server%5D__01pr~vt._.js:2460:166)
    at Object.react_stack_bottom_frame (http://localhost:3000/_next/static/chunks/node_modules_react-dom_0bruynb._.js:13800:24)
    at renderWithHooks (http://localhost:3000/_next/static/chunks/node_modules_react-dom_0bruynb._.js:4464:24)
    at updateFunctionComponent (http://localhost:3000/_next/static/chunks/node_modules_react-dom_0bruynb._.js:5917:21)
    at beginWork (http://localhost:3000/_next/static/chunks/node_modules_react-dom_0bruynb._.js:6498:24)
    at runWithFiberInDEV (http://localhost:3000/_next/static/chunks/node_modules_react-dom_0bruynb._.js:886:74)
    at performUnitOfWork (http://localhost:3000/_next/static/chunks/node_modules_react-dom_0bruynb._.js:8894:97)
    at workLoopSync (http://localhost:3000/_next/static/chunks/node_modules_react-dom_0bruynb._.js:8788:40)
    at renderRootSync (http://localhost:3000/_next/static/chunks/node_modules_react-dom_0bruynb._.js:8772:13)
    at performWorkOnRoot (http://localhost:3000/_next/static/chunks/node_modules_react-dom_0bruynb._.js:8400:186)
    at performWorkOnRootViaSchedulerTask (http://localhost:3000/_next/static/chunks/node_modules_react-dom_0bruynb._.js:9534:9)
    at MessagePort.performWorkUntilDeadline (http://localhost:3000/_next/static/chunks/node_modules_11l9xip._.js:1335:64) @ http://localhost:3000/_next/static/chunks/node_modules_next_dist_0k8zr~w._.js:1945
[     944ms] [ERROR] Error: You have tried to read "publicKey" on a WalletContext without providing one. Make sure to render a WalletProvider as an ancestor of the component that uses WalletContext.
    at logMissingProviderError (http://localhost:3000/_next/static/chunks/node_modules_0e4g8kj._.js:1621:19)
    at Object.get (http://localhost:3000/_next/static/chunks/node_modules_0e4g8kj._.js:1616:9)
    at PlaceBetModal (http://localhost:3000/_next/static/chunks/%5Broot-of-the-server%5D__01pr~vt._.js:2453:13)
    at Object.react_stack_bottom_frame (http://localhost:3000/_next/static/chunks/node_modules_react-dom_0bruynb._.js:13800:24)
    at renderWithHooksAgain (http://localhost:3000/_next/static/chunks/node_modules_react-dom_0bruynb._.js:4519:24)
    at renderWithHooks (http://localhost:3000/_next/static/chunks/node_modules_react-dom_0bruynb._.js:4470:28)
    at updateFunctionComponent (http://localhost:3000/_next/static/chunks/node_modules_react-dom_0bruynb._.js:5917:21)
    at beginWork (http://localhost:3000/_next/static/chunks/node_modules_react-dom_0bruynb._.js:6498:24)
    at runWithFiberInDEV (http://localhost:3000/_next/static/chunks/node_modules_react-dom_0bruynb._.js:886:74)
    at performUnitOfWork (http://localhost:3000/_next/static/chunks/node_modules_react-dom_0bruynb._.js:8894:97)
    at workLoopSync (http://localhost:3000/_next/static/chunks/node_modules_react-dom_0bruynb._.js:8788:40)
    at renderRootSync (http://localhost:3000/_next/static/chunks/node_modules_react-dom_0bruynb._.js:8772:13)
    at performWorkOnRoot (http://localhost:3000/_next/static/chunks/node_modules_react-dom_0bruynb._.js:8400:186)
    at performWorkOnRootViaSchedulerTask (http://localhost:3000/_next/static/chunks/node_modules_react-dom_0bruynb._.js:9534:9)
    at MessagePort.performWorkUntilDeadline (http://localhost:3000/_next/static/chunks/node_modules_11l9xip._.js:1335:64) @ http://localhost:3000/_next/static/chunks/node_modules_next_dist_0k8zr~w._.js:1945
[     944ms] [ERROR] Error: You have tried to read "publicKey" on a WalletContext without providing one. Make sure to render a WalletProvider as an ancestor of the component that uses WalletContext.
    at logMissingProviderError (http://localhost:3000/_next/static/chunks/node_modules_0e4g8kj._.js:1621:19)
    at Object.get (http://localhost:3000/_next/static/chunks/node_modules_0e4g8kj._.js:1616:9)
    at usePlaceBet (http://localhost:3000/_next/static/chunks/%5Broot-of-the-server%5D__01pr~vt._.js:2301:13)
    at PlaceBetModal (http://localhost:3000/_next/static/chunks/%5Broot-of-the-server%5D__01pr~vt._.js:2460:166)
    at Object.react_stack_bottom_frame (http://localhost:3000/_next/static/chunks/node_modules_react-dom_0bruynb._.js:13800:24)
    at renderWithHooksAgain (http://localhost:3000/_next/static/chunks/node_modules_react-dom_0bruynb._.js:4519:24)
    at renderWithHooks (http://localhost:3000/_next/static/chunks/node_modules_react-dom_0bruynb._.js:4470:28)
    at updateFunctionComponent (http://localhost:3000/_next/static/chunks/node_modules_react-dom_0bruynb._.js:5917:21)
    at beginWork (http://localhost:3000/_next/static/chunks/node_modules_react-dom_0bruynb._.js:6498:24)
    at runWithFiberInDEV (http://localhost:3000/_next/static/chunks/node_modules_react-dom_0bruynb._.js:886:74)
    at performUnitOfWork (http://localhost:3000/_next/static/chunks/node_modules_react-dom_0bruynb._.js:8894:97)
    at workLoopSync (http://localhost:3000/_next/static/chunks/node_modules_react-dom_0bruynb._.js:8788:40)
    at renderRootSync (http://localhost:3000/_next/static/chunks/node_modules_react-dom_0bruynb._.js:8772:13)
    at performWorkOnRoot (http://localhost:3000/_next/static/chunks/node_modules_react-dom_0bruynb._.js:8400:186)
    at performWorkOnRootViaSchedulerTask (http://localhost:3000/_next/static/chunks/node_modules_react-dom_0bruynb._.js:9534:9)
    at MessagePort.performWorkUntilDeadline (http://localhost:3000/_next/static/chunks/node_modules_11l9xip._.js:1335:64) @ http://localhost:3000/_next/static/chunks/node_modules_next_dist_0k8zr~w._.js:1945
[    5333ms] [ERROR] You have tried to  call "setVisible" on a WalletModalContext without providing one. Make sure to render a WalletModalProvider as an ancestor of the component that uses WalletModalContext @ http://localhost:3000/_next/static/chunks/node_modules_next_dist_0k8zr~w._.js:1945
[   41280ms] [ERROR] Error: You have tried to read "publicKey" on a WalletContext without providing one. Make sure to render a WalletProvider as an ancestor of the component that uses WalletContext.
    at logMissingProviderError (http://localhost:3000/_next/static/chunks/node_modules_0e4g8kj._.js:1621:19)
    at Object.get (http://localhost:3000/_next/static/chunks/node_modules_0e4g8kj._.js:1616:9)
    at SolanaConnectWallet (http://localhost:3000/_next/static/chunks/%5Broot-of-the-server%5D__01pr~vt._.js:486:13)
    at Object.react_stack_bottom_frame (http://localhost:3000/_next/static/chunks/node_modules_react-dom_0bruynb._.js:13800:24)
    at renderWithHooks (http://localhost:3000/_next/static/chunks/node_modules_react-dom_0bruynb._.js:4464:24)
    at updateFunctionComponent (http://localhost:3000/_next/static/chunks/node_modules_react-dom_0bruynb._.js:5917:21)
    at beginWork (http://localhost:3000/_next/static/chunks/node_modules_react-dom_0bruynb._.js:6498:24)
    at runWithFiberInDEV (http://localhost:3000/_next/static/chunks/node_modules_react-dom_0bruynb._.js:886:74)
    at performUnitOfWork (http://localhost:3000/_next/static/chunks/node_modules_react-dom_0bruynb._.js:8894:97)
    at workLoopConcurrentByScheduler (http://localhost:3000/_next/static/chunks/node_modules_react-dom_0bruynb._.js:8890:58)
    at renderRootConcurrent (http://localhost:3000/_next/static/chunks/node_modules_react-dom_0bruynb._.js:8873:71)
    at performWorkOnRoot (http://localhost:3000/_next/static/chunks/node_modules_react-dom_0bruynb._.js:8400:150)
    at performWorkOnRootViaSchedulerTask (http://localhost:3000/_next/static/chunks/node_modules_react-dom_0bruynb._.js:9534:9)
    at MessagePort.performWorkUntilDeadline (http://localhost:3000/_next/static/chunks/node_modules_11l9xip._.js:1335:64) @ http://localhost:3000/_next/static/chunks/node_modules_next_dist_0k8zr~w._.js:1945
[   41280ms] [ERROR] Error: You have tried to read "publicKey" on a WalletContext without providing one. Make sure to render a WalletProvider as an ancestor of the component that uses WalletContext.
    at logMissingProviderError (http://localhost:3000/_next/static/chunks/node_modules_0e4g8kj._.js:1621:19)
    at Object.get (http://localhost:3000/_next/static/chunks/node_modules_0e4g8kj._.js:1616:9)
    at SolanaConnectWallet (http://localhost:3000/_next/static/chunks/%5Broot-of-the-server%5D__01pr~vt._.js:486:13)
    at Object.react_stack_bottom_frame (http://localhost:3000/_next/static/chunks/node_modules_react-dom_0bruynb._.js:13800:24)
    at renderWithHooksAgain (http://localhost:3000/_next/static/chunks/node_modules_react-dom_0bruynb._.js:4519:24)
    at renderWithHooks (http://localhost:3000/_next/static/chunks/node_modules_react-dom_0bruynb._.js:4470:28)
    at updateFunctionComponent (http://localhost:3000/_next/static/chunks/node_modules_react-dom_0bruynb._.js:5917:21)
    at beginWork (http://localhost:3000/_next/static/chunks/node_modules_react-dom_0bruynb._.js:6498:24)
    at runWithFiberInDEV (http://localhost:3000/_next/static/chunks/node_modules_react-dom_0bruynb._.js:886:74)
    at performUnitOfWork (http://localhost:3000/_next/static/chunks/node_modules_react-dom_0bruynb._.js:8894:97)
    at workLoopConcurrentByScheduler (http://localhost:3000/_next/static/chunks/node_modules_react-dom_0bruynb._.js:8890:58)
    at renderRootConcurrent (http://localhost:3000/_next/static/chunks/node_modules_react-dom_0bruynb._.js:8873:71)
    at performWorkOnRoot (http://localhost:3000/_next/static/chunks/node_modules_react-dom_0bruynb._.js:8400:150)
    at performWorkOnRootViaSchedulerTask (http://localhost:3000/_next/static/chunks/node_modules_react-dom_0bruynb._.js:9534:9)
    at MessagePort.performWorkUntilDeadline (http://localhost:3000/_next/static/chunks/node_modules_11l9xip._.js:1335:64) @ http://localhost:3000/_next/static/chunks/node_modules_next_dist_0k8zr~w._.js:1945
[   41280ms] [ERROR] Error: You have tried to read "publicKey" on a WalletContext without providing one. Make sure to render a WalletProvider as an ancestor of the component that uses WalletContext.
    at logMissingProviderError (http://localhost:3000/_next/static/chunks/node_modules_0e4g8kj._.js:1621:19)
    at Object.get (http://localhost:3000/_next/static/chunks/node_modules_0e4g8kj._.js:1616:9)
    at useWalletMultiButton (http://localhost:3000/_next/static/chunks/node_modules_0e4g8kj._.js:1658:72)
    at BaseWalletMultiButton (http://localhost:3000/_next/static/chunks/node_modules_0e4g8kj._.js:1833:307)
    at Object.react_stack_bottom_frame (http://localhost:3000/_next/static/chunks/node_modules_react-dom_0bruynb._.js:13800:24)
    at renderWithHooks (http://localhost:3000/_next/static/chunks/node_modules_react-dom_0bruynb._.js:4464:24)
    at updateFunctionComponent (http://localhost:3000/_next/static/chunks/node_modules_react-dom_0bruynb._.js:5917:21)
    at beginWork (http://localhost:3000/_next/static/chunks/node_modules_react-dom_0bruynb._.js:6498:24)
    at runWithFiberInDEV (http://localhost:3000/_next/static/chunks/node_modules_react-dom_0bruynb._.js:886:74)
    at performUnitOfWork (http://localhost:3000/_next/static/chunks/node_modules_react-dom_0bruynb._.js:8894:97)
    at workLoopConcurrentByScheduler (http://localhost:3000/_next/static/chunks/node_modules_react-dom_0bruynb._.js:8890:58)
    at renderRootConcurrent (http://localhost:3000/_next/static/chunks/node_modules_react-dom_0bruynb._.js:8873:71)
    at performWorkOnRoot (http://localhost:3000/_next/static/chunks/node_modules_react-dom_0bruynb._.js:8400:150)
    at performWorkOnRootViaSchedulerTask (http://localhost:3000/_next/static/chunks/node_modules_react-dom_0bruynb._.js:9534:9)
    at MessagePort.performWorkUntilDeadline (http://localhost:3000/_next/static/chunks/node_modules_11l9xip._.js:1335:64) @ http://localhost:3000/_next/static/chunks/node_modules_next_dist_0k8zr~w._.js:1945
[   41280ms] [ERROR] Error: You have tried to read "wallet" on a WalletContext without providing one. Make sure to render a WalletProvider as an ancestor of the component that uses WalletContext.
    at logMissingProviderError (http://localhost:3000/_next/static/chunks/node_modules_0e4g8kj._.js:1621:19)
    at Object.get (http://localhost:3000/_next/static/chunks/node_modules_0e4g8kj._.js:1610:9)
    at useWalletMultiButton (http://localhost:3000/_next/static/chunks/node_modules_0e4g8kj._.js:1658:91)
    at BaseWalletMultiButton (http://localhost:3000/_next/static/chunks/node_modules_0e4g8kj._.js:1833:307)
    at Object.react_stack_bottom_frame (http://localhost:3000/_next/static/chunks/node_modules_react-dom_0bruynb._.js:13800:24)
    at renderWithHooks (http://localhost:3000/_next/static/chunks/node_modules_react-dom_0bruynb._.js:4464:24)
    at updateFunctionComponent (http://localhost:3000/_next/static/chunks/node_modules_react-dom_0bruynb._.js:5917:21)
    at beginWork (http://localhost:3000/_next/static/chunks/node_modules_react-dom_0bruynb._.js:6498:24)
    at runWithFiberInDEV (http://localhost:3000/_next/static/chunks/node_modules_react-dom_0bruynb._.js:886:74)
    at performUnitOfWork (http://localhost:3000/_next/static/chunks/node_modules_react-dom_0bruynb._.js:8894:97)
    at workLoopConcurrentByScheduler (http://localhost:3000/_next/static/chunks/node_modules_react-dom_0bruynb._.js:8890:58)
    at renderRootConcurrent (http://localhost:3000/_next/static/chunks/node_modules_react-dom_0bruynb._.js:8873:71)
    at performWorkOnRoot (http://localhost:3000/_next/static/chunks/node_modules_react-dom_0bruynb._.js:8400:150)
    at performWorkOnRootViaSchedulerTask (http://localhost:3000/_next/static/chunks/node_modules_react-dom_0bruynb._.js:9534:9)
    at MessagePort.performWorkUntilDeadline (http://localhost:3000/_next/static/chunks/node_modules_11l9xip._.js:1335:64) @ http://localhost:3000/_next/static/chunks/node_modules_next_dist_0k8zr~w._.js:1945
[   41280ms] [ERROR] Error: You have tried to read "wallets" on a WalletContext without providing one. Make sure to render a WalletProvider as an ancestor of the component that uses WalletContext.
    at logMissingProviderError (http://localhost:3000/_next/static/chunks/node_modules_0e4g8kj._.js:1621:19)
    at Object.get (http://localhost:3000/_next/static/chunks/node_modules_0e4g8kj._.js:1604:9)
    at useWalletMultiButton (http://localhost:3000/_next/static/chunks/node_modules_0e4g8kj._.js:1658:99)
    at BaseWalletMultiButton (http://localhost:3000/_next/static/chunks/node_modules_0e4g8kj._.js:1833:307)
    at Object.react_stack_bottom_frame (http://localhost:3000/_next/static/chunks/node_modules_react-dom_0bruynb._.js:13800:24)
    at renderWithHooks (http://localhost:3000/_next/static/chunks/node_modules_react-dom_0bruynb._.js:4464:24)
    at updateFunctionComponent (http://localhost:3000/_next/static/chunks/node_modules_react-dom_0bruynb._.js:5917:21)
    at beginWork (http://localhost:3000/_next/static/chunks/node_modules_react-dom_0bruynb._.js:6498:24)
    at runWithFiberInDEV (http://localhost:3000/_next/static/chunks/node_modules_react-dom_0bruynb._.js:886:74)
    at performUnitOfWork (http://localhost:3000/_next/static/chunks/node_modules_react-dom_0bruynb._.js:8894:97)
    at workLoopConcurrentByScheduler (http://localhost:3000/_next/static/chunks/node_modules_react-dom_0bruynb._.js:8890:58)
    at renderRootConcurrent (http://localhost:3000/_next/static/chunks/node_modules_react-dom_0bruynb._.js:8873:71)
    at performWorkOnRoot (http://localhost:3000/_next/static/chunks/node_modules_react-dom_0bruynb._.js:8400:150)
    at performWorkOnRootViaSchedulerTask (http://localhost:3000/_next/static/chunks/node_modules_react-dom_0bruynb._.js:9534:9)
    at MessagePort.performWorkUntilDeadline (http://localhost:3000/_next/static/chunks/node_modules_11l9xip._.js:1335:64) @ http://localhost:3000/_next/static/chunks/node_modules_next_dist_0k8zr~w._.js:1945
[   41280ms] [ERROR] Error: You have tried to read "publicKey" on a WalletContext without providing one. Make sure to render a WalletProvider as an ancestor of the component that uses WalletContext.
    at logMissingProviderError (http://localhost:3000/_next/static/chunks/node_modules_0e4g8kj._.js:1621:19)
    at Object.get (http://localhost:3000/_next/static/chunks/node_modules_0e4g8kj._.js:1616:9)
    at useWalletMultiButton (http://localhost:3000/_next/static/chunks/node_modules_0e4g8kj._.js:1658:72)
    at BaseWalletMultiButton (http://localhost:3000/_next/static/chunks/node_modules_0e4g8kj._.js:1833:307)
    at Object.react_stack_bottom_frame (http://localhost:3000/_next/static/chunks/node_modules_react-dom_0bruynb._.js:13800:24)
    at renderWithHooksAgain (http://localhost:3000/_next/static/chunks/node_modules_react-dom_0bruynb._.js:4519:24)
    at renderWithHooks (http://localhost:3000/_next/static/chunks/node_modules_react-dom_0bruynb._.js:4470:28)
    at updateFunctionComponent (http://localhost:3000/_next/static/chunks/node_modules_react-dom_0bruynb._.js:5917:21)
    at beginWork (http://localhost:3000/_next/static/chunks/node_modules_react-dom_0bruynb._.js:6498:24)
    at runWithFiberInDEV (http://localhost:3000/_next/static/chunks/node_modules_react-dom_0bruynb._.js:886:74)
    at performUnitOfWork (http://localhost:3000/_next/static/chunks/node_modules_react-dom_0bruynb._.js:8894:97)
    at workLoopConcurrentByScheduler (http://localhost:3000/_next/static/chunks/node_modules_react-dom_0bruynb._.js:8890:58)
    at renderRootConcurrent (http://localhost:3000/_next/static/chunks/node_modules_react-dom_0bruynb._.js:8873:71)
    at performWorkOnRoot (http://localhost:3000/_next/static/chunks/node_modules_react-dom_0bruynb._.js:8400:150)
    at performWorkOnRootViaSchedulerTask (http://localhost:3000/_next/static/chunks/node_modules_react-dom_0bruynb._.js:9534:9)
    at MessagePort.performWorkUntilDeadline (http://localhost:3000/_next/static/chunks/node_modules_11l9xip._.js:1335:64) @ http://localhost:3000/_next/static/chunks/node_modules_next_dist_0k8zr~w._.js:1945
[   41280ms] [ERROR] Error: You have tried to read "wallet" on a WalletContext without providing one. Make sure to render a WalletProvider as an ancestor of the component that uses WalletContext.
    at logMissingProviderError (http://localhost:3000/_next/static/chunks/node_modules_0e4g8kj._.js:1621:19)
    at Object.get (http://localhost:3000/_next/static/chunks/node_modules_0e4g8kj._.js:1610:9)
    at useWalletMultiButton (http://localhost:3000/_next/static/chunks/node_modules_0e4g8kj._.js:1658:91)
    at BaseWalletMultiButton (http://localhost:3000/_next/static/chunks/node_modules_0e4g8kj._.js:1833:307)
    at Object.react_stack_bottom_frame (http://localhost:3000/_next/static/chunks/node_modules_react-dom_0bruynb._.js:13800:24)
    at renderWithHooksAgain (http://localhost:3000/_next/static/chunks/node_modules_react-dom_0bruynb._.js:4519:24)
    at renderWithHooks (http://localhost:3000/_next/static/chunks/node_modules_react-dom_0bruynb._.js:4470:28)
    at updateFunctionComponent (http://localhost:3000/_next/static/chunks/node_modules_react-dom_0bruynb._.js:5917:21)
    at beginWork (http://localhost:3000/_next/static/chunks/node_modules_react-dom_0bruynb._.js:6498:24)
    at runWithFiberInDEV (http://localhost:3000/_next/static/chunks/node_modules_react-dom_0bruynb._.js:886:74)
    at performUnitOfWork (http://localhost:3000/_next/static/chunks/node_modules_react-dom_0bruynb._.js:8894:97)
    at workLoopConcurrentByScheduler (http://localhost:3000/_next/static/chunks/node_modules_react-dom_0bruynb._.js:8890:58)
    at renderRootConcurrent (http://localhost:3000/_next/static/chunks/node_modules_react-dom_0bruynb._.js:8873:71)
    at performWorkOnRoot (http://localhost:3000/_next/static/chunks/node_modules_react-dom_0bruynb._.js:8400:150)
    at performWorkOnRootViaSchedulerTask (http://localhost:3000/_next/static/chunks/node_modules_react-dom_0bruynb._.js:9534:9)
    at MessagePort.performWorkUntilDeadline (http://localhost:3000/_next/static/chunks/node_modules_11l9xip._.js:1335:64) @ http://localhost:3000/_next/static/chunks/node_modules_next_dist_0k8zr~w._.js:1945
[   41280ms] [ERROR] Error: You have tried to read "wallets" on a WalletContext without providing one. Make sure to render a WalletProvider as an ancestor of the component that uses WalletContext.
    at logMissingProviderError (http://localhost:3000/_next/static/chunks/node_modules_0e4g8kj._.js:1621:19)
    at Object.get (http://localhost:3000/_next/static/chunks/node_modules_0e4g8kj._.js:1604:9)
    at useWalletMultiButton (http://localhost:3000/_next/static/chunks/node_modules_0e4g8kj._.js:1658:99)
    at BaseWalletMultiButton (http://localhost:3000/_next/static/chunks/node_modules_0e4g8kj._.js:1833:307)
    at Object.react_stack_bottom_frame (http://localhost:3000/_next/static/chunks/node_modules_react-dom_0bruynb._.js:13800:24)
    at renderWithHooksAgain (http://localhost:3000/_next/static/chunks/node_modules_react-dom_0bruynb._.js:4519:24)
    at renderWithHooks (http://localhost:3000/_next/static/chunks/node_modules_react-dom_0bruynb._.js:4470:28)
    at updateFunctionComponent (http://localhost:3000/_next/static/chunks/node_modules_react-dom_0bruynb._.js:5917:21)
    at beginWork (http://localhost:3000/_next/static/chunks/node_modules_react-dom_0bruynb._.js:6498:24)
    at runWithFiberInDEV (http://localhost:3000/_next/static/chunks/node_modules_react-dom_0bruynb._.js:886:74)
    at performUnitOfWork (http://localhost:3000/_next/static/chunks/node_modules_react-dom_0bruynb._.js:8894:97)
    at workLoopConcurrentByScheduler (http://localhost:3000/_next/static/chunks/node_modules_react-dom_0bruynb._.js:8890:58)
    at renderRootConcurrent (http://localhost:3000/_next/static/chunks/node_modules_react-dom_0bruynb._.js:8873:71)
    at performWorkOnRoot (http://localhost:3000/_next/static/chunks/node_modules_react-dom_0bruynb._.js:8400:150)
    at performWorkOnRootViaSchedulerTask (http://localhost:3000/_next/static/chunks/node_modules_react-dom_0bruynb._.js:9534:9)
    at MessagePort.performWorkUntilDeadline (http://localhost:3000/_next/static/chunks/node_modules_11l9xip._.js:1335:64) @ http://localhost:3000/_next/static/chunks/node_modules_next_dist_0k8zr~w._.js:1945
[   41282ms] [ERROR] Error: You have tried to read "publicKey" on a WalletContext without providing one. Make sure to render a WalletProvider as an ancestor of the component that uses WalletContext.
    at logMissingProviderError (http://localhost:3000/_next/static/chunks/node_modules_0e4g8kj._.js:1621:19)
    at Object.get (http://localhost:3000/_next/static/chunks/node_modules_0e4g8kj._.js:1616:9)
    at SolanaConnectWallet (http://localhost:3000/_next/static/chunks/%5Broot-of-the-server%5D__01pr~vt._.js:486:13)
    at Object.react_stack_bottom_frame (http://localhost:3000/_next/static/chunks/node_modules_react-dom_0bruynb._.js:13800:24)
    at renderWithHooks (http://localhost:3000/_next/static/chunks/node_modules_react-dom_0bruynb._.js:4464:24)
    at updateFunctionComponent (http://localhost:3000/_next/static/chunks/node_modules_react-dom_0bruynb._.js:5917:21)
    at beginWork (http://localhost:3000/_next/static/chunks/node_modules_react-dom_0bruynb._.js:6498:24)
    at runWithFiberInDEV (http://localhost:3000/_next/static/chunks/node_modules_react-dom_0bruynb._.js:886:74)
    at performUnitOfWork (http://localhost:3000/_next/static/chunks/node_modules_react-dom_0bruynb._.js:8894:97)
    at workLoopConcurrentByScheduler (http://localhost:3000/_next/static/chunks/node_modules_react-dom_0bruynb._.js:8890:58)
    at renderRootConcurrent (http://localhost:3000/_next/static/chunks/node_modules_react-dom_0bruynb._.js:8873:71)
    at performWorkOnRoot (http://localhost:3000/_next/static/chunks/node_modules_react-dom_0bruynb._.js:8400:150)
    at performWorkOnRootViaSchedulerTask (http://localhost:3000/_next/static/chunks/node_modules_react-dom_0bruynb._.js:9534:9)
    at MessagePort.performWorkUntilDeadline (http://localhost:3000/_next/static/chunks/node_modules_11l9xip._.js:1335:64) @ http://localhost:3000/_next/static/chunks/node_modules_next_dist_0k8zr~w._.js:1945
[   41282ms] [ERROR] Error: You have tried to read "publicKey" on a WalletContext without providing one. Make sure to render a WalletProvider as an ancestor of the component that uses WalletContext.
    at logMissingProviderError (http://localhost:3000/_next/static/chunks/node_modules_0e4g8kj._.js:1621:19)
    at Object.get (http://localhost:3000/_next/static/chunks/node_modules_0e4g8kj._.js:1616:9)
    at SolanaConnectWallet (http://localhost:3000/_next/static/chunks/%5Broot-of-the-server%5D__01pr~vt._.js:486:13)
    at Object.react_stack_bottom_frame (http://localhost:3000/_next/static/chunks/node_modules_react-dom_0bruynb._.js:13800:24)
    at renderWithHooksAgain (http://localhost:3000/_next/static/chunks/node_modules_react-dom_0bruynb._.js:4519:24)
    at renderWithHooks (http://localhost:3000/_next/static/chunks/node_modules_react-dom_0bruynb._.js:4470:28)
    at updateFunctionComponent (http://localhost:3000/_next/static/chunks/node_modules_react-dom_0bruynb._.js:5917:21)
    at beginWork (http://localhost:3000/_next/static/chunks/node_modules_react-dom_0bruynb._.js:6498:24)
    at runWithFiberInDEV (http://localhost:3000/_next/static/chunks/node_modules_react-dom_0bruynb._.js:886:74)
    at performUnitOfWork (http://localhost:3000/_next/static/chunks/node_modules_react-dom_0bruynb._.js:8894:97)
    at workLoopConcurrentByScheduler (http://localhost:3000/_next/static/chunks/node_modules_react-dom_0bruynb._.js:8890:58)
    at renderRootConcurrent (http://localhost:3000/_next/static/chunks/node_modules_react-dom_0bruynb._.js:8873:71)
    at performWorkOnRoot (http://localhost:3000/_next/static/chunks/node_modules_react-dom_0bruynb._.js:8400:150)
    at performWorkOnRootViaSchedulerTask (http://localhost:3000/_next/static/chunks/node_modules_react-dom_0bruynb._.js:9534:9)
    at MessagePort.performWorkUntilDeadline (http://localhost:3000/_next/static/chunks/node_modules_11l9xip._.js:1335:64) @ http://localhost:3000/_next/static/chunks/node_modules_next_dist_0k8zr~w._.js:1945
[   41282ms] [ERROR] Error: You have tried to read "publicKey" on a WalletContext without providing one. Make sure to render a WalletProvider as an ancestor of the component that uses WalletContext.
    at logMissingProviderError (http://localhost:3000/_next/static/chunks/node_modules_0e4g8kj._.js:1621:19)
    at Object.get (http://localhost:3000/_next/static/chunks/node_modules_0e4g8kj._.js:1616:9)
    at useWalletMultiButton (http://localhost:3000/_next/static/chunks/node_modules_0e4g8kj._.js:1658:72)
    at BaseWalletMultiButton (http://localhost:3000/_next/static/chunks/node_modules_0e4g8kj._.js:1833:307)
    at Object.react_stack_bottom_frame (http://localhost:3000/_next/static/chunks/node_modules_react-dom_0bruynb._.js:13800:24)
    at renderWithHooks (http://localhost:3000/_next/static/chunks/node_modules_react-dom_0bruynb._.js:4464:24)
    at updateFunctionComponent (http://localhost:3000/_next/static/chunks/node_modules_react-dom_0bruynb._.js:5917:21)
    at beginWork (http://localhost:3000/_next/static/chunks/node_modules_react-dom_0bruynb._.js:6498:24)
    at runWithFiberInDEV (http://localhost:3000/_next/static/chunks/node_modules_react-dom_0bruynb._.js:886:74)
    at performUnitOfWork (http://localhost:3000/_next/static/chunks/node_modules_react-dom_0bruynb._.js:8894:97)
    at workLoopConcurrentByScheduler (http://localhost:3000/_next/static/chunks/node_modules_react-dom_0bruynb._.js:8890:58)
    at renderRootConcurrent (http://localhost:3000/_next/static/chunks/node_modules_react-dom_0bruynb._.js:8873:71)
    at performWorkOnRoot (http://localhost:3000/_next/static/chunks/node_modules_react-dom_0bruynb._.js:8400:150)
    at performWorkOnRootViaSchedulerTask (http://localhost:3000/_next/static/chunks/node_modules_react-dom_0bruynb._.js:9534:9)
    at MessagePort.performWorkUntilDeadline (http://localhost:3000/_next/static/chunks/node_modules_11l9xip._.js:1335:64) @ http://localhost:3000/_next/static/chunks/node_modules_next_dist_0k8zr~w._.js:1945
[   41283ms] [ERROR] Error: You have tried to read "wallet" on a WalletContext without providing one. Make sure to render a WalletProvider as an ancestor of the component that uses WalletContext.
    at logMissingProviderError (http://localhost:3000/_next/static/chunks/node_modules_0e4g8kj._.js:1621:19)
    at Object.get (http://localhost:3000/_next/static/chunks/node_modules_0e4g8kj._.js:1610:9)
    at useWalletMultiButton (http://localhost:3000/_next/static/chunks/node_modules_0e4g8kj._.js:1658:91)
    at BaseWalletMultiButton (http://localhost:3000/_next/static/chunks/node_modules_0e4g8kj._.js:1833:307)
    at Object.react_stack_bottom_frame (http://localhost:3000/_next/static/chunks/node_modules_react-dom_0bruynb._.js:13800:24)
    at renderWithHooks (http://localhost:3000/_next/static/chunks/node_modules_react-dom_0bruynb._.js:4464:24)
    at updateFunctionComponent (http://localhost:3000/_next/static/chunks/node_modules_react-dom_0bruynb._.js:5917:21)
    at beginWork (http://localhost:3000/_next/static/chunks/node_modules_react-dom_0bruynb._.js:6498:24)
    at runWithFiberInDEV (http://localhost:3000/_next/static/chunks/node_modules_react-dom_0bruynb._.js:886:74)
    at performUnitOfWork (http://localhost:3000/_next/static/chunks/node_modules_react-dom_0bruynb._.js:8894:97)
    at workLoopConcurrentByScheduler (http://localhost:3000/_next/static/chunks/node_modules_react-dom_0bruynb._.js:8890:58)
    at renderRootConcurrent (http://localhost:3000/_next/static/chunks/node_modules_react-dom_0bruynb._.js:8873:71)
    at performWorkOnRoot (http://localhost:3000/_next/static/chunks/node_modules_react-dom_0bruynb._.js:8400:150)
    at performWorkOnRootViaSchedulerTask (http://localhost:3000/_next/static/chunks/node_modules_react-dom_0bruynb._.js:9534:9)
    at MessagePort.performWorkUntilDeadline (http://localhost:3000/_next/static/chunks/node_modules_11l9xip._.js:1335:64) @ http://localhost:3000/_next/static/chunks/node_modules_next_dist_0k8zr~w._.js:1945
[   41283ms] [ERROR] Error: You have tried to read "wallets" on a WalletContext without providing one. Make sure to render a WalletProvider as an ancestor of the component that uses WalletContext.
    at logMissingProviderError (http://localhost:3000/_next/static/chunks/node_modules_0e4g8kj._.js:1621:19)
    at Object.get (http://localhost:3000/_next/static/chunks/node_modules_0e4g8kj._.js:1604:9)
    at useWalletMultiButton (http://localhost:3000/_next/static/chunks/node_modules_0e4g8kj._.js:1658:99)
    at BaseWalletMultiButton (http://localhost:3000/_next/static/chunks/node_modules_0e4g8kj._.js:1833:307)
    at Object.react_stack_bottom_frame (http://localhost:3000/_next/static/chunks/node_modules_react-dom_0bruynb._.js:13800:24)
    at renderWithHooks (http://localhost:3000/_next/static/chunks/node_modules_react-dom_0bruynb._.js:4464:24)
    at updateFunctionComponent (http://localhost:3000/_next/static/chunks/node_modules_react-dom_0bruynb._.js:5917:21)
    at beginWork (http://localhost:3000/_next/static/chunks/node_modules_react-dom_0bruynb._.js:6498:24)
    at runWithFiberInDEV (http://localhost:3000/_next/static/chunks/node_modules_react-dom_0bruynb._.js:886:74)
    at performUnitOfWork (http://localhost:3000/_next/static/chunks/node_modules_react-dom_0bruynb._.js:8894:97)
    at workLoopConcurrentByScheduler (http://localhost:3000/_next/static/chunks/node_modules_react-dom_0bruynb._.js:8890:58)
    at renderRootConcurrent (http://localhost:3000/_next/static/chunks/node_modules_react-dom_0bruynb._.js:8873:71)
    at performWorkOnRoot (http://localhost:3000/_next/static/chunks/node_modules_react-dom_0bruynb._.js:8400:150)
    at performWorkOnRootViaSchedulerTask (http://localhost:3000/_next/static/chunks/node_modules_react-dom_0bruynb._.js:9534:9)
    at MessagePort.performWorkUntilDeadline (http://localhost:3000/_next/static/chunks/node_modules_11l9xip._.js:1335:64) @ http://localhost:3000/_next/static/chunks/node_modules_next_dist_0k8zr~w._.js:1945
[   41283ms] [ERROR] Error: You have tried to read "publicKey" on a WalletContext without providing one. Make sure to render a WalletProvider as an ancestor of the component that uses WalletContext.
    at logMissingProviderError (http://localhost:3000/_next/static/chunks/node_modules_0e4g8kj._.js:1621:19)
    at Object.get (http://localhost:3000/_next/static/chunks/node_modules_0e4g8kj._.js:1616:9)
    at useWalletMultiButton (http://localhost:3000/_next/static/chunks/node_modules_0e4g8kj._.js:1658:72)
    at BaseWalletMultiButton (http://localhost:3000/_next/static/chunks/node_modules_0e4g8kj._.js:1833:307)
    at Object.react_stack_bottom_frame (http://localhost:3000/_next/static/chunks/node_modules_react-dom_0bruynb._.js:13800:24)
    at renderWithHooksAgain (http://localhost:3000/_next/static/chunks/node_modules_react-dom_0bruynb._.js:4519:24)
    at renderWithHooks (http://localhost:3000/_next/static/chunks/node_modules_react-dom_0bruynb._.js:4470:28)
    at updateFunctionComponent (http://localhost:3000/_next/static/chunks/node_modules_react-dom_0bruynb._.js:5917:21)
    at beginWork (http://localhost:3000/_next/static/chunks/node_modules_react-dom_0bruynb._.js:6498:24)
    at runWithFiberInDEV (http://localhost:3000/_next/static/chunks/node_modules_react-dom_0bruynb._.js:886:74)
    at performUnitOfWork (http://localhost:3000/_next/static/chunks/node_modules_react-dom_0bruynb._.js:8894:97)
    at workLoopConcurrentByScheduler (http://localhost:3000/_next/static/chunks/node_modules_react-dom_0bruynb._.js:8890:58)
    at renderRootConcurrent (http://localhost:3000/_next/static/chunks/node_modules_react-dom_0bruynb._.js:8873:71)
    at performWorkOnRoot (http://localhost:3000/_next/static/chunks/node_modules_react-dom_0bruynb._.js:8400:150)
    at performWorkOnRootViaSchedulerTask (http://localhost:3000/_next/static/chunks/node_modules_react-dom_0bruynb._.js:9534:9)
    at MessagePort.performWorkUntilDeadline (http://localhost:3000/_next/static/chunks/node_modules_11l9xip._.js:1335:64) @ http://localhost:3000/_next/static/chunks/node_modules_next_dist_0k8zr~w._.js:1945
[   41283ms] [ERROR] Error: You have tried to read "wallet" on a WalletContext without providing one. Make sure to render a WalletProvider as an ancestor of the component that uses WalletContext.
    at logMissingProviderError (http://localhost:3000/_next/static/chunks/node_modules_0e4g8kj._.js:1621:19)
    at Object.get (http://localhost:3000/_next/static/chunks/node_modules_0e4g8kj._.js:1610:9)
    at useWalletMultiButton (http://localhost:3000/_next/static/chunks/node_modules_0e4g8kj._.js:1658:91)
    at BaseWalletMultiButton (http://localhost:3000/_next/static/chunks/node_modules_0e4g8kj._.js:1833:307)
    at Object.react_stack_bottom_frame (http://localhost:3000/_next/static/chunks/node_modules_react-dom_0bruynb._.js:13800:24)
    at renderWithHooksAgain (http://localhost:3000/_next/static/chunks/node_modules_react-dom_0bruynb._.js:4519:24)
    at renderWithHooks (http://localhost:3000/_next/static/chunks/node_modules_react-dom_0bruynb._.js:4470:28)
    at updateFunctionComponent (http://localhost:3000/_next/static/chunks/node_modules_react-dom_0bruynb._.js:5917:21)
    at beginWork (http://localhost:3000/_next/static/chunks/node_modules_react-dom_0bruynb._.js:6498:24)
    at runWithFiberInDEV (http://localhost:3000/_next/static/chunks/node_modules_react-dom_0bruynb._.js:886:74)
    at performUnitOfWork (http://localhost:3000/_next/static/chunks/node_modules_react-dom_0bruynb._.js:8894:97)
    at workLoopConcurrentByScheduler (http://localhost:3000/_next/static/chunks/node_modules_react-dom_0bruynb._.js:8890:58)
    at renderRootConcurrent (http://localhost:3000/_next/static/chunks/node_modules_react-dom_0bruynb._.js:8873:71)
    at performWorkOnRoot (http://localhost:3000/_next/static/chunks/node_modules_react-dom_0bruynb._.js:8400:150)
    at performWorkOnRootViaSchedulerTask (http://localhost:3000/_next/static/chunks/node_modules_react-dom_0bruynb._.js:9534:9)
    at MessagePort.performWorkUntilDeadline (http://localhost:3000/_next/static/chunks/node_modules_11l9xip._.js:1335:64) @ http://localhost:3000/_next/static/chunks/node_modules_next_dist_0k8zr~w._.js:1945
[   41283ms] [ERROR] Error: You have tried to read "wallets" on a WalletContext without providing one. Make sure to render a WalletProvider as an ancestor of the component that uses WalletContext.
    at logMissingProviderError (http://localhost:3000/_next/static/chunks/node_modules_0e4g8kj._.js:1621:19)
    at Object.get (http://localhost:3000/_next/static/chunks/node_modules_0e4g8kj._.js:1604:9)
    at useWalletMultiButton (http://localhost:3000/_next/static/chunks/node_modules_0e4g8kj._.js:1658:99)
    at BaseWalletMultiButton (http://localhost:3000/_next/static/chunks/node_modules_0e4g8kj._.js:1833:307)
    at Object.react_stack_bottom_frame (http://localhost:3000/_next/static/chunks/node_modules_react-dom_0bruynb._.js:13800:24)
    at renderWithHooksAgain (http://localhost:3000/_next/static/chunks/node_modules_react-dom_0bruynb._.js:4519:24)
    at renderWithHooks (http://localhost:3000/_next/static/chunks/node_modules_react-dom_0bruynb._.js:4470:28)
    at updateFunctionComponent (http://localhost:3000/_next/static/chunks/node_modules_react-dom_0bruynb._.js:5917:21)
    at beginWork (http://localhost:3000/_next/static/chunks/node_modules_react-dom_0bruynb._.js:6498:24)
    at runWithFiberInDEV (http://localhost:3000/_next/static/chunks/node_modules_react-dom_0bruynb._.js:886:74)
    at performUnitOfWork (http://localhost:3000/_next/static/chunks/node_modules_react-dom_0bruynb._.js:8894:97)
    at workLoopConcurrentByScheduler (http://localhost:3000/_next/static/chunks/node_modules_react-dom_0bruynb._.js:8890:58)
    at renderRootConcurrent (http://localhost:3000/_next/static/chunks/node_modules_react-dom_0bruynb._.js:8873:71)
    at performWorkOnRoot (http://localhost:3000/_next/static/chunks/node_modules_react-dom_0bruynb._.js:8400:150)
    at performWorkOnRootViaSchedulerTask (http://localhost:3000/_next/static/chunks/node_modules_react-dom_0bruynb._.js:9534:9)
    at MessagePort.performWorkUntilDeadline (http://localhost:3000/_next/static/chunks/node_modules_11l9xip._.js:1335:64) @ http://localhost:3000/_next/static/chunks/node_modules_next_dist_0k8zr~w._.js:1945
[   42769ms] [INFO] %cDownload the React DevTools for a better development experience: https://react.dev/link/react-devtools font-weight:bold @ http://localhost:3000/_next/static/chunks/node_modules_react-dom_0bruynb._.js:15305
[   42781ms] [LOG] [HMR] connected @ http://localhost:3000/_next/static/chunks/node_modules_next_dist_0k8zr~w._.js:1226
[   42797ms] [ERROR] Error: You have tried to read "publicKey" on a WalletContext without providing one. Make sure to render a WalletProvider as an ancestor of the component that uses WalletContext.
    at logMissingProviderError (http://localhost:3000/_next/static/chunks/node_modules_0e4g8kj._.js:1621:19)
    at Object.get (http://localhost:3000/_next/static/chunks/node_modules_0e4g8kj._.js:1616:9)
    at SolanaConnectWallet (http://localhost:3000/_next/static/chunks/%5Broot-of-the-server%5D__01pr~vt._.js:486:13)
    at Object.react_stack_bottom_frame (http://localhost:3000/_next/static/chunks/node_modules_react-dom_0bruynb._.js:13800:24)
    at renderWithHooks (http://localhost:3000/_next/static/chunks/node_modules_react-dom_0bruynb._.js:4464:24)
    at updateFunctionComponent (http://localhost:3000/_next/static/chunks/node_modules_react-dom_0bruynb._.js:5917:21)
    at beginWork (http://localhost:3000/_next/static/chunks/node_modules_react-dom_0bruynb._.js:6498:24)
    at runWithFiberInDEV (http://localhost:3000/_next/static/chunks/node_modules_react-dom_0bruynb._.js:886:74)
    at performUnitOfWork (http://localhost:3000/_next/static/chunks/node_modules_react-dom_0bruynb._.js:8894:97)
    at workLoopSync (http://localhost:3000/_next/static/chunks/node_modules_react-dom_0bruynb._.js:8788:40)
    at renderRootSync (http://localhost:3000/_next/static/chunks/node_modules_react-dom_0bruynb._.js:8772:13)
    at performWorkOnRoot (http://localhost:3000/_next/static/chunks/node_modules_react-dom_0bruynb._.js:8400:186)
    at performSyncWorkOnRoot (http://localhost:3000/_next/static/chunks/node_modules_react-dom_0bruynb._.js:9542:9)
    at flushSyncWorkAcrossRoots_impl (http://localhost:3000/_next/static/chunks/node_modules_react-dom_0bruynb._.js:9458:316)
    at processRootScheduleInMicrotask (http://localhost:3000/_next/static/chunks/node_modules_react-dom_0bruynb._.js:9479:106)
    at http://localhost:3000/_next/static/chunks/node_modules_react-dom_0bruynb._.js:9553:158 @ http://localhost:3000/_next/static/chunks/node_modules_next_dist_0k8zr~w._.js:1945
[   42797ms] [ERROR] Error: You have tried to read "publicKey" on a WalletContext without providing one. Make sure to render a WalletProvider as an ancestor of the component that uses WalletContext.
    at logMissingProviderError (http://localhost:3000/_next/static/chunks/node_modules_0e4g8kj._.js:1621:19)
    at Object.get (http://localhost:3000/_next/static/chunks/node_modules_0e4g8kj._.js:1616:9)
    at SolanaConnectWallet (http://localhost:3000/_next/static/chunks/%5Broot-of-the-server%5D__01pr~vt._.js:486:13)
    at Object.react_stack_bottom_frame (http://localhost:3000/_next/static/chunks/node_modules_react-dom_0bruynb._.js:13800:24)
    at renderWithHooksAgain (http://localhost:3000/_next/static/chunks/node_modules_react-dom_0bruynb._.js:4519:24)
    at renderWithHooks (http://localhost:3000/_next/static/chunks/node_modules_react-dom_0bruynb._.js:4470:28)
    at updateFunctionComponent (http://localhost:3000/_next/static/chunks/node_modules_react-dom_0bruynb._.js:5917:21)
    at beginWork (http://localhost:3000/_next/static/chunks/node_modules_react-dom_0bruynb._.js:6498:24)
    at runWithFiberInDEV (http://localhost:3000/_next/static/chunks/node_modules_react-dom_0bruynb._.js:886:74)
    at performUnitOfWork (http://localhost:3000/_next/static/chunks/node_modules_react-dom_0bruynb._.js:8894:97)
    at workLoopSync (http://localhost:3000/_next/static/chunks/node_modules_react-dom_0bruynb._.js:8788:40)
    at renderRootSync (http://localhost:3000/_next/static/chunks/node_modules_react-dom_0bruynb._.js:8772:13)
    at performWorkOnRoot (http://localhost:3000/_next/static/chunks/node_modules_react-dom_0bruynb._.js:8400:186)
    at performSyncWorkOnRoot (http://localhost:3000/_next/static/chunks/node_modules_react-dom_0bruynb._.js:9542:9)
    at flushSyncWorkAcrossRoots_impl (http://localhost:3000/_next/static/chunks/node_modules_react-dom_0bruynb._.js:9458:316)
    at processRootScheduleInMicrotask (http://localhost:3000/_next/static/chunks/node_modules_react-dom_0bruynb._.js:9479:106)
    at http://localhost:3000/_next/static/chunks/node_modules_react-dom_0bruynb._.js:9553:158 @ http://localhost:3000/_next/static/chunks/node_modules_next_dist_0k8zr~w._.js:1945
[   42798ms] [ERROR] Error: You have tried to read "publicKey" on a WalletContext without providing one. Make sure to render a WalletProvider as an ancestor of the component that uses WalletContext.
    at logMissingProviderError (http://localhost:3000/_next/static/chunks/node_modules_0e4g8kj._.js:1621:19)
    at Object.get (http://localhost:3000/_next/static/chunks/node_modules_0e4g8kj._.js:1616:9)
    at useWalletMultiButton (http://localhost:3000/_next/static/chunks/node_modules_0e4g8kj._.js:1658:72)
    at BaseWalletMultiButton (http://localhost:3000/_next/static/chunks/node_modules_0e4g8kj._.js:1833:307)
    at Object.react_stack_bottom_frame (http://localhost:3000/_next/static/chunks/node_modules_react-dom_0bruynb._.js:13800:24)
    at renderWithHooks (http://localhost:3000/_next/static/chunks/node_modules_react-dom_0bruynb._.js:4464:24)
    at updateFunctionComponent (http://localhost:3000/_next/static/chunks/node_modules_react-dom_0bruynb._.js:5917:21)
    at beginWork (http://localhost:3000/_next/static/chunks/node_modules_react-dom_0bruynb._.js:6498:24)
    at runWithFiberInDEV (http://localhost:3000/_next/static/chunks/node_modules_react-dom_0bruynb._.js:886:74)
    at performUnitOfWork (http://localhost:3000/_next/static/chunks/node_modules_react-dom_0bruynb._.js:8894:97)
    at workLoopSync (http://localhost:3000/_next/static/chunks/node_modules_react-dom_0bruynb._.js:8788:40)
    at renderRootSync (http://localhost:3000/_next/static/chunks/node_modules_react-dom_0bruynb._.js:8772:13)
    at performWorkOnRoot (http://localhost:3000/_next/static/chunks/node_modules_react-dom_0bruynb._.js:8400:186)
    at performSyncWorkOnRoot (http://localhost:3000/_next/static/chunks/node_modules_react-dom_0bruynb._.js:9542:9)
    at flushSyncWorkAcrossRoots_impl (http://localhost:3000/_next/static/chunks/node_modules_react-dom_0bruynb._.js:9458:316)
    at processRootScheduleInMicrotask (http://localhost:3000/_next/static/chunks/node_modules_react-dom_0bruynb._.js:9479:106)
    at http://localhost:3000/_next/static/chunks/node_modules_react-dom_0bruynb._.js:9553:158 @ http://localhost:3000/_next/static/chunks/node_modules_next_dist_0k8zr~w._.js:1945
[   42798ms] [ERROR] Error: You have tried to read "wallet" on a WalletContext without providing one. Make sure to render a WalletProvider as an ancestor of the component that uses WalletContext.
    at logMissingProviderError (http://localhost:3000/_next/static/chunks/node_modules_0e4g8kj._.js:1621:19)
    at Object.get (http://localhost:3000/_next/static/chunks/node_modules_0e4g8kj._.js:1610:9)
    at useWalletMultiButton (http://localhost:3000/_next/static/chunks/node_modules_0e4g8kj._.js:1658:91)
    at BaseWalletMultiButton (http://localhost:3000/_next/static/chunks/node_modules_0e4g8kj._.js:1833:307)
    at Object.react_stack_bottom_frame (http://localhost:3000/_next/static/chunks/node_modules_react-dom_0bruynb._.js:13800:24)
    at renderWithHooks (http://localhost:3000/_next/static/chunks/node_modules_react-dom_0bruynb._.js:4464:24)
    at updateFunctionComponent (http://localhost:3000/_next/static/chunks/node_modules_react-dom_0bruynb._.js:5917:21)
    at beginWork (http://localhost:3000/_next/static/chunks/node_modules_react-dom_0bruynb._.js:6498:24)
    at runWithFiberInDEV (http://localhost:3000/_next/static/chunks/node_modules_react-dom_0bruynb._.js:886:74)
    at performUnitOfWork (http://localhost:3000/_next/static/chunks/node_modules_react-dom_0bruynb._.js:8894:97)
    at workLoopSync (http://localhost:3000/_next/static/chunks/node_modules_react-dom_0bruynb._.js:8788:40)
    at renderRootSync (http://localhost:3000/_next/static/chunks/node_modules_react-dom_0bruynb._.js:8772:13)
    at performWorkOnRoot (http://localhost:3000/_next/static/chunks/node_modules_react-dom_0bruynb._.js:8400:186)
    at performSyncWorkOnRoot (http://localhost:3000/_next/static/chunks/node_modules_react-dom_0bruynb._.js:9542:9)
    at flushSyncWorkAcrossRoots_impl (http://localhost:3000/_next/static/chunks/node_modules_react-dom_0bruynb._.js:9458:316)
    at processRootScheduleInMicrotask (http://localhost:3000/_next/static/chunks/node_modules_react-dom_0bruynb._.js:9479:106)
    at http://localhost:3000/_next/static/chunks/node_modules_react-dom_0bruynb._.js:9553:158 @ http://localhost:3000/_next/static/chunks/node_modules_next_dist_0k8zr~w._.js:1945
[   42798ms] [ERROR] Error: You have tried to read "wallets" on a WalletContext without providing one. Make sure to render a WalletProvider as an ancestor of the component that uses WalletContext.
    at logMissingProviderError (http://localhost:3000/_next/static/chunks/node_modules_0e4g8kj._.js:1621:19)
    at Object.get (http://localhost:3000/_next/static/chunks/node_modules_0e4g8kj._.js:1604:9)
    at useWalletMultiButton (http://localhost:3000/_next/static/chunks/node_modules_0e4g8kj._.js:1658:99)
    at BaseWalletMultiButton (http://localhost:3000/_next/static/chunks/node_modules_0e4g8kj._.js:1833:307)
    at Object.react_stack_bottom_frame (http://localhost:3000/_next/static/chunks/node_modules_react-dom_0bruynb._.js:13800:24)
    at renderWithHooks (http://localhost:3000/_next/static/chunks/node_modules_react-dom_0bruynb._.js:4464:24)
    at updateFunctionComponent (http://localhost:3000/_next/static/chunks/node_modules_react-dom_0bruynb._.js:5917:21)
    at beginWork (http://localhost:3000/_next/static/chunks/node_modules_react-dom_0bruynb._.js:6498:24)
    at runWithFiberInDEV (http://localhost:3000/_next/static/chunks/node_modules_react-dom_0bruynb._.js:886:74)
    at performUnitOfWork (http://localhost:3000/_next/static/chunks/node_modules_react-dom_0bruynb._.js:8894:97)
    at workLoopSync (http://localhost:3000/_next/static/chunks/node_modules_react-dom_0bruynb._.js:8788:40)
    at renderRootSync (http://localhost:3000/_next/static/chunks/node_modules_react-dom_0bruynb._.js:8772:13)
    at performWorkOnRoot (http://localhost:3000/_next/static/chunks/node_modules_react-dom_0bruynb._.js:8400:186)
    at performSyncWorkOnRoot (http://localhost:3000/_next/static/chunks/node_modules_react-dom_0bruynb._.js:9542:9)
    at flushSyncWorkAcrossRoots_impl (http://localhost:3000/_next/static/chunks/node_modules_react-dom_0bruynb._.js:9458:316)
    at processRootScheduleInMicrotask (http://localhost:3000/_next/static/chunks/node_modules_react-dom_0bruynb._.js:9479:106)
    at http://localhost:3000/_next/static/chunks/node_modules_react-dom_0bruynb._.js:9553:158 @ http://localhost:3000/_next/static/chunks/node_modules_next_dist_0k8zr~w._.js:1945
[   42798ms] [ERROR] Error: You have tried to read "publicKey" on a WalletContext without providing one. Make sure to render a WalletProvider as an ancestor of the component that uses WalletContext.
    at logMissingProviderError (http://localhost:3000/_next/static/chunks/node_modules_0e4g8kj._.js:1621:19)
    at Object.get (http://localhost:3000/_next/static/chunks/node_modules_0e4g8kj._.js:1616:9)
    at useWalletMultiButton (http://localhost:3000/_next/static/chunks/node_modules_0e4g8kj._.js:1658:72)
    at BaseWalletMultiButton (http://localhost:3000/_next/static/chunks/node_modules_0e4g8kj._.js:1833:307)
    at Object.react_stack_bottom_frame (http://localhost:3000/_next/static/chunks/node_modules_react-dom_0bruynb._.js:13800:24)
    at renderWithHooksAgain (http://localhost:3000/_next/static/chunks/node_modules_react-dom_0bruynb._.js:4519:24)
    at renderWithHooks (http://localhost:3000/_next/static/chunks/node_modules_react-dom_0bruynb._.js:4470:28)
    at updateFunctionComponent (http://localhost:3000/_next/static/chunks/node_modules_react-dom_0bruynb._.js:5917:21)
    at beginWork (http://localhost:3000/_next/static/chunks/node_modules_react-dom_0bruynb._.js:6498:24)
    at runWithFiberInDEV (http://localhost:3000/_next/static/chunks/node_modules_react-dom_0bruynb._.js:886:74)
    at performUnitOfWork (http://localhost:3000/_next/static/chunks/node_modules_react-dom_0bruynb._.js:8894:97)
    at workLoopSync (http://localhost:3000/_next/static/chunks/node_modules_react-dom_0bruynb._.js:8788:40)
    at renderRootSync (http://localhost:3000/_next/static/chunks/node_modules_react-dom_0bruynb._.js:8772:13)
    at performWorkOnRoot (http://localhost:3000/_next/static/chunks/node_modules_react-dom_0bruynb._.js:8400:186)
    at performSyncWorkOnRoot (http://localhost:3000/_next/static/chunks/node_modules_react-dom_0bruynb._.js:9542:9)
    at flushSyncWorkAcrossRoots_impl (http://localhost:3000/_next/static/chunks/node_modules_react-dom_0bruynb._.js:9458:316)
    at processRootScheduleInMicrotask (http://localhost:3000/_next/static/chunks/node_modules_react-dom_0bruynb._.js:9479:106)
    at http://localhost:3000/_next/static/chunks/node_modules_react-dom_0bruynb._.js:9553:158 @ http://localhost:3000/_next/static/chunks/node_modules_next_dist_0k8zr~w._.js:1945
[   42799ms] [ERROR] Error: You have tried to read "wallet" on a WalletContext without providing one. Make sure to render a WalletProvider as an ancestor of the component that uses WalletContext.
    at logMissingProviderError (http://localhost:3000/_next/static/chunks/node_modules_0e4g8kj._.js:1621:19)
    at Object.get (http://localhost:3000/_next/static/chunks/node_modules_0e4g8kj._.js:1610:9)
    at useWalletMultiButton (http://localhost:3000/_next/static/chunks/node_modules_0e4g8kj._.js:1658:91)
    at BaseWalletMultiButton (http://localhost:3000/_next/static/chunks/node_modules_0e4g8kj._.js:1833:307)
    at Object.react_stack_bottom_frame (http://localhost:3000/_next/static/chunks/node_modules_react-dom_0bruynb._.js:13800:24)
    at renderWithHooksAgain (http://localhost:3000/_next/static/chunks/node_modules_react-dom_0bruynb._.js:4519:24)
    at renderWithHooks (http://localhost:3000/_next/static/chunks/node_modules_react-dom_0bruynb._.js:4470:28)
    at updateFunctionComponent (http://localhost:3000/_next/static/chunks/node_modules_react-dom_0bruynb._.js:5917:21)
    at beginWork (http://localhost:3000/_next/static/chunks/node_modules_react-dom_0bruynb._.js:6498:24)
    at runWithFiberInDEV (http://localhost:3000/_next/static/chunks/node_modules_react-dom_0bruynb._.js:886:74)
    at performUnitOfWork (http://localhost:3000/_next/static/chunks/node_modules_react-dom_0bruynb._.js:8894:97)
    at workLoopSync (http://localhost:3000/_next/static/chunks/node_modules_react-dom_0bruynb._.js:8788:40)
    at renderRootSync (http://localhost:3000/_next/static/chunks/node_modules_react-dom_0bruynb._.js:8772:13)
    at performWorkOnRoot (http://localhost:3000/_next/static/chunks/node_modules_react-dom_0bruynb._.js:8400:186)
    at performSyncWorkOnRoot (http://localhost:3000/_next/static/chunks/node_modules_react-dom_0bruynb._.js:9542:9)
    at flushSyncWorkAcrossRoots_impl (http://localhost:3000/_next/static/chunks/node_modules_react-dom_0bruynb._.js:9458:316)
    at processRootScheduleInMicrotask (http://localhost:3000/_next/static/chunks/node_modules_react-dom_0bruynb._.js:9479:106)
    at http://localhost:3000/_next/static/chunks/node_modules_react-dom_0bruynb._.js:9553:158 @ http://localhost:3000/_next/static/chunks/node_modules_next_dist_0k8zr~w._.js:1945
[   42799ms] [ERROR] Error: You have tried to read "wallets" on a WalletContext without providing one. Make sure to render a WalletProvider as an ancestor of the component that uses WalletContext.
    at logMissingProviderError (http://localhost:3000/_next/static/chunks/node_modules_0e4g8kj._.js:1621:19)
    at Object.get (http://localhost:3000/_next/static/chunks/node_modules_0e4g8kj._.js:1604:9)
    at useWalletMultiButton (http://localhost:3000/_next/static/chunks/node_modules_0e4g8kj._.js:1658:99)
    at BaseWalletMultiButton (http://localhost:3000/_next/static/chunks/node_modules_0e4g8kj._.js:1833:307)
    at Object.react_stack_bottom_frame (http://localhost:3000/_next/static/chunks/node_modules_react-dom_0bruynb._.js:13800:24)
    at renderWithHooksAgain (http://localhost:3000/_next/static/chunks/node_modules_react-dom_0bruynb._.js:4519:24)
    at renderWithHooks (http://localhost:3000/_next/static/chunks/node_modules_react-dom_0bruynb._.js:4470:28)
    at updateFunctionComponent (http://localhost:3000/_next/static/chunks/node_modules_react-dom_0bruynb._.js:5917:21)
    at beginWork (http://localhost:3000/_next/static/chunks/node_modules_react-dom_0bruynb._.js:6498:24)
    at runWithFiberInDEV (http://localhost:3000/_next/static/chunks/node_modules_react-dom_0bruynb._.js:886:74)
    at performUnitOfWork (http://localhost:3000/_next/static/chunks/node_modules_react-dom_0bruynb._.js:8894:97)
    at workLoopSync (http://localhost:3000/_next/static/chunks/node_modules_react-dom_0bruynb._.js:8788:40)
    at renderRootSync (http://localhost:3000/_next/static/chunks/node_modules_react-dom_0bruynb._.js:8772:13)
    at performWorkOnRoot (http://localhost:3000/_next/static/chunks/node_modules_react-dom_0bruynb._.js:8400:186)
    at performSyncWorkOnRoot (http://localhost:3000/_next/static/chunks/node_modules_react-dom_0bruynb._.js:9542:9)
    at flushSyncWorkAcrossRoots_impl (http://localhost:3000/_next/static/chunks/node_modules_react-dom_0bruynb._.js:9458:316)
    at processRootScheduleInMicrotask (http://localhost:3000/_next/static/chunks/node_modules_react-dom_0bruynb._.js:9479:106)
    at http://localhost:3000/_next/static/chunks/node_modules_react-dom_0bruynb._.js:9553:158 @ http://localhost:3000/_next/static/chunks/node_modules_next_dist_0k8zr~w._.js:1945
[   42799ms] [ERROR] Error: You have tried to read "publicKey" on a WalletContext without providing one. Make sure to render a WalletProvider as an ancestor of the component that uses WalletContext.
    at logMissingProviderError (http://localhost:3000/_next/static/chunks/node_modules_0e4g8kj._.js:1621:19)
    at Object.get (http://localhost:3000/_next/static/chunks/node_modules_0e4g8kj._.js:1616:9)
    at PlaceBetModal (http://localhost:3000/_next/static/chunks/%5Broot-of-the-server%5D__01pr~vt._.js:2453:13)
    at Object.react_stack_bottom_frame (http://localhost:3000/_next/static/chunks/node_modules_react-dom_0bruynb._.js:13800:24)
    at renderWithHooks (http://localhost:3000/_next/static/chunks/node_modules_react-dom_0bruynb._.js:4464:24)
    at updateFunctionComponent (http://localhost:3000/_next/static/chunks/node_modules_react-dom_0bruynb._.js:5917:21)
    at beginWork (http://localhost:3000/_next/static/chunks/node_modules_react-dom_0bruynb._.js:6498:24)
    at runWithFiberInDEV (http://localhost:3000/_next/static/chunks/node_modules_react-dom_0bruynb._.js:886:74)
    at performUnitOfWork (http://localhost:3000/_next/static/chunks/node_modules_react-dom_0bruynb._.js:8894:97)
    at workLoopSync (http://localhost:3000/_next/static/chunks/node_modules_react-dom_0bruynb._.js:8788:40)
    at renderRootSync (http://localhost:3000/_next/static/chunks/node_modules_react-dom_0bruynb._.js:8772:13)
    at performWorkOnRoot (http://localhost:3000/_next/static/chunks/node_modules_react-dom_0bruynb._.js:8400:186)
    at performSyncWorkOnRoot (http://localhost:3000/_next/static/chunks/node_modules_react-dom_0bruynb._.js:9542:9)
    at flushSyncWorkAcrossRoots_impl (http://localhost:3000/_next/static/chunks/node_modules_react-dom_0bruynb._.js:9458:316)
    at processRootScheduleInMicrotask (http://localhost:3000/_next/static/chunks/node_modules_react-dom_0bruynb._.js:9479:106)
    at http://localhost:3000/_next/static/chunks/node_modules_react-dom_0bruynb._.js:9553:158 @ http://localhost:3000/_next/static/chunks/node_modules_next_dist_0k8zr~w._.js:1945
[   42799ms] [ERROR] Error: You have tried to read "publicKey" on a WalletContext without providing one. Make sure to render a WalletProvider as an ancestor of the component that uses WalletContext.
    at logMissingProviderError (http://localhost:3000/_next/static/chunks/node_modules_0e4g8kj._.js:1621:19)
    at Object.get (http://localhost:3000/_next/static/chunks/node_modules_0e4g8kj._.js:1616:9)
    at usePlaceBet (http://localhost:3000/_next/static/chunks/%5Broot-of-the-server%5D__01pr~vt._.js:2301:13)
    at PlaceBetModal (http://localhost:3000/_next/static/chunks/%5Broot-of-the-server%5D__01pr~vt._.js:2460:166)
    at Object.react_stack_bottom_frame (http://localhost:3000/_next/static/chunks/node_modules_react-dom_0bruynb._.js:13800:24)
    at renderWithHooks (http://localhost:3000/_next/static/chunks/node_modules_react-dom_0bruynb._.js:4464:24)
    at updateFunctionComponent (http://localhost:3000/_next/static/chunks/node_modules_react-dom_0bruynb._.js:5917:21)
    at beginWork (http://localhost:3000/_next/static/chunks/node_modules_react-dom_0bruynb._.js:6498:24)
    at runWithFiberInDEV (http://localhost:3000/_next/static/chunks/node_modules_react-dom_0bruynb._.js:886:74)
    at performUnitOfWork (http://localhost:3000/_next/static/chunks/node_modules_react-dom_0bruynb._.js:8894:97)
    at workLoopSync (http://localhost:3000/_next/static/chunks/node_modules_react-dom_0bruynb._.js:8788:40)
    at renderRootSync (http://localhost:3000/_next/static/chunks/node_modules_react-dom_0bruynb._.js:8772:13)
    at performWorkOnRoot (http://localhost:3000/_next/static/chunks/node_modules_react-dom_0bruynb._.js:8400:186)
    at performSyncWorkOnRoot (http://localhost:3000/_next/static/chunks/node_modules_react-dom_0bruynb._.js:9542:9)
    at flushSyncWorkAcrossRoots_impl (http://localhost:3000/_next/static/chunks/node_modules_react-dom_0bruynb._.js:9458:316)
    at processRootScheduleInMicrotask (http://localhost:3000/_next/static/chunks/node_modules_react-dom_0bruynb._.js:9479:106)
    at http://localhost:3000/_next/static/chunks/node_modules_react-dom_0bruynb._.js:9553:158 @ http://localhost:3000/_next/static/chunks/node_modules_next_dist_0k8zr~w._.js:1945
[   42799ms] [ERROR] Error: You have tried to read "publicKey" on a WalletContext without providing one. Make sure to render a WalletProvider as an ancestor of the component that uses WalletContext.
    at logMissingProviderError (http://localhost:3000/_next/static/chunks/node_modules_0e4g8kj._.js:1621:19)
    at Object.get (http://localhost:3000/_next/static/chunks/node_modules_0e4g8kj._.js:1616:9)
    at PlaceBetModal (http://localhost:3000/_next/static/chunks/%5Broot-of-the-server%5D__01pr~vt._.js:2453:13)
    at Object.react_stack_bottom_frame (http://localhost:3000/_next/static/chunks/node_modules_react-dom_0bruynb._.js:13800:24)
    at renderWithHooksAgain (http://localhost:3000/_next/static/chunks/node_modules_react-dom_0bruynb._.js:4519:24)
    at renderWithHooks (http://localhost:3000/_next/static/chunks/node_modules_react-dom_0bruynb._.js:4470:28)
    at updateFunctionComponent (http://localhost:3000/_next/static/chunks/node_modules_react-dom_0bruynb._.js:5917:21)
    at beginWork (http://localhost:3000/_next/static/chunks/node_modules_react-dom_0bruynb._.js:6498:24)
    at runWithFiberInDEV (http://localhost:3000/_next/static/chunks/node_modules_react-dom_0bruynb._.js:886:74)
    at performUnitOfWork (http://localhost:3000/_next/static/chunks/node_modules_react-dom_0bruynb._.js:8894:97)
    at workLoopSync (http://localhost:3000/_next/static/chunks/node_modules_react-dom_0bruynb._.js:8788:40)
    at renderRootSync (http://localhost:3000/_next/static/chunks/node_modules_react-dom_0bruynb._.js:8772:13)
    at performWorkOnRoot (http://localhost:3000/_next/static/chunks/node_modules_react-dom_0bruynb._.js:8400:186)
    at performSyncWorkOnRoot (http://localhost:3000/_next/static/chunks/node_modules_react-dom_0bruynb._.js:9542:9)
    at flushSyncWorkAcrossRoots_impl (http://localhost:3000/_next/static/chunks/node_modules_react-dom_0bruynb._.js:9458:316)
    at processRootScheduleInMicrotask (http://localhost:3000/_next/static/chunks/node_modules_react-dom_0bruynb._.js:9479:106)
    at http://localhost:3000/_next/static/chunks/node_modules_react-dom_0bruynb._.js:9553:158 @ http://localhost:3000/_next/static/chunks/node_modules_next_dist_0k8zr~w._.js:1945
[   42799ms] [ERROR] Error: You have tried to read "publicKey" on a WalletContext without providing one. Make sure to render a WalletProvider as an ancestor of the component that uses WalletContext.
    at logMissingProviderError (http://localhost:3000/_next/static/chunks/node_modules_0e4g8kj._.js:1621:19)
    at Object.get (http://localhost:3000/_next/static/chunks/node_modules_0e4g8kj._.js:1616:9)
    at usePlaceBet (http://localhost:3000/_next/static/chunks/%5Broot-of-the-server%5D__01pr~vt._.js:2301:13)
    at PlaceBetModal (http://localhost:3000/_next/static/chunks/%5Broot-of-the-server%5D__01pr~vt._.js:2460:166)
    at Object.react_stack_bottom_frame (http://localhost:3000/_next/static/chunks/node_modules_react-dom_0bruynb._.js:13800:24)
    at renderWithHooksAgain (http://localhost:3000/_next/static/chunks/node_modules_react-dom_0bruynb._.js:4519:24)
    at renderWithHooks (http://localhost:3000/_next/static/chunks/node_modules_react-dom_0bruynb._.js:4470:28)
    at updateFunctionComponent (http://localhost:3000/_next/static/chunks/node_modules_react-dom_0bruynb._.js:5917:21)
    at beginWork (http://localhost:3000/_next/static/chunks/node_modules_react-dom_0bruynb._.js:6498:24)
    at runWithFiberInDEV (http://localhost:3000/_next/static/chunks/node_modules_react-dom_0bruynb._.js:886:74)
    at performUnitOfWork (http://localhost:3000/_next/static/chunks/node_modules_react-dom_0bruynb._.js:8894:97)
    at workLoopSync (http://localhost:3000/_next/static/chunks/node_modules_react-dom_0bruynb._.js:8788:40)
    at renderRootSync (http://localhost:3000/_next/static/chunks/node_modules_react-dom_0bruynb._.js:8772:13)
    at performWorkOnRoot (http://localhost:3000/_next/static/chunks/node_modules_react-dom_0bruynb._.js:8400:186)
    at performSyncWorkOnRoot (http://localhost:3000/_next/static/chunks/node_modules_react-dom_0bruynb._.js:9542:9)
    at flushSyncWorkAcrossRoots_impl (http://localhost:3000/_next/static/chunks/node_modules_react-dom_0bruynb._.js:9458:316)
    at processRootScheduleInMicrotask (http://localhost:3000/_next/static/chunks/node_modules_react-dom_0bruynb._.js:9479:106)
    at http://localhost:3000/_next/static/chunks/node_modules_react-dom_0bruynb._.js:9553:158 @ http://localhost:3000/_next/static/chunks/node_modules_next_dist_0k8zr~w._.js:1945
[   42800ms] [WARNING] Do not add stylesheets using next/head (see <link rel="stylesheet"> tag with href="https://api.fontshare.com/v2/css?f[]=satoshi@900,700,500,400,300&display=swap"). Use Document instead. 
See more info here: https://nextjs.org/docs/messages/no-stylesheets-in-head-component @ http://localhost:3000/_next/static/chunks/node_modules_next_dist_0k8zr~w._.js:1226
[   42803ms] [ERROR] Error: You have tried to read "publicKey" on a WalletContext without providing one. Make sure to render a WalletProvider as an ancestor of the component that uses WalletContext.
    at logMissingProviderError (http://localhost:3000/_next/static/chunks/node_modules_0e4g8kj._.js:1621:19)
    at Object.get (http://localhost:3000/_next/static/chunks/node_modules_0e4g8kj._.js:1616:9)
    at SolanaConnectWallet (http://localhost:3000/_next/static/chunks/%5Broot-of-the-server%5D__01pr~vt._.js:486:13)
    at Object.react_stack_bottom_frame (http://localhost:3000/_next/static/chunks/node_modules_react-dom_0bruynb._.js:13800:24)
    at renderWithHooks (http://localhost:3000/_next/static/chunks/node_modules_react-dom_0bruynb._.js:4464:24)
    at updateFunctionComponent (http://localhost:3000/_next/static/chunks/node_modules_react-dom_0bruynb._.js:5917:21)
    at beginWork (http://localhost:3000/_next/static/chunks/node_modules_react-dom_0bruynb._.js:6498:24)
    at runWithFiberInDEV (http://localhost:3000/_next/static/chunks/node_modules_react-dom_0bruynb._.js:886:74)
    at performUnitOfWork (http://localhost:3000/_next/static/chunks/node_modules_react-dom_0bruynb._.js:8894:97)
    at workLoopSync (http://localhost:3000/_next/static/chunks/node_modules_react-dom_0bruynb._.js:8788:40)
    at renderRootSync (http://localhost:3000/_next/static/chunks/node_modules_react-dom_0bruynb._.js:8772:13)
    at performWorkOnRoot (http://localhost:3000/_next/static/chunks/node_modules_react-dom_0bruynb._.js:8400:186)
    at performWorkOnRootViaSchedulerTask (http://localhost:3000/_next/static/chunks/node_modules_react-dom_0bruynb._.js:9534:9)
    at MessagePort.performWorkUntilDeadline (http://localhost:3000/_next/static/chunks/node_modules_11l9xip._.js:1335:64) @ http://localhost:3000/_next/static/chunks/node_modules_next_dist_0k8zr~w._.js:1945
[   42803ms] [ERROR] Error: You have tried to read "publicKey" on a WalletContext without providing one. Make sure to render a WalletProvider as an ancestor of the component that uses WalletContext.
    at logMissingProviderError (http://localhost:3000/_next/static/chunks/node_modules_0e4g8kj._.js:1621:19)
    at Object.get (http://localhost:3000/_next/static/chunks/node_modules_0e4g8kj._.js:1616:9)
    at SolanaConnectWallet (http://localhost:3000/_next/static/chunks/%5Broot-of-the-server%5D__01pr~vt._.js:486:13)
    at Object.react_stack_bottom_frame (http://localhost:3000/_next/static/chunks/node_modules_react-dom_0bruynb._.js:13800:24)
    at renderWithHooksAgain (http://localhost:3000/_next/static/chunks/node_modules_react-dom_0bruynb._.js:4519:24)
    at renderWithHooks (http://localhost:3000/_next/static/chunks/node_modules_react-dom_0bruynb._.js:4470:28)
    at updateFunctionComponent (http://localhost:3000/_next/static/chunks/node_modules_react-dom_0bruynb._.js:5917:21)
    at beginWork (http://localhost:3000/_next/static/chunks/node_modules_react-dom_0bruynb._.js:6498:24)
    at runWithFiberInDEV (http://localhost:3000/_next/static/chunks/node_modules_react-dom_0bruynb._.js:886:74)
    at performUnitOfWork (http://localhost:3000/_next/static/chunks/node_modules_react-dom_0bruynb._.js:8894:97)
    at workLoopSync (http://localhost:3000/_next/static/chunks/node_modules_react-dom_0bruynb._.js:8788:40)
    at renderRootSync (http://localhost:3000/_next/static/chunks/node_modules_react-dom_0bruynb._.js:8772:13)
    at performWorkOnRoot (http://localhost:3000/_next/static/chunks/node_modules_react-dom_0bruynb._.js:8400:186)
    at performWorkOnRootViaSchedulerTask (http://localhost:3000/_next/static/chunks/node_modules_react-dom_0bruynb._.js:9534:9)
    at MessagePort.performWorkUntilDeadline (http://localhost:3000/_next/static/chunks/node_modules_11l9xip._.js:1335:64) @ http://localhost:3000/_next/static/chunks/node_modules_next_dist_0k8zr~w._.js:1945
[   42804ms] [ERROR] Error: You have tried to read "publicKey" on a WalletContext without providing one. Make sure to render a WalletProvider as an ancestor of the component that uses WalletContext.
    at logMissingProviderError (http://localhost:3000/_next/static/chunks/node_modules_0e4g8kj._.js:1621:19)
    at Object.get (http://localhost:3000/_next/static/chunks/node_modules_0e4g8kj._.js:1616:9)
    at useWalletMultiButton (http://localhost:3000/_next/static/chunks/node_modules_0e4g8kj._.js:1658:72)
    at BaseWalletMultiButton (http://localhost:3000/_next/static/chunks/node_modules_0e4g8kj._.js:1833:307)
    at Object.react_stack_bottom_frame (http://localhost:3000/_next/static/chunks/node_modules_react-dom_0bruynb._.js:13800:24)
    at renderWithHooks (http://localhost:3000/_next/static/chunks/node_modules_react-dom_0bruynb._.js:4464:24)
    at updateFunctionComponent (http://localhost:3000/_next/static/chunks/node_modules_react-dom_0bruynb._.js:5917:21)
    at beginWork (http://localhost:3000/_next/static/chunks/node_modules_react-dom_0bruynb._.js:6498:24)
    at runWithFiberInDEV (http://localhost:3000/_next/static/chunks/node_modules_react-dom_0bruynb._.js:886:74)
    at performUnitOfWork (http://localhost:3000/_next/static/chunks/node_modules_react-dom_0bruynb._.js:8894:97)
    at workLoopSync (http://localhost:3000/_next/static/chunks/node_modules_react-dom_0bruynb._.js:8788:40)
    at renderRootSync (http://localhost:3000/_next/static/chunks/node_modules_react-dom_0bruynb._.js:8772:13)
    at performWorkOnRoot (http://localhost:3000/_next/static/chunks/node_modules_react-dom_0bruynb._.js:8400:186)
    at performWorkOnRootViaSchedulerTask (http://localhost:3000/_next/static/chunks/node_modules_react-dom_0bruynb._.js:9534:9)
    at MessagePort.performWorkUntilDeadline (http://localhost:3000/_next/static/chunks/node_modules_11l9xip._.js:1335:64) @ http://localhost:3000/_next/static/chunks/node_modules_next_dist_0k8zr~w._.js:1945
[   42804ms] [ERROR] Error: You have tried to read "wallet" on a WalletContext without providing one. Make sure to render a WalletProvider as an ancestor of the component that uses WalletContext.
    at logMissingProviderError (http://localhost:3000/_next/static/chunks/node_modules_0e4g8kj._.js:1621:19)
    at Object.get (http://localhost:3000/_next/static/chunks/node_modules_0e4g8kj._.js:1610:9)
    at useWalletMultiButton (http://localhost:3000/_next/static/chunks/node_modules_0e4g8kj._.js:1658:91)
    at BaseWalletMultiButton (http://localhost:3000/_next/static/chunks/node_modules_0e4g8kj._.js:1833:307)
    at Object.react_stack_bottom_frame (http://localhost:3000/_next/static/chunks/node_modules_react-dom_0bruynb._.js:13800:24)
    at renderWithHooks (http://localhost:3000/_next/static/chunks/node_modules_react-dom_0bruynb._.js:4464:24)
    at updateFunctionComponent (http://localhost:3000/_next/static/chunks/node_modules_react-dom_0bruynb._.js:5917:21)
    at beginWork (http://localhost:3000/_next/static/chunks/node_modules_react-dom_0bruynb._.js:6498:24)
    at runWithFiberInDEV (http://localhost:3000/_next/static/chunks/node_modules_react-dom_0bruynb._.js:886:74)
    at performUnitOfWork (http://localhost:3000/_next/static/chunks/node_modules_react-dom_0bruynb._.js:8894:97)
    at workLoopSync (http://localhost:3000/_next/static/chunks/node_modules_react-dom_0bruynb._.js:8788:40)
    at renderRootSync (http://localhost:3000/_next/static/chunks/node_modules_react-dom_0bruynb._.js:8772:13)
    at performWorkOnRoot (http://localhost:3000/_next/static/chunks/node_modules_react-dom_0bruynb._.js:8400:186)
    at performWorkOnRootViaSchedulerTask (http://localhost:3000/_next/static/chunks/node_modules_react-dom_0bruynb._.js:9534:9)
    at MessagePort.performWorkUntilDeadline (http://localhost:3000/_next/static/chunks/node_modules_11l9xip._.js:1335:64) @ http://localhost:3000/_next/static/chunks/node_modules_next_dist_0k8zr~w._.js:1945
[   42804ms] [ERROR] Error: You have tried to read "wallets" on a WalletContext without providing one. Make sure to render a WalletProvider as an ancestor of the component that uses WalletContext.
    at logMissingProviderError (http://localhost:3000/_next/static/chunks/node_modules_0e4g8kj._.js:1621:19)
    at Object.get (http://localhost:3000/_next/static/chunks/node_modules_0e4g8kj._.js:1604:9)
    at useWalletMultiButton (http://localhost:3000/_next/static/chunks/node_modules_0e4g8kj._.js:1658:99)
    at BaseWalletMultiButton (http://localhost:3000/_next/static/chunks/node_modules_0e4g8kj._.js:1833:307)
    at Object.react_stack_bottom_frame (http://localhost:3000/_next/static/chunks/node_modules_react-dom_0bruynb._.js:13800:24)
    at renderWithHooks (http://localhost:3000/_next/static/chunks/node_modules_react-dom_0bruynb._.js:4464:24)
    at updateFunctionComponent (http://localhost:3000/_next/static/chunks/node_modules_react-dom_0bruynb._.js:5917:21)
    at beginWork (http://localhost:3000/_next/static/chunks/node_modules_react-dom_0bruynb._.js:6498:24)
    at runWithFiberInDEV (http://localhost:3000/_next/static/chunks/node_modules_react-dom_0bruynb._.js:886:74)
    at performUnitOfWork (http://localhost:3000/_next/static/chunks/node_modules_react-dom_0bruynb._.js:8894:97)
    at workLoopSync (http://localhost:3000/_next/static/chunks/node_modules_react-dom_0bruynb._.js:8788:40)
    at renderRootSync (http://localhost:3000/_next/static/chunks/node_modules_react-dom_0bruynb._.js:8772:13)
    at performWorkOnRoot (http://localhost:3000/_next/static/chunks/node_modules_react-dom_0bruynb._.js:8400:186)
    at performWorkOnRootViaSchedulerTask (http://localhost:3000/_next/static/chunks/node_modules_react-dom_0bruynb._.js:9534:9)
    at MessagePort.performWorkUntilDeadline (http://localhost:3000/_next/static/chunks/node_modules_11l9xip._.js:1335:64) @ http://localhost:3000/_next/static/chunks/node_modules_next_dist_0k8zr~w._.js:1945
[   42804ms] [ERROR] Error: You have tried to read "publicKey" on a WalletContext without providing one. Make sure to render a WalletProvider as an ancestor of the component that uses WalletContext.
    at logMissingProviderError (http://localhost:3000/_next/static/chunks/node_modules_0e4g8kj._.js:1621:19)
    at Object.get (http://localhost:3000/_next/static/chunks/node_modules_0e4g8kj._.js:1616:9)
    at useWalletMultiButton (http://localhost:3000/_next/static/chunks/node_modules_0e4g8kj._.js:1658:72)
    at BaseWalletMultiButton (http://localhost:3000/_next/static/chunks/node_modules_0e4g8kj._.js:1833:307)
    at Object.react_stack_bottom_frame (http://localhost:3000/_next/static/chunks/node_modules_react-dom_0bruynb._.js:13800:24)
    at renderWithHooksAgain (http://localhost:3000/_next/static/chunks/node_modules_react-dom_0bruynb._.js:4519:24)
    at renderWithHooks (http://localhost:3000/_next/static/chunks/node_modules_react-dom_0bruynb._.js:4470:28)
    at updateFunctionComponent (http://localhost:3000/_next/static/chunks/node_modules_react-dom_0bruynb._.js:5917:21)
    at beginWork (http://localhost:3000/_next/static/chunks/node_modules_react-dom_0bruynb._.js:6498:24)
    at runWithFiberInDEV (http://localhost:3000/_next/static/chunks/node_modules_react-dom_0bruynb._.js:886:74)
    at performUnitOfWork (http://localhost:3000/_next/static/chunks/node_modules_react-dom_0bruynb._.js:8894:97)
    at workLoopSync (http://localhost:3000/_next/static/chunks/node_modules_react-dom_0bruynb._.js:8788:40)
    at renderRootSync (http://localhost:3000/_next/static/chunks/node_modules_react-dom_0bruynb._.js:8772:13)
    at performWorkOnRoot (http://localhost:3000/_next/static/chunks/node_modules_react-dom_0bruynb._.js:8400:186)
    at performWorkOnRootViaSchedulerTask (http://localhost:3000/_next/static/chunks/node_modules_react-dom_0bruynb._.js:9534:9)
    at MessagePort.performWorkUntilDeadline (http://localhost:3000/_next/static/chunks/node_modules_11l9xip._.js:1335:64) @ http://localhost:3000/_next/static/chunks/node_modules_next_dist_0k8zr~w._.js:1945
[   42804ms] [ERROR] Error: You have tried to read "wallet" on a WalletContext without providing one. Make sure to render a WalletProvider as an ancestor of the component that uses WalletContext.
    at logMissingProviderError (http://localhost:3000/_next/static/chunks/node_modules_0e4g8kj._.js:1621:19)
    at Object.get (http://localhost:3000/_next/static/chunks/node_modules_0e4g8kj._.js:1610:9)
    at useWalletMultiButton (http://localhost:3000/_next/static/chunks/node_modules_0e4g8kj._.js:1658:91)
    at BaseWalletMultiButton (http://localhost:3000/_next/static/chunks/node_modules_0e4g8kj._.js:1833:307)
    at Object.react_stack_bottom_frame (http://localhost:3000/_next/static/chunks/node_modules_react-dom_0bruynb._.js:13800:24)
    at renderWithHooksAgain (http://localhost:3000/_next/static/chunks/node_modules_react-dom_0bruynb._.js:4519:24)
    at renderWithHooks (http://localhost:3000/_next/static/chunks/node_modules_react-dom_0bruynb._.js:4470:28)
    at updateFunctionComponent (http://localhost:3000/_next/static/chunks/node_modules_react-dom_0bruynb._.js:5917:21)
    at beginWork (http://localhost:3000/_next/static/chunks/node_modules_react-dom_0bruynb._.js:6498:24)
    at runWithFiberInDEV (http://localhost:3000/_next/static/chunks/node_modules_react-dom_0bruynb._.js:886:74)
    at performUnitOfWork (http://localhost:3000/_next/static/chunks/node_modules_react-dom_0bruynb._.js:8894:97)
    at workLoopSync (http://localhost:3000/_next/static/chunks/node_modules_react-dom_0bruynb._.js:8788:40)
    at renderRootSync (http://localhost:3000/_next/static/chunks/node_modules_react-dom_0bruynb._.js:8772:13)
    at performWorkOnRoot (http://localhost:3000/_next/static/chunks/node_modules_react-dom_0bruynb._.js:8400:186)
    at performWorkOnRootViaSchedulerTask (http://localhost:3000/_next/static/chunks/node_modules_react-dom_0bruynb._.js:9534:9)
    at MessagePort.performWorkUntilDeadline (http://localhost:3000/_next/static/chunks/node_modules_11l9xip._.js:1335:64) @ http://localhost:3000/_next/static/chunks/node_modules_next_dist_0k8zr~w._.js:1945
[   42804ms] [ERROR] Error: You have tried to read "wallets" on a WalletContext without providing one. Make sure to render a WalletProvider as an ancestor of the component that uses WalletContext.
    at logMissingProviderError (http://localhost:3000/_next/static/chunks/node_modules_0e4g8kj._.js:1621:19)
    at Object.get (http://localhost:3000/_next/static/chunks/node_modules_0e4g8kj._.js:1604:9)
    at useWalletMultiButton (http://localhost:3000/_next/static/chunks/node_modules_0e4g8kj._.js:1658:99)
    at BaseWalletMultiButton (http://localhost:3000/_next/static/chunks/node_modules_0e4g8kj._.js:1833:307)
    at Object.react_stack_bottom_frame (http://localhost:3000/_next/static/chunks/node_modules_react-dom_0bruynb._.js:13800:24)
    at renderWithHooksAgain (http://localhost:3000/_next/static/chunks/node_modules_react-dom_0bruynb._.js:4519:24)
    at renderWithHooks (http://localhost:3000/_next/static/chunks/node_modules_react-dom_0bruynb._.js:4470:28)
    at updateFunctionComponent (http://localhost:3000/_next/static/chunks/node_modules_react-dom_0bruynb._.js:5917:21)
    at beginWork (http://localhost:3000/_next/static/chunks/node_modules_react-dom_0bruynb._.js:6498:24)
    at runWithFiberInDEV (http://localhost:3000/_next/static/chunks/node_modules_react-dom_0bruynb._.js:886:74)
    at performUnitOfWork (http://localhost:3000/_next/static/chunks/node_modules_react-dom_0bruynb._.js:8894:97)
    at workLoopSync (http://localhost:3000/_next/static/chunks/node_modules_react-dom_0bruynb._.js:8788:40)
    at renderRootSync (http://localhost:3000/_next/static/chunks/node_modules_react-dom_0bruynb._.js:8772:13)
    at performWorkOnRoot (http://localhost:3000/_next/static/chunks/node_modules_react-dom_0bruynb._.js:8400:186)
    at performWorkOnRootViaSchedulerTask (http://localhost:3000/_next/static/chunks/node_modules_react-dom_0bruynb._.js:9534:9)
    at MessagePort.performWorkUntilDeadline (http://localhost:3000/_next/static/chunks/node_modules_11l9xip._.js:1335:64) @ http://localhost:3000/_next/static/chunks/node_modules_next_dist_0k8zr~w._.js:1945
[   42804ms] [ERROR] Error: You have tried to read "publicKey" on a WalletContext without providing one. Make sure to render a WalletProvider as an ancestor of the component that uses WalletContext.
    at logMissingProviderError (http://localhost:3000/_next/static/chunks/node_modules_0e4g8kj._.js:1621:19)
    at Object.get (http://localhost:3000/_next/static/chunks/node_modules_0e4g8kj._.js:1616:9)
    at PlaceBetModal (http://localhost:3000/_next/static/chunks/%5Broot-of-the-server%5D__01pr~vt._.js:2453:13)
    at Object.react_stack_bottom_frame (http://localhost:3000/_next/static/chunks/node_modules_react-dom_0bruynb._.js:13800:24)
    at renderWithHooks (http://localhost:3000/_next/static/chunks/node_modules_react-dom_0bruynb._.js:4464:24)
    at updateFunctionComponent (http://localhost:3000/_next/static/chunks/node_modules_react-dom_0bruynb._.js:5917:21)
    at beginWork (http://localhost:3000/_next/static/chunks/node_modules_react-dom_0bruynb._.js:6498:24)
    at runWithFiberInDEV (http://localhost:3000/_next/static/chunks/node_modules_react-dom_0bruynb._.js:886:74)
    at performUnitOfWork (http://localhost:3000/_next/static/chunks/node_modules_react-dom_0bruynb._.js:8894:97)
    at workLoopSync (http://localhost:3000/_next/static/chunks/node_modules_react-dom_0bruynb._.js:8788:40)
    at renderRootSync (http://localhost:3000/_next/static/chunks/node_modules_react-dom_0bruynb._.js:8772:13)
    at performWorkOnRoot (http://localhost:3000/_next/static/chunks/node_modules_react-dom_0bruynb._.js:8400:186)
    at performWorkOnRootViaSchedulerTask (http://localhost:3000/_next/static/chunks/node_modules_react-dom_0bruynb._.js:9534:9)
    at MessagePort.performWorkUntilDeadline (http://localhost:3000/_next/static/chunks/node_modules_11l9xip._.js:1335:64) @ http://localhost:3000/_next/static/chunks/node_modules_next_dist_0k8zr~w._.js:1945
[   42804ms] [ERROR] Error: You have tried to read "publicKey" on a WalletContext without providing one. Make sure to render a WalletProvider as an ancestor of the component that uses WalletContext.
    at logMissingProviderError (http://localhost:3000/_next/static/chunks/node_modules_0e4g8kj._.js:1621:19)
    at Object.get (http://localhost:3000/_next/static/chunks/node_modules_0e4g8kj._.js:1616:9)
    at usePlaceBet (http://localhost:3000/_next/static/chunks/%5Broot-of-the-server%5D__01pr~vt._.js:2301:13)
    at PlaceBetModal (http://localhost:3000/_next/static/chunks/%5Broot-of-the-server%5D__01pr~vt._.js:2460:166)
    at Object.react_stack_bottom_frame (http://localhost:3000/_next/static/chunks/node_modules_react-dom_0bruynb._.js:13800:24)
    at renderWithHooks (http://localhost:3000/_next/static/chunks/node_modules_react-dom_0bruynb._.js:4464:24)
    at updateFunctionComponent (http://localhost:3000/_next/static/chunks/node_modules_react-dom_0bruynb._.js:5917:21)
    at beginWork (http://localhost:3000/_next/static/chunks/node_modules_react-dom_0bruynb._.js:6498:24)
    at runWithFiberInDEV (http://localhost:3000/_next/static/chunks/node_modules_react-dom_0bruynb._.js:886:74)
    at performUnitOfWork (http://localhost:3000/_next/static/chunks/node_modules_react-dom_0bruynb._.js:8894:97)
    at workLoopSync (http://localhost:3000/_next/static/chunks/node_modules_react-dom_0bruynb._.js:8788:40)
    at renderRootSync (http://localhost:3000/_next/static/chunks/node_modules_react-dom_0bruynb._.js:8772:13)
    at performWorkOnRoot (http://localhost:3000/_next/static/chunks/node_modules_react-dom_0bruynb._.js:8400:186)
    at performWorkOnRootViaSchedulerTask (http://localhost:3000/_next/static/chunks/node_modules_react-dom_0bruynb._.js:9534:9)
    at MessagePort.performWorkUntilDeadline (http://localhost:3000/_next/static/chunks/node_modules_11l9xip._.js:1335:64) @ http://localhost:3000/_next/static/chunks/node_modules_next_dist_0k8zr~w._.js:1945
[   42804ms] [ERROR] Error: You have tried to read "publicKey" on a WalletContext without providing one. Make sure to render a WalletProvider as an ancestor of the component that uses WalletContext.
    at logMissingProviderError (http://localhost:3000/_next/static/chunks/node_modules_0e4g8kj._.js:1621:19)
    at Object.get (http://localhost:3000/_next/static/chunks/node_modules_0e4g8kj._.js:1616:9)
    at PlaceBetModal (http://localhost:3000/_next/static/chunks/%5Broot-of-the-server%5D__01pr~vt._.js:2453:13)
    at Object.react_stack_bottom_frame (http://localhost:3000/_next/static/chunks/node_modules_react-dom_0bruynb._.js:13800:24)
    at renderWithHooksAgain (http://localhost:3000/_next/static/chunks/node_modules_react-dom_0bruynb._.js:4519:24)
    at renderWithHooks (http://localhost:3000/_next/static/chunks/node_modules_react-dom_0bruynb._.js:4470:28)
    at updateFunctionComponent (http://localhost:3000/_next/static/chunks/node_modules_react-dom_0bruynb._.js:5917:21)
    at beginWork (http://localhost:3000/_next/static/chunks/node_modules_react-dom_0bruynb._.js:6498:24)
    at runWithFiberInDEV (http://localhost:3000/_next/static/chunks/node_modules_react-dom_0bruynb._.js:886:74)
    at performUnitOfWork (http://localhost:3000/_next/static/chunks/node_modules_react-dom_0bruynb._.js:8894:97)
    at workLoopSync (http://localhost:3000/_next/static/chunks/node_modules_react-dom_0bruynb._.js:8788:40)
    at renderRootSync (http://localhost:3000/_next/static/chunks/node_modules_react-dom_0bruynb._.js:8772:13)
    at performWorkOnRoot (http://localhost:3000/_next/static/chunks/node_modules_react-dom_0bruynb._.js:8400:186)
    at performWorkOnRootViaSchedulerTask (http://localhost:3000/_next/static/chunks/node_modules_react-dom_0bruynb._.js:9534:9)
    at MessagePort.performWorkUntilDeadline (http://localhost:3000/_next/static/chunks/node_modules_11l9xip._.js:1335:64) @ http://localhost:3000/_next/static/chunks/node_modules_next_dist_0k8zr~w._.js:1945
[   42804ms] [ERROR] Error: You have tried to read "publicKey" on a WalletContext without providing one. Make sure to render a WalletProvider as an ancestor of the component that uses WalletContext.
    at logMissingProviderError (http://localhost:3000/_next/static/chunks/node_modules_0e4g8kj._.js:1621:19)
    at Object.get (http://localhost:3000/_next/static/chunks/node_modules_0e4g8kj._.js:1616:9)
    at usePlaceBet (http://localhost:3000/_next/static/chunks/%5Broot-of-the-server%5D__01pr~vt._.js:2301:13)
    at PlaceBetModal (http://localhost:3000/_next/static/chunks/%5Broot-of-the-server%5D__01pr~vt._.js:2460:166)
    at Object.react_stack_bottom_frame (http://localhost:3000/_next/static/chunks/node_modules_react-dom_0bruynb._.js:13800:24)
    at renderWithHooksAgain (http://localhost:3000/_next/static/chunks/node_modules_react-dom_0bruynb._.js:4519:24)
    at renderWithHooks (http://localhost:3000/_next/static/chunks/node_modules_react-dom_0bruynb._.js:4470:28)
    at updateFunctionComponent (http://localhost:3000/_next/static/chunks/node_modules_react-dom_0bruynb._.js:5917:21)
    at beginWork (http://localhost:3000/_next/static/chunks/node_modules_react-dom_0bruynb._.js:6498:24)
    at runWithFiberInDEV (http://localhost:3000/_next/static/chunks/node_modules_react-dom_0bruynb._.js:886:74)
    at performUnitOfWork (http://localhost:3000/_next/static/chunks/node_modules_react-dom_0bruynb._.js:8894:97)
    at workLoopSync (http://localhost:3000/_next/static/chunks/node_modules_react-dom_0bruynb._.js:8788:40)
    at renderRootSync (http://localhost:3000/_next/static/chunks/node_modules_react-dom_0bruynb._.js:8772:13)
    at performWorkOnRoot (http://localhost:3000/_next/static/chunks/node_modules_react-dom_0bruynb._.js:8400:186)
    at performWorkOnRootViaSchedulerTask (http://localhost:3000/_next/static/chunks/node_modules_react-dom_0bruynb._.js:9534:9)
    at MessagePort.performWorkUntilDeadline (http://localhost:3000/_next/static/chunks/node_modules_11l9xip._.js:1335:64) @ http://localhost:3000/_next/static/chunks/node_modules_next_dist_0k8zr~w._.js:1945
[   43438ms] [ERROR] Error: You have tried to read "publicKey" on a WalletContext without providing one. Make sure to render a WalletProvider as an ancestor of the component that uses WalletContext.
    at logMissingProviderError (http://localhost:3000/_next/static/chunks/node_modules_0e4g8kj._.js:1621:19)
    at Object.get (http://localhost:3000/_next/static/chunks/node_modules_0e4g8kj._.js:1616:9)
    at SolanaConnectWallet (http://localhost:3000/_next/static/chunks/%5Broot-of-the-server%5D__01pr~vt._.js:486:13)
    at Object.react_stack_bottom_frame (http://localhost:3000/_next/static/chunks/node_modules_react-dom_0bruynb._.js:13800:24)
    at renderWithHooks (http://localhost:3000/_next/static/chunks/node_modules_react-dom_0bruynb._.js:4464:24)
    at updateFunctionComponent (http://localhost:3000/_next/static/chunks/node_modules_react-dom_0bruynb._.js:5917:21)
    at beginWork (http://localhost:3000/_next/static/chunks/node_modules_react-dom_0bruynb._.js:6498:24)
    at runWithFiberInDEV (http://localhost:3000/_next/static/chunks/node_modules_react-dom_0bruynb._.js:886:74)
    at performUnitOfWork (http://localhost:3000/_next/static/chunks/node_modules_react-dom_0bruynb._.js:8894:97)
    at workLoopSync (http://localhost:3000/_next/static/chunks/node_modules_react-dom_0bruynb._.js:8788:40)
    at renderRootSync (http://localhost:3000/_next/static/chunks/node_modules_react-dom_0bruynb._.js:8772:13)
    at performWorkOnRoot (http://localhost:3000/_next/static/chunks/node_modules_react-dom_0bruynb._.js:8400:186)
    at performWorkOnRootViaSchedulerTask (http://localhost:3000/_next/static/chunks/node_modules_react-dom_0bruynb._.js:9534:9)
    at MessagePort.performWorkUntilDeadline (http://localhost:3000/_next/static/chunks/node_modules_11l9xip._.js:1335:64) @ http://localhost:3000/_next/static/chunks/node_modules_next_dist_0k8zr~w._.js:1945
[   43438ms] [ERROR] Error: You have tried to read "publicKey" on a WalletContext without providing one. Make sure to render a WalletProvider as an ancestor of the component that uses WalletContext.
    at logMissingProviderError (http://localhost:3000/_next/static/chunks/node_modules_0e4g8kj._.js:1621:19)
    at Object.get (http://localhost:3000/_next/static/chunks/node_modules_0e4g8kj._.js:1616:9)
    at SolanaConnectWallet (http://localhost:3000/_next/static/chunks/%5Broot-of-the-server%5D__01pr~vt._.js:486:13)
    at Object.react_stack_bottom_frame (http://localhost:3000/_next/static/chunks/node_modules_react-dom_0bruynb._.js:13800:24)
    at renderWithHooksAgain (http://localhost:3000/_next/static/chunks/node_modules_react-dom_0bruynb._.js:4519:24)
    at renderWithHooks (http://localhost:3000/_next/static/chunks/node_modules_react-dom_0bruynb._.js:4470:28)
    at updateFunctionComponent (http://localhost:3000/_next/static/chunks/node_modules_react-dom_0bruynb._.js:5917:21)
    at beginWork (http://localhost:3000/_next/static/chunks/node_modules_react-dom_0bruynb._.js:6498:24)
    at runWithFiberInDEV (http://localhost:3000/_next/static/chunks/node_modules_react-dom_0bruynb._.js:886:74)
    at performUnitOfWork (http://localhost:3000/_next/static/chunks/node_modules_react-dom_0bruynb._.js:8894:97)
    at workLoopSync (http://localhost:3000/_next/static/chunks/node_modules_react-dom_0bruynb._.js:8788:40)
    at renderRootSync (http://localhost:3000/_next/static/chunks/node_modules_react-dom_0bruynb._.js:8772:13)
    at performWorkOnRoot (http://localhost:3000/_next/static/chunks/node_modules_react-dom_0bruynb._.js:8400:186)
    at performWorkOnRootViaSchedulerTask (http://localhost:3000/_next/static/chunks/node_modules_react-dom_0bruynb._.js:9534:9)
    at MessagePort.performWorkUntilDeadline (http://localhost:3000/_next/static/chunks/node_modules_11l9xip._.js:1335:64) @ http://localhost:3000/_next/static/chunks/node_modules_next_dist_0k8zr~w._.js:1945
[   43438ms] [ERROR] Error: You have tried to read "publicKey" on a WalletContext without providing one. Make sure to render a WalletProvider as an ancestor of the component that uses WalletContext.
    at logMissingProviderError (http://localhost:3000/_next/static/chunks/node_modules_0e4g8kj._.js:1621:19)
    at Object.get (http://localhost:3000/_next/static/chunks/node_modules_0e4g8kj._.js:1616:9)
    at useWalletMultiButton (http://localhost:3000/_next/static/chunks/node_modules_0e4g8kj._.js:1658:72)
    at BaseWalletMultiButton (http://localhost:3000/_next/static/chunks/node_modules_0e4g8kj._.js:1833:307)
    at Object.react_stack_bottom_frame (http://localhost:3000/_next/static/chunks/node_modules_react-dom_0bruynb._.js:13800:24)
    at renderWithHooks (http://localhost:3000/_next/static/chunks/node_modules_react-dom_0bruynb._.js:4464:24)
    at updateFunctionComponent (http://localhost:3000/_next/static/chunks/node_modules_react-dom_0bruynb._.js:5917:21)
    at beginWork (http://localhost:3000/_next/static/chunks/node_modules_react-dom_0bruynb._.js:6498:24)
    at runWithFiberInDEV (http://localhost:3000/_next/static/chunks/node_modules_react-dom_0bruynb._.js:886:74)
    at performUnitOfWork (http://localhost:3000/_next/static/chunks/node_modules_react-dom_0bruynb._.js:8894:97)
    at workLoopSync (http://localhost:3000/_next/static/chunks/node_modules_react-dom_0bruynb._.js:8788:40)
    at renderRootSync (http://localhost:3000/_next/static/chunks/node_modules_react-dom_0bruynb._.js:8772:13)
    at performWorkOnRoot (http://localhost:3000/_next/static/chunks/node_modules_react-dom_0bruynb._.js:8400:186)
    at performWorkOnRootViaSchedulerTask (http://localhost:3000/_next/static/chunks/node_modules_react-dom_0bruynb._.js:9534:9)
    at MessagePort.performWorkUntilDeadline (http://localhost:3000/_next/static/chunks/node_modules_11l9xip._.js:1335:64) @ http://localhost:3000/_next/static/chunks/node_modules_next_dist_0k8zr~w._.js:1945
[   43439ms] [ERROR] Error: You have tried to read "wallet" on a WalletContext without providing one. Make sure to render a WalletProvider as an ancestor of the component that uses WalletContext.
    at logMissingProviderError (http://localhost:3000/_next/static/chunks/node_modules_0e4g8kj._.js:1621:19)
    at Object.get (http://localhost:3000/_next/static/chunks/node_modules_0e4g8kj._.js:1610:9)
    at useWalletMultiButton (http://localhost:3000/_next/static/chunks/node_modules_0e4g8kj._.js:1658:91)
    at BaseWalletMultiButton (http://localhost:3000/_next/static/chunks/node_modules_0e4g8kj._.js:1833:307)
    at Object.react_stack_bottom_frame (http://localhost:3000/_next/static/chunks/node_modules_react-dom_0bruynb._.js:13800:24)
    at renderWithHooks (http://localhost:3000/_next/static/chunks/node_modules_react-dom_0bruynb._.js:4464:24)
    at updateFunctionComponent (http://localhost:3000/_next/static/chunks/node_modules_react-dom_0bruynb._.js:5917:21)
    at beginWork (http://localhost:3000/_next/static/chunks/node_modules_react-dom_0bruynb._.js:6498:24)
    at runWithFiberInDEV (http://localhost:3000/_next/static/chunks/node_modules_react-dom_0bruynb._.js:886:74)
    at performUnitOfWork (http://localhost:3000/_next/static/chunks/node_modules_react-dom_0bruynb._.js:8894:97)
    at workLoopSync (http://localhost:3000/_next/static/chunks/node_modules_react-dom_0bruynb._.js:8788:40)
    at renderRootSync (http://localhost:3000/_next/static/chunks/node_modules_react-dom_0bruynb._.js:8772:13)
    at performWorkOnRoot (http://localhost:3000/_next/static/chunks/node_modules_react-dom_0bruynb._.js:8400:186)
    at performWorkOnRootViaSchedulerTask (http://localhost:3000/_next/static/chunks/node_modules_react-dom_0bruynb._.js:9534:9)
    at MessagePort.performWorkUntilDeadline (http://localhost:3000/_next/static/chunks/node_modules_11l9xip._.js:1335:64) @ http://localhost:3000/_next/static/chunks/node_modules_next_dist_0k8zr~w._.js:1945
[   43439ms] [ERROR] Error: You have tried to read "wallets" on a WalletContext without providing one. Make sure to render a WalletProvider as an ancestor of the component that uses WalletContext.
    at logMissingProviderError (http://localhost:3000/_next/static/chunks/node_modules_0e4g8kj._.js:1621:19)
    at Object.get (http://localhost:3000/_next/static/chunks/node_modules_0e4g8kj._.js:1604:9)
    at useWalletMultiButton (http://localhost:3000/_next/static/chunks/node_modules_0e4g8kj._.js:1658:99)
    at BaseWalletMultiButton (http://localhost:3000/_next/static/chunks/node_modules_0e4g8kj._.js:1833:307)
    at Object.react_stack_bottom_frame (http://localhost:3000/_next/static/chunks/node_modules_react-dom_0bruynb._.js:13800:24)
    at renderWithHooks (http://localhost:3000/_next/static/chunks/node_modules_react-dom_0bruynb._.js:4464:24)
    at updateFunctionComponent (http://localhost:3000/_next/static/chunks/node_modules_react-dom_0bruynb._.js:5917:21)
    at beginWork (http://localhost:3000/_next/static/chunks/node_modules_react-dom_0bruynb._.js:6498:24)
    at runWithFiberInDEV (http://localhost:3000/_next/static/chunks/node_modules_react-dom_0bruynb._.js:886:74)
    at performUnitOfWork (http://localhost:3000/_next/static/chunks/node_modules_react-dom_0bruynb._.js:8894:97)
    at workLoopSync (http://localhost:3000/_next/static/chunks/node_modules_react-dom_0bruynb._.js:8788:40)
    at renderRootSync (http://localhost:3000/_next/static/chunks/node_modules_react-dom_0bruynb._.js:8772:13)
    at performWorkOnRoot (http://localhost:3000/_next/static/chunks/node_modules_react-dom_0bruynb._.js:8400:186)
    at performWorkOnRootViaSchedulerTask (http://localhost:3000/_next/static/chunks/node_modules_react-dom_0bruynb._.js:9534:9)
    at MessagePort.performWorkUntilDeadline (http://localhost:3000/_next/static/chunks/node_modules_11l9xip._.js:1335:64) @ http://localhost:3000/_next/static/chunks/node_modules_next_dist_0k8zr~w._.js:1945
[   43439ms] [ERROR] Error: You have tried to read "publicKey" on a WalletContext without providing one. Make sure to render a WalletProvider as an ancestor of the component that uses WalletContext.
    at logMissingProviderError (http://localhost:3000/_next/static/chunks/node_modules_0e4g8kj._.js:1621:19)
    at Object.get (http://localhost:3000/_next/static/chunks/node_modules_0e4g8kj._.js:1616:9)
    at useWalletMultiButton (http://localhost:3000/_next/static/chunks/node_modules_0e4g8kj._.js:1658:72)
    at BaseWalletMultiButton (http://localhost:3000/_next/static/chunks/node_modules_0e4g8kj._.js:1833:307)
    at Object.react_stack_bottom_frame (http://localhost:3000/_next/static/chunks/node_modules_react-dom_0bruynb._.js:13800:24)
    at renderWithHooksAgain (http://localhost:3000/_next/static/chunks/node_modules_react-dom_0bruynb._.js:4519:24)
    at renderWithHooks (http://localhost:3000/_next/static/chunks/node_modules_react-dom_0bruynb._.js:4470:28)
    at updateFunctionComponent (http://localhost:3000/_next/static/chunks/node_modules_react-dom_0bruynb._.js:5917:21)
    at beginWork (http://localhost:3000/_next/static/chunks/node_modules_react-dom_0bruynb._.js:6498:24)
    at runWithFiberInDEV (http://localhost:3000/_next/static/chunks/node_modules_react-dom_0bruynb._.js:886:74)
    at performUnitOfWork (http://localhost:3000/_next/static/chunks/node_modules_react-dom_0bruynb._.js:8894:97)
    at workLoopSync (http://localhost:3000/_next/static/chunks/node_modules_react-dom_0bruynb._.js:8788:40)
    at renderRootSync (http://localhost:3000/_next/static/chunks/node_modules_react-dom_0bruynb._.js:8772:13)
    at performWorkOnRoot (http://localhost:3000/_next/static/chunks/node_modules_react-dom_0bruynb._.js:8400:186)
    at performWorkOnRootViaSchedulerTask (http://localhost:3000/_next/static/chunks/node_modules_react-dom_0bruynb._.js:9534:9)
    at MessagePort.performWorkUntilDeadline (http://localhost:3000/_next/static/chunks/node_modules_11l9xip._.js:1335:64) @ http://localhost:3000/_next/static/chunks/node_modules_next_dist_0k8zr~w._.js:1945
[   43439ms] [ERROR] Error: You have tried to read "wallet" on a WalletContext without providing one. Make sure to render a WalletProvider as an ancestor of the component that uses WalletContext.
    at logMissingProviderError (http://localhost:3000/_next/static/chunks/node_modules_0e4g8kj._.js:1621:19)
    at Object.get (http://localhost:3000/_next/static/chunks/node_modules_0e4g8kj._.js:1610:9)
    at useWalletMultiButton (http://localhost:3000/_next/static/chunks/node_modules_0e4g8kj._.js:1658:91)
    at BaseWalletMultiButton (http://localhost:3000/_next/static/chunks/node_modules_0e4g8kj._.js:1833:307)
    at Object.react_stack_bottom_frame (http://localhost:3000/_next/static/chunks/node_modules_react-dom_0bruynb._.js:13800:24)
    at renderWithHooksAgain (http://localhost:3000/_next/static/chunks/node_modules_react-dom_0bruynb._.js:4519:24)
    at renderWithHooks (http://localhost:3000/_next/static/chunks/node_modules_react-dom_0bruynb._.js:4470:28)
    at updateFunctionComponent (http://localhost:3000/_next/static/chunks/node_modules_react-dom_0bruynb._.js:5917:21)
    at beginWork (http://localhost:3000/_next/static/chunks/node_modules_react-dom_0bruynb._.js:6498:24)
    at runWithFiberInDEV (http://localhost:3000/_next/static/chunks/node_modules_react-dom_0bruynb._.js:886:74)
    at performUnitOfWork (http://localhost:3000/_next/static/chunks/node_modules_react-dom_0bruynb._.js:8894:97)
    at workLoopSync (http://localhost:3000/_next/static/chunks/node_modules_react-dom_0bruynb._.js:8788:40)
    at renderRootSync (http://localhost:3000/_next/static/chunks/node_modules_react-dom_0bruynb._.js:8772:13)
    at performWorkOnRoot (http://localhost:3000/_next/static/chunks/node_modules_react-dom_0bruynb._.js:8400:186)
    at performWorkOnRootViaSchedulerTask (http://localhost:3000/_next/static/chunks/node_modules_react-dom_0bruynb._.js:9534:9)
    at MessagePort.performWorkUntilDeadline (http://localhost:3000/_next/static/chunks/node_modules_11l9xip._.js:1335:64) @ http://localhost:3000/_next/static/chunks/node_modules_next_dist_0k8zr~w._.js:1945
[   43439ms] [ERROR] Error: You have tried to read "wallets" on a WalletContext without providing one. Make sure to render a WalletProvider as an ancestor of the component that uses WalletContext.
    at logMissingProviderError (http://localhost:3000/_next/static/chunks/node_modules_0e4g8kj._.js:1621:19)
    at Object.get (http://localhost:3000/_next/static/chunks/node_modules_0e4g8kj._.js:1604:9)
    at useWalletMultiButton (http://localhost:3000/_next/static/chunks/node_modules_0e4g8kj._.js:1658:99)
    at BaseWalletMultiButton (http://localhost:3000/_next/static/chunks/node_modules_0e4g8kj._.js:1833:307)
    at Object.react_stack_bottom_frame (http://localhost:3000/_next/static/chunks/node_modules_react-dom_0bruynb._.js:13800:24)
    at renderWithHooksAgain (http://localhost:3000/_next/static/chunks/node_modules_react-dom_0bruynb._.js:4519:24)
    at renderWithHooks (http://localhost:3000/_next/static/chunks/node_modules_react-dom_0bruynb._.js:4470:28)
    at updateFunctionComponent (http://localhost:3000/_next/static/chunks/node_modules_react-dom_0bruynb._.js:5917:21)
    at beginWork (http://localhost:3000/_next/static/chunks/node_modules_react-dom_0bruynb._.js:6498:24)
    at runWithFiberInDEV (http://localhost:3000/_next/static/chunks/node_modules_react-dom_0bruynb._.js:886:74)
    at performUnitOfWork (http://localhost:3000/_next/static/chunks/node_modules_react-dom_0bruynb._.js:8894:97)
    at workLoopSync (http://localhost:3000/_next/static/chunks/node_modules_react-dom_0bruynb._.js:8788:40)
    at renderRootSync (http://localhost:3000/_next/static/chunks/node_modules_react-dom_0bruynb._.js:8772:13)
    at performWorkOnRoot (http://localhost:3000/_next/static/chunks/node_modules_react-dom_0bruynb._.js:8400:186)
    at performWorkOnRootViaSchedulerTask (http://localhost:3000/_next/static/chunks/node_modules_react-dom_0bruynb._.js:9534:9)
    at MessagePort.performWorkUntilDeadline (http://localhost:3000/_next/static/chunks/node_modules_11l9xip._.js:1335:64) @ http://localhost:3000/_next/static/chunks/node_modules_next_dist_0k8zr~w._.js:1945
[   43439ms] [ERROR] Error: You have tried to read "publicKey" on a WalletContext without providing one. Make sure to render a WalletProvider as an ancestor of the component that uses WalletContext.
    at logMissingProviderError (http://localhost:3000/_next/static/chunks/node_modules_0e4g8kj._.js:1621:19)
    at Object.get (http://localhost:3000/_next/static/chunks/node_modules_0e4g8kj._.js:1616:9)
    at PlaceBetModal (http://localhost:3000/_next/static/chunks/%5Broot-of-the-server%5D__01pr~vt._.js:2453:13)
    at Object.react_stack_bottom_frame (http://localhost:3000/_next/static/chunks/node_modules_react-dom_0bruynb._.js:13800:24)
    at renderWithHooks (http://localhost:3000/_next/static/chunks/node_modules_react-dom_0bruynb._.js:4464:24)
    at updateFunctionComponent (http://localhost:3000/_next/static/chunks/node_modules_react-dom_0bruynb._.js:5917:21)
    at beginWork (http://localhost:3000/_next/static/chunks/node_modules_react-dom_0bruynb._.js:6498:24)
    at runWithFiberInDEV (http://localhost:3000/_next/static/chunks/node_modules_react-dom_0bruynb._.js:886:74)
    at performUnitOfWork (http://localhost:3000/_next/static/chunks/node_modules_react-dom_0bruynb._.js:8894:97)
    at workLoopSync (http://localhost:3000/_next/static/chunks/node_modules_react-dom_0bruynb._.js:8788:40)
    at renderRootSync (http://localhost:3000/_next/static/chunks/node_modules_react-dom_0bruynb._.js:8772:13)
    at performWorkOnRoot (http://localhost:3000/_next/static/chunks/node_modules_react-dom_0bruynb._.js:8400:186)
    at performWorkOnRootViaSchedulerTask (http://localhost:3000/_next/static/chunks/node_modules_react-dom_0bruynb._.js:9534:9)
    at MessagePort.performWorkUntilDeadline (http://localhost:3000/_next/static/chunks/node_modules_11l9xip._.js:1335:64) @ http://localhost:3000/_next/static/chunks/node_modules_next_dist_0k8zr~w._.js:1945
[   43439ms] [ERROR] Error: You have tried to read "publicKey" on a WalletContext without providing one. Make sure to render a WalletProvider as an ancestor of the component that uses WalletContext.
    at logMissingProviderError (http://localhost:3000/_next/static/chunks/node_modules_0e4g8kj._.js:1621:19)
    at Object.get (http://localhost:3000/_next/static/chunks/node_modules_0e4g8kj._.js:1616:9)
    at usePlaceBet (http://localhost:3000/_next/static/chunks/%5Broot-of-the-server%5D__01pr~vt._.js:2301:13)
    at PlaceBetModal (http://localhost:3000/_next/static/chunks/%5Broot-of-the-server%5D__01pr~vt._.js:2460:166)
    at Object.react_stack_bottom_frame (http://localhost:3000/_next/static/chunks/node_modules_react-dom_0bruynb._.js:13800:24)
    at renderWithHooks (http://localhost:3000/_next/static/chunks/node_modules_react-dom_0bruynb._.js:4464:24)
    at updateFunctionComponent (http://localhost:3000/_next/static/chunks/node_modules_react-dom_0bruynb._.js:5917:21)
    at beginWork (http://localhost:3000/_next/static/chunks/node_modules_react-dom_0bruynb._.js:6498:24)
    at runWithFiberInDEV (http://localhost:3000/_next/static/chunks/node_modules_react-dom_0bruynb._.js:886:74)
    at performUnitOfWork (http://localhost:3000/_next/static/chunks/node_modules_react-dom_0bruynb._.js:8894:97)
    at workLoopSync (http://localhost:3000/_next/static/chunks/node_modules_react-dom_0bruynb._.js:8788:40)
    at renderRootSync (http://localhost:3000/_next/static/chunks/node_modules_react-dom_0bruynb._.js:8772:13)
    at performWorkOnRoot (http://localhost:3000/_next/static/chunks/node_modules_react-dom_0bruynb._.js:8400:186)
    at performWorkOnRootViaSchedulerTask (http://localhost:3000/_next/static/chunks/node_modules_react-dom_0bruynb._.js:9534:9)
    at MessagePort.performWorkUntilDeadline (http://localhost:3000/_next/static/chunks/node_modules_11l9xip._.js:1335:64) @ http://localhost:3000/_next/static/chunks/node_modules_next_dist_0k8zr~w._.js:1945
[   43439ms] [ERROR] Error: You have tried to read "publicKey" on a WalletContext without providing one. Make sure to render a WalletProvider as an ancestor of the component that uses WalletContext.
    at logMissingProviderError (http://localhost:3000/_next/static/chunks/node_modules_0e4g8kj._.js:1621:19)
    at Object.get (http://localhost:3000/_next/static/chunks/node_modules_0e4g8kj._.js:1616:9)
    at PlaceBetModal (http://localhost:3000/_next/static/chunks/%5Broot-of-the-server%5D__01pr~vt._.js:2453:13)
    at Object.react_stack_bottom_frame (http://localhost:3000/_next/static/chunks/node_modules_react-dom_0bruynb._.js:13800:24)
    at renderWithHooksAgain (http://localhost:3000/_next/static/chunks/node_modules_react-dom_0bruynb._.js:4519:24)
    at renderWithHooks (http://localhost:3000/_next/static/chunks/node_modules_react-dom_0bruynb._.js:4470:28)
    at updateFunctionComponent (http://localhost:3000/_next/static/chunks/node_modules_react-dom_0bruynb._.js:5917:21)
    at beginWork (http://localhost:3000/_next/static/chunks/node_modules_react-dom_0bruynb._.js:6498:24)
    at runWithFiberInDEV (http://localhost:3000/_next/static/chunks/node_modules_react-dom_0bruynb._.js:886:74)
    at performUnitOfWork (http://localhost:3000/_next/static/chunks/node_modules_react-dom_0bruynb._.js:8894:97)
    at workLoopSync (http://localhost:3000/_next/static/chunks/node_modules_react-dom_0bruynb._.js:8788:40)
    at renderRootSync (http://localhost:3000/_next/static/chunks/node_modules_react-dom_0bruynb._.js:8772:13)
    at performWorkOnRoot (http://localhost:3000/_next/static/chunks/node_modules_react-dom_0bruynb._.js:8400:186)
    at performWorkOnRootViaSchedulerTask (http://localhost:3000/_next/static/chunks/node_modules_react-dom_0bruynb._.js:9534:9)
    at MessagePort.performWorkUntilDeadline (http://localhost:3000/_next/static/chunks/node_modules_11l9xip._.js:1335:64) @ http://localhost:3000/_next/static/chunks/node_modules_next_dist_0k8zr~w._.js:1945
[   43440ms] [ERROR] Error: You have tried to read "publicKey" on a WalletContext without providing one. Make sure to render a WalletProvider as an ancestor of the component that uses WalletContext.
    at logMissingProviderError (http://localhost:3000/_next/static/chunks/node_modules_0e4g8kj._.js:1621:19)
    at Object.get (http://localhost:3000/_next/static/chunks/node_modules_0e4g8kj._.js:1616:9)
    at usePlaceBet (http://localhost:3000/_next/static/chunks/%5Broot-of-the-server%5D__01pr~vt._.js:2301:13)
    at PlaceBetModal (http://localhost:3000/_next/static/chunks/%5Broot-of-the-server%5D__01pr~vt._.js:2460:166)
    at Object.react_stack_bottom_frame (http://localhost:3000/_next/static/chunks/node_modules_react-dom_0bruynb._.js:13800:24)
    at renderWithHooksAgain (http://localhost:3000/_next/static/chunks/node_modules_react-dom_0bruynb._.js:4519:24)
    at renderWithHooks (http://localhost:3000/_next/static/chunks/node_modules_react-dom_0bruynb._.js:4470:28)
    at updateFunctionComponent (http://localhost:3000/_next/static/chunks/node_modules_react-dom_0bruynb._.js:5917:21)
    at beginWork (http://localhost:3000/_next/static/chunks/node_modules_react-dom_0bruynb._.js:6498:24)
    at runWithFiberInDEV (http://localhost:3000/_next/static/chunks/node_modules_react-dom_0bruynb._.js:886:74)
    at performUnitOfWork (http://localhost:3000/_next/static/chunks/node_modules_react-dom_0bruynb._.js:8894:97)
    at workLoopSync (http://localhost:3000/_next/static/chunks/node_modules_react-dom_0bruynb._.js:8788:40)
    at renderRootSync (http://localhost:3000/_next/static/chunks/node_modules_react-dom_0bruynb._.js:8772:13)
    at performWorkOnRoot (http://localhost:3000/_next/static/chunks/node_modules_react-dom_0bruynb._.js:8400:186)
    at performWorkOnRootViaSchedulerTask (http://localhost:3000/_next/static/chunks/node_modules_react-dom_0bruynb._.js:9534:9)
    at MessagePort.performWorkUntilDeadline (http://localhost:3000/_next/static/chunks/node_modules_11l9xip._.js:1335:64) @ http://localhost:3000/_next/static/chunks/node_modules_next_dist_0k8zr~w._.js:1945
[   43656ms] [ERROR] Error: You have tried to read "publicKey" on a WalletContext without providing one. Make sure to render a WalletProvider as an ancestor of the component that uses WalletContext.
    at logMissingProviderError (http://localhost:3000/_next/static/chunks/node_modules_0e4g8kj._.js:1621:19)
    at Object.get (http://localhost:3000/_next/static/chunks/node_modules_0e4g8kj._.js:1616:9)
    at SolanaConnectWallet (http://localhost:3000/_next/static/chunks/%5Broot-of-the-server%5D__01pr~vt._.js:486:13)
    at Object.react_stack_bottom_frame (http://localhost:3000/_next/static/chunks/node_modules_react-dom_0bruynb._.js:13800:24)
    at renderWithHooks (http://localhost:3000/_next/static/chunks/node_modules_react-dom_0bruynb._.js:4464:24)
    at updateFunctionComponent (http://localhost:3000/_next/static/chunks/node_modules_react-dom_0bruynb._.js:5917:21)
    at beginWork (http://localhost:3000/_next/static/chunks/node_modules_react-dom_0bruynb._.js:6498:24)
    at runWithFiberInDEV (http://localhost:3000/_next/static/chunks/node_modules_react-dom_0bruynb._.js:886:74)
    at performUnitOfWork (http://localhost:3000/_next/static/chunks/node_modules_react-dom_0bruynb._.js:8894:97)
    at workLoopSync (http://localhost:3000/_next/static/chunks/node_modules_react-dom_0bruynb._.js:8788:40)
    at renderRootSync (http://localhost:3000/_next/static/chunks/node_modules_react-dom_0bruynb._.js:8772:13)
    at performWorkOnRoot (http://localhost:3000/_next/static/chunks/node_modules_react-dom_0bruynb._.js:8400:186)
    at performWorkOnRootViaSchedulerTask (http://localhost:3000/_next/static/chunks/node_modules_react-dom_0bruynb._.js:9534:9)
    at MessagePort.performWorkUntilDeadline (http://localhost:3000/_next/static/chunks/node_modules_11l9xip._.js:1335:64) @ http://localhost:3000/_next/static/chunks/node_modules_next_dist_0k8zr~w._.js:1945
[   43656ms] [ERROR] Error: You have tried to read "publicKey" on a WalletContext without providing one. Make sure to render a WalletProvider as an ancestor of the component that uses WalletContext.
    at logMissingProviderError (http://localhost:3000/_next/static/chunks/node_modules_0e4g8kj._.js:1621:19)
    at Object.get (http://localhost:3000/_next/static/chunks/node_modules_0e4g8kj._.js:1616:9)
    at SolanaConnectWallet (http://localhost:3000/_next/static/chunks/%5Broot-of-the-server%5D__01pr~vt._.js:486:13)
    at Object.react_stack_bottom_frame (http://localhost:3000/_next/static/chunks/node_modules_react-dom_0bruynb._.js:13800:24)
    at renderWithHooksAgain (http://localhost:3000/_next/static/chunks/node_modules_react-dom_0bruynb._.js:4519:24)
    at renderWithHooks (http://localhost:3000/_next/static/chunks/node_modules_react-dom_0bruynb._.js:4470:28)
    at updateFunctionComponent (http://localhost:3000/_next/static/chunks/node_modules_react-dom_0bruynb._.js:5917:21)
    at beginWork (http://localhost:3000/_next/static/chunks/node_modules_react-dom_0bruynb._.js:6498:24)
    at runWithFiberInDEV (http://localhost:3000/_next/static/chunks/node_modules_react-dom_0bruynb._.js:886:74)
    at performUnitOfWork (http://localhost:3000/_next/static/chunks/node_modules_react-dom_0bruynb._.js:8894:97)
    at workLoopSync (http://localhost:3000/_next/static/chunks/node_modules_react-dom_0bruynb._.js:8788:40)
    at renderRootSync (http://localhost:3000/_next/static/chunks/node_modules_react-dom_0bruynb._.js:8772:13)
    at performWorkOnRoot (http://localhost:3000/_next/static/chunks/node_modules_react-dom_0bruynb._.js:8400:186)
    at performWorkOnRootViaSchedulerTask (http://localhost:3000/_next/static/chunks/node_modules_react-dom_0bruynb._.js:9534:9)
    at MessagePort.performWorkUntilDeadline (http://localhost:3000/_next/static/chunks/node_modules_11l9xip._.js:1335:64) @ http://localhost:3000/_next/static/chunks/node_modules_next_dist_0k8zr~w._.js:1945
[   43656ms] [ERROR] Error: You have tried to read "publicKey" on a WalletContext without providing one. Make sure to render a WalletProvider as an ancestor of the component that uses WalletContext.
    at logMissingProviderError (http://localhost:3000/_next/static/chunks/node_modules_0e4g8kj._.js:1621:19)
    at Object.get (http://localhost:3000/_next/static/chunks/node_modules_0e4g8kj._.js:1616:9)
    at useWalletMultiButton (http://localhost:3000/_next/static/chunks/node_modules_0e4g8kj._.js:1658:72)
    at BaseWalletMultiButton (http://localhost:3000/_next/static/chunks/node_modules_0e4g8kj._.js:1833:307)
    at Object.react_stack_bottom_frame (http://localhost:3000/_next/static/chunks/node_modules_react-dom_0bruynb._.js:13800:24)
    at renderWithHooks (http://localhost:3000/_next/static/chunks/node_modules_react-dom_0bruynb._.js:4464:24)
    at updateFunctionComponent (http://localhost:3000/_next/static/chunks/node_modules_react-dom_0bruynb._.js:5917:21)
    at beginWork (http://localhost:3000/_next/static/chunks/node_modules_react-dom_0bruynb._.js:6498:24)
    at runWithFiberInDEV (http://localhost:3000/_next/static/chunks/node_modules_react-dom_0bruynb._.js:886:74)
    at performUnitOfWork (http://localhost:3000/_next/static/chunks/node_modules_react-dom_0bruynb._.js:8894:97)
    at workLoopSync (http://localhost:3000/_next/static/chunks/node_modules_react-dom_0bruynb._.js:8788:40)
    at renderRootSync (http://localhost:3000/_next/static/chunks/node_modules_react-dom_0bruynb._.js:8772:13)
    at performWorkOnRoot (http://localhost:3000/_next/static/chunks/node_modules_react-dom_0bruynb._.js:8400:186)
    at performWorkOnRootViaSchedulerTask (http://localhost:3000/_next/static/chunks/node_modules_react-dom_0bruynb._.js:9534:9)
    at MessagePort.performWorkUntilDeadline (http://localhost:3000/_next/static/chunks/node_modules_11l9xip._.js:1335:64) @ http://localhost:3000/_next/static/chunks/node_modules_next_dist_0k8zr~w._.js:1945
[   43657ms] [ERROR] Error: You have tried to read "wallet" on a WalletContext without providing one. Make sure to render a WalletProvider as an ancestor of the component that uses WalletContext.
    at logMissingProviderError (http://localhost:3000/_next/static/chunks/node_modules_0e4g8kj._.js:1621:19)
    at Object.get (http://localhost:3000/_next/static/chunks/node_modules_0e4g8kj._.js:1610:9)
    at useWalletMultiButton (http://localhost:3000/_next/static/chunks/node_modules_0e4g8kj._.js:1658:91)
    at BaseWalletMultiButton (http://localhost:3000/_next/static/chunks/node_modules_0e4g8kj._.js:1833:307)
    at Object.react_stack_bottom_frame (http://localhost:3000/_next/static/chunks/node_modules_react-dom_0bruynb._.js:13800:24)
    at renderWithHooks (http://localhost:3000/_next/static/chunks/node_modules_react-dom_0bruynb._.js:4464:24)
    at updateFunctionComponent (http://localhost:3000/_next/static/chunks/node_modules_react-dom_0bruynb._.js:5917:21)
    at beginWork (http://localhost:3000/_next/static/chunks/node_modules_react-dom_0bruynb._.js:6498:24)
    at runWithFiberInDEV (http://localhost:3000/_next/static/chunks/node_modules_react-dom_0bruynb._.js:886:74)
    at performUnitOfWork (http://localhost:3000/_next/static/chunks/node_modules_react-dom_0bruynb._.js:8894:97)
    at workLoopSync (http://localhost:3000/_next/static/chunks/node_modules_react-dom_0bruynb._.js:8788:40)
    at renderRootSync (http://localhost:3000/_next/static/chunks/node_modules_react-dom_0bruynb._.js:8772:13)
    at performWorkOnRoot (http://localhost:3000/_next/static/chunks/node_modules_react-dom_0bruynb._.js:8400:186)
    at performWorkOnRootViaSchedulerTask (http://localhost:3000/_next/static/chunks/node_modules_react-dom_0bruynb._.js:9534:9)
    at MessagePort.performWorkUntilDeadline (http://localhost:3000/_next/static/chunks/node_modules_11l9xip._.js:1335:64) @ http://localhost:3000/_next/static/chunks/node_modules_next_dist_0k8zr~w._.js:1945
[   43657ms] [ERROR] Error: You have tried to read "wallets" on a WalletContext without providing one. Make sure to render a WalletProvider as an ancestor of the component that uses WalletContext.
    at logMissingProviderError (http://localhost:3000/_next/static/chunks/node_modules_0e4g8kj._.js:1621:19)
    at Object.get (http://localhost:3000/_next/static/chunks/node_modules_0e4g8kj._.js:1604:9)
    at useWalletMultiButton (http://localhost:3000/_next/static/chunks/node_modules_0e4g8kj._.js:1658:99)
    at BaseWalletMultiButton (http://localhost:3000/_next/static/chunks/node_modules_0e4g8kj._.js:1833:307)
    at Object.react_stack_bottom_frame (http://localhost:3000/_next/static/chunks/node_modules_react-dom_0bruynb._.js:13800:24)
    at renderWithHooks (http://localhost:3000/_next/static/chunks/node_modules_react-dom_0bruynb._.js:4464:24)
    at updateFunctionComponent (http://localhost:3000/_next/static/chunks/node_modules_react-dom_0bruynb._.js:5917:21)
    at beginWork (http://localhost:3000/_next/static/chunks/node_modules_react-dom_0bruynb._.js:6498:24)
    at runWithFiberInDEV (http://localhost:3000/_next/static/chunks/node_modules_react-dom_0bruynb._.js:886:74)
    at performUnitOfWork (http://localhost:3000/_next/static/chunks/node_modules_react-dom_0bruynb._.js:8894:97)
    at workLoopSync (http://localhost:3000/_next/static/chunks/node_modules_react-dom_0bruynb._.js:8788:40)
    at renderRootSync (http://localhost:3000/_next/static/chunks/node_modules_react-dom_0bruynb._.js:8772:13)
    at performWorkOnRoot (http://localhost:3000/_next/static/chunks/node_modules_react-dom_0bruynb._.js:8400:186)
    at performWorkOnRootViaSchedulerTask (http://localhost:3000/_next/static/chunks/node_modules_react-dom_0bruynb._.js:9534:9)
    at MessagePort.performWorkUntilDeadline (http://localhost:3000/_next/static/chunks/node_modules_11l9xip._.js:1335:64) @ http://localhost:3000/_next/static/chunks/node_modules_next_dist_0k8zr~w._.js:1945
[   43657ms] [ERROR] Error: You have tried to read "publicKey" on a WalletContext without providing one. Make sure to render a WalletProvider as an ancestor of the component that uses WalletContext.
    at logMissingProviderError (http://localhost:3000/_next/static/chunks/node_modules_0e4g8kj._.js:1621:19)
    at Object.get (http://localhost:3000/_next/static/chunks/node_modules_0e4g8kj._.js:1616:9)
    at useWalletMultiButton (http://localhost:3000/_next/static/chunks/node_modules_0e4g8kj._.js:1658:72)
    at BaseWalletMultiButton (http://localhost:3000/_next/static/chunks/node_modules_0e4g8kj._.js:1833:307)
    at Object.react_stack_bottom_frame (http://localhost:3000/_next/static/chunks/node_modules_react-dom_0bruynb._.js:13800:24)
    at renderWithHooksAgain (http://localhost:3000/_next/static/chunks/node_modules_react-dom_0bruynb._.js:4519:24)
    at renderWithHooks (http://localhost:3000/_next/static/chunks/node_modules_react-dom_0bruynb._.js:4470:28)
    at updateFunctionComponent (http://localhost:3000/_next/static/chunks/node_modules_react-dom_0bruynb._.js:5917:21)
    at beginWork (http://localhost:3000/_next/static/chunks/node_modules_react-dom_0bruynb._.js:6498:24)
    at runWithFiberInDEV (http://localhost:3000/_next/static/chunks/node_modules_react-dom_0bruynb._.js:886:74)
    at performUnitOfWork (http://localhost:3000/_next/static/chunks/node_modules_react-dom_0bruynb._.js:8894:97)
    at workLoopSync (http://localhost:3000/_next/static/chunks/node_modules_react-dom_0bruynb._.js:8788:40)
    at renderRootSync (http://localhost:3000/_next/static/chunks/node_modules_react-dom_0bruynb._.js:8772:13)
    at performWorkOnRoot (http://localhost:3000/_next/static/chunks/node_modules_react-dom_0bruynb._.js:8400:186)
    at performWorkOnRootViaSchedulerTask (http://localhost:3000/_next/static/chunks/node_modules_react-dom_0bruynb._.js:9534:9)
    at MessagePort.performWorkUntilDeadline (http://localhost:3000/_next/static/chunks/node_modules_11l9xip._.js:1335:64) @ http://localhost:3000/_next/static/chunks/node_modules_next_dist_0k8zr~w._.js:1945
[   43658ms] [ERROR] Error: You have tried to read "wallet" on a WalletContext without providing one. Make sure to render a WalletProvider as an ancestor of the component that uses WalletContext.
    at logMissingProviderError (http://localhost:3000/_next/static/chunks/node_modules_0e4g8kj._.js:1621:19)
    at Object.get (http://localhost:3000/_next/static/chunks/node_modules_0e4g8kj._.js:1610:9)
    at useWalletMultiButton (http://localhost:3000/_next/static/chunks/node_modules_0e4g8kj._.js:1658:91)
    at BaseWalletMultiButton (http://localhost:3000/_next/static/chunks/node_modules_0e4g8kj._.js:1833:307)
    at Object.react_stack_bottom_frame (http://localhost:3000/_next/static/chunks/node_modules_react-dom_0bruynb._.js:13800:24)
    at renderWithHooksAgain (http://localhost:3000/_next/static/chunks/node_modules_react-dom_0bruynb._.js:4519:24)
    at renderWithHooks (http://localhost:3000/_next/static/chunks/node_modules_react-dom_0bruynb._.js:4470:28)
    at updateFunctionComponent (http://localhost:3000/_next/static/chunks/node_modules_react-dom_0bruynb._.js:5917:21)
    at beginWork (http://localhost:3000/_next/static/chunks/node_modules_react-dom_0bruynb._.js:6498:24)
    at runWithFiberInDEV (http://localhost:3000/_next/static/chunks/node_modules_react-dom_0bruynb._.js:886:74)
    at performUnitOfWork (http://localhost:3000/_next/static/chunks/node_modules_react-dom_0bruynb._.js:8894:97)
    at workLoopSync (http://localhost:3000/_next/static/chunks/node_modules_react-dom_0bruynb._.js:8788:40)
    at renderRootSync (http://localhost:3000/_next/static/chunks/node_modules_react-dom_0bruynb._.js:8772:13)
    at performWorkOnRoot (http://localhost:3000/_next/static/chunks/node_modules_react-dom_0bruynb._.js:8400:186)
    at performWorkOnRootViaSchedulerTask (http://localhost:3000/_next/static/chunks/node_modules_react-dom_0bruynb._.js:9534:9)
    at MessagePort.performWorkUntilDeadline (http://localhost:3000/_next/static/chunks/node_modules_11l9xip._.js:1335:64) @ http://localhost:3000/_next/static/chunks/node_modules_next_dist_0k8zr~w._.js:1945
[   43658ms] [ERROR] Error: You have tried to read "wallets" on a WalletContext without providing one. Make sure to render a WalletProvider as an ancestor of the component that uses WalletContext.
    at logMissingProviderError (http://localhost:3000/_next/static/chunks/node_modules_0e4g8kj._.js:1621:19)
    at Object.get (http://localhost:3000/_next/static/chunks/node_modules_0e4g8kj._.js:1604:9)
    at useWalletMultiButton (http://localhost:3000/_next/static/chunks/node_modules_0e4g8kj._.js:1658:99)
    at BaseWalletMultiButton (http://localhost:3000/_next/static/chunks/node_modules_0e4g8kj._.js:1833:307)
    at Object.react_stack_bottom_frame (http://localhost:3000/_next/static/chunks/node_modules_react-dom_0bruynb._.js:13800:24)
    at renderWithHooksAgain (http://localhost:3000/_next/static/chunks/node_modules_react-dom_0bruynb._.js:4519:24)
    at renderWithHooks (http://localhost:3000/_next/static/chunks/node_modules_react-dom_0bruynb._.js:4470:28)
    at updateFunctionComponent (http://localhost:3000/_next/static/chunks/node_modules_react-dom_0bruynb._.js:5917:21)
    at beginWork (http://localhost:3000/_next/static/chunks/node_modules_react-dom_0bruynb._.js:6498:24)
    at runWithFiberInDEV (http://localhost:3000/_next/static/chunks/node_modules_react-dom_0bruynb._.js:886:74)
    at performUnitOfWork (http://localhost:3000/_next/static/chunks/node_modules_react-dom_0bruynb._.js:8894:97)
    at workLoopSync (http://localhost:3000/_next/static/chunks/node_modules_react-dom_0bruynb._.js:8788:40)
    at renderRootSync (http://localhost:3000/_next/static/chunks/node_modules_react-dom_0bruynb._.js:8772:13)
    at performWorkOnRoot (http://localhost:3000/_next/static/chunks/node_modules_react-dom_0bruynb._.js:8400:186)
    at performWorkOnRootViaSchedulerTask (http://localhost:3000/_next/static/chunks/node_modules_react-dom_0bruynb._.js:9534:9)
    at MessagePort.performWorkUntilDeadline (http://localhost:3000/_next/static/chunks/node_modules_11l9xip._.js:1335:64) @ http://localhost:3000/_next/static/chunks/node_modules_next_dist_0k8zr~w._.js:1945
[   43659ms] [ERROR] Error: You have tried to read "publicKey" on a WalletContext without providing one. Make sure to render a WalletProvider as an ancestor of the component that uses WalletContext.
    at logMissingProviderError (http://localhost:3000/_next/static/chunks/node_modules_0e4g8kj._.js:1621:19)
    at Object.get (http://localhost:3000/_next/static/chunks/node_modules_0e4g8kj._.js:1616:9)
    at PlaceBetModal (http://localhost:3000/_next/static/chunks/%5Broot-of-the-server%5D__01pr~vt._.js:2453:13)
    at Object.react_stack_bottom_frame (http://localhost:3000/_next/static/chunks/node_modules_react-dom_0bruynb._.js:13800:24)
    at renderWithHooks (http://localhost:3000/_next/static/chunks/node_modules_react-dom_0bruynb._.js:4464:24)
    at updateFunctionComponent (http://localhost:3000/_next/static/chunks/node_modules_react-dom_0bruynb._.js:5917:21)
    at beginWork (http://localhost:3000/_next/static/chunks/node_modules_react-dom_0bruynb._.js:6498:24)
    at runWithFiberInDEV (http://localhost:3000/_next/static/chunks/node_modules_react-dom_0bruynb._.js:886:74)
    at performUnitOfWork (http://localhost:3000/_next/static/chunks/node_modules_react-dom_0bruynb._.js:8894:97)
    at workLoopSync (http://localhost:3000/_next/static/chunks/node_modules_react-dom_0bruynb._.js:8788:40)
    at renderRootSync (http://localhost:3000/_next/static/chunks/node_modules_react-dom_0bruynb._.js:8772:13)
    at performWorkOnRoot (http://localhost:3000/_next/static/chunks/node_modules_react-dom_0bruynb._.js:8400:186)
    at performWorkOnRootViaSchedulerTask (http://localhost:3000/_next/static/chunks/node_modules_react-dom_0bruynb._.js:9534:9)
    at MessagePort.performWorkUntilDeadline (http://localhost:3000/_next/static/chunks/node_modules_11l9xip._.js:1335:64) @ http://localhost:3000/_next/static/chunks/node_modules_next_dist_0k8zr~w._.js:1945
[   43659ms] [ERROR] Error: You have tried to read "publicKey" on a WalletContext without providing one. Make sure to render a WalletProvider as an ancestor of the component that uses WalletContext.
    at logMissingProviderError (http://localhost:3000/_next/static/chunks/node_modules_0e4g8kj._.js:1621:19)
    at Object.get (http://localhost:3000/_next/static/chunks/node_modules_0e4g8kj._.js:1616:9)
    at usePlaceBet (http://localhost:3000/_next/static/chunks/%5Broot-of-the-server%5D__01pr~vt._.js:2301:13)
    at PlaceBetModal (http://localhost:3000/_next/static/chunks/%5Broot-of-the-server%5D__01pr~vt._.js:2460:166)
    at Object.react_stack_bottom_frame (http://localhost:3000/_next/static/chunks/node_modules_react-dom_0bruynb._.js:13800:24)
    at renderWithHooks (http://localhost:3000/_next/static/chunks/node_modules_react-dom_0bruynb._.js:4464:24)
    at updateFunctionComponent (http://localhost:3000/_next/static/chunks/node_modules_react-dom_0bruynb._.js:5917:21)
    at beginWork (http://localhost:3000/_next/static/chunks/node_modules_react-dom_0bruynb._.js:6498:24)
    at runWithFiberInDEV (http://localhost:3000/_next/static/chunks/node_modules_react-dom_0bruynb._.js:886:74)
    at performUnitOfWork (http://localhost:3000/_next/static/chunks/node_modules_react-dom_0bruynb._.js:8894:97)
    at workLoopSync (http://localhost:3000/_next/static/chunks/node_modules_react-dom_0bruynb._.js:8788:40)
    at renderRootSync (http://localhost:3000/_next/static/chunks/node_modules_react-dom_0bruynb._.js:8772:13)
    at performWorkOnRoot (http://localhost:3000/_next/static/chunks/node_modules_react-dom_0bruynb._.js:8400:186)
    at performWorkOnRootViaSchedulerTask (http://localhost:3000/_next/static/chunks/node_modules_react-dom_0bruynb._.js:9534:9)
    at MessagePort.performWorkUntilDeadline (http://localhost:3000/_next/static/chunks/node_modules_11l9xip._.js:1335:64) @ http://localhost:3000/_next/static/chunks/node_modules_next_dist_0k8zr~w._.js:1945
[   43659ms] [ERROR] Error: You have tried to read "publicKey" on a WalletContext without providing one. Make sure to render a WalletProvider as an ancestor of the component that uses WalletContext.
    at logMissingProviderError (http://localhost:3000/_next/static/chunks/node_modules_0e4g8kj._.js:1621:19)
    at Object.get (http://localhost:3000/_next/static/chunks/node_modules_0e4g8kj._.js:1616:9)
    at PlaceBetModal (http://localhost:3000/_next/static/chunks/%5Broot-of-the-server%5D__01pr~vt._.js:2453:13)
    at Object.react_stack_bottom_frame (http://localhost:3000/_next/static/chunks/node_modules_react-dom_0bruynb._.js:13800:24)
    at renderWithHooksAgain (http://localhost:3000/_next/static/chunks/node_modules_react-dom_0bruynb._.js:4519:24)
    at renderWithHooks (http://localhost:3000/_next/static/chunks/node_modules_react-dom_0bruynb._.js:4470:28)
    at updateFunctionComponent (http://localhost:3000/_next/static/chunks/node_modules_react-dom_0bruynb._.js:5917:21)
    at beginWork (http://localhost:3000/_next/static/chunks/node_modules_react-dom_0bruynb._.js:6498:24)
    at runWithFiberInDEV (http://localhost:3000/_next/static/chunks/node_modules_react-dom_0bruynb._.js:886:74)
    at performUnitOfWork (http://localhost:3000/_next/static/chunks/node_modules_react-dom_0bruynb._.js:8894:97)
    at workLoopSync (http://localhost:3000/_next/static/chunks/node_modules_react-dom_0bruynb._.js:8788:40)
    at renderRootSync (http://localhost:3000/_next/static/chunks/node_modules_react-dom_0bruynb._.js:8772:13)
    at performWorkOnRoot (http://localhost:3000/_next/static/chunks/node_modules_react-dom_0bruynb._.js:8400:186)
    at performWorkOnRootViaSchedulerTask (http://localhost:3000/_next/static/chunks/node_modules_react-dom_0bruynb._.js:9534:9)
    at MessagePort.performWorkUntilDeadline (http://localhost:3000/_next/static/chunks/node_modules_11l9xip._.js:1335:64) @ http://localhost:3000/_next/static/chunks/node_modules_next_dist_0k8zr~w._.js:1945
[   43659ms] [ERROR] Error: You have tried to read "publicKey" on a WalletContext without providing one. Make sure to render a WalletProvider as an ancestor of the component that uses WalletContext.
    at logMissingProviderError (http://localhost:3000/_next/static/chunks/node_modules_0e4g8kj._.js:1621:19)
    at Object.get (http://localhost:3000/_next/static/chunks/node_modules_0e4g8kj._.js:1616:9)
    at usePlaceBet (http://localhost:3000/_next/static/chunks/%5Broot-of-the-server%5D__01pr~vt._.js:2301:13)
    at PlaceBetModal (http://localhost:3000/_next/static/chunks/%5Broot-of-the-server%5D__01pr~vt._.js:2460:166)
    at Object.react_stack_bottom_frame (http://localhost:3000/_next/static/chunks/node_modules_react-dom_0bruynb._.js:13800:24)
    at renderWithHooksAgain (http://localhost:3000/_next/static/chunks/node_modules_react-dom_0bruynb._.js:4519:24)
    at renderWithHooks (http://localhost:3000/_next/static/chunks/node_modules_react-dom_0bruynb._.js:4470:28)
    at updateFunctionComponent (http://localhost:3000/_next/static/chunks/node_modules_react-dom_0bruynb._.js:5917:21)
    at beginWork (http://localhost:3000/_next/static/chunks/node_modules_react-dom_0bruynb._.js:6498:24)
    at runWithFiberInDEV (http://localhost:3000/_next/static/chunks/node_modules_react-dom_0bruynb._.js:886:74)
    at performUnitOfWork (http://localhost:3000/_next/static/chunks/node_modules_react-dom_0bruynb._.js:8894:97)
    at workLoopSync (http://localhost:3000/_next/static/chunks/node_modules_react-dom_0bruynb._.js:8788:40)
    at renderRootSync (http://localhost:3000/_next/static/chunks/node_modules_react-dom_0bruynb._.js:8772:13)
    at performWorkOnRoot (http://localhost:3000/_next/static/chunks/node_modules_react-dom_0bruynb._.js:8400:186)
    at performWorkOnRootViaSchedulerTask (http://localhost:3000/_next/static/chunks/node_modules_react-dom_0bruynb._.js:9534:9)
    at MessagePort.performWorkUntilDeadline (http://localhost:3000/_next/static/chunks/node_modules_11l9xip._.js:1335:64) @ http://localhost:3000/_next/static/chunks/node_modules_next_dist_0k8zr~w._.js:1945
[   44664ms] [ERROR] Error: You have tried to read "publicKey" on a WalletContext without providing one. Make sure to render a WalletProvider as an ancestor of the component that uses WalletContext.
    at logMissingProviderError (http://localhost:3000/_next/static/chunks/node_modules_0e4g8kj._.js:1621:19)
    at Object.get (http://localhost:3000/_next/static/chunks/node_modules_0e4g8kj._.js:1616:9)
    at SolanaConnectWallet (http://localhost:3000/_next/static/chunks/%5Broot-of-the-server%5D__01pr~vt._.js:486:13)
    at Object.react_stack_bottom_frame (http://localhost:3000/_next/static/chunks/node_modules_react-dom_0bruynb._.js:13800:24)
    at renderWithHooks (http://localhost:3000/_next/static/chunks/node_modules_react-dom_0bruynb._.js:4464:24)
    at updateFunctionComponent (http://localhost:3000/_next/static/chunks/node_modules_react-dom_0bruynb._.js:5917:21)
    at beginWork (http://localhost:3000/_next/static/chunks/node_modules_react-dom_0bruynb._.js:6498:24)
    at runWithFiberInDEV (http://localhost:3000/_next/static/chunks/node_modules_react-dom_0bruynb._.js:886:74)
    at performUnitOfWork (http://localhost:3000/_next/static/chunks/node_modules_react-dom_0bruynb._.js:8894:97)
    at workLoopConcurrentByScheduler (http://localhost:3000/_next/static/chunks/node_modules_react-dom_0bruynb._.js:8890:58)
    at renderRootConcurrent (http://localhost:3000/_next/static/chunks/node_modules_react-dom_0bruynb._.js:8873:71)
    at performWorkOnRoot (http://localhost:3000/_next/static/chunks/node_modules_react-dom_0bruynb._.js:8400:150)
    at performWorkOnRootViaSchedulerTask (http://localhost:3000/_next/static/chunks/node_modules_react-dom_0bruynb._.js:9534:9)
    at MessagePort.performWorkUntilDeadline (http://localhost:3000/_next/static/chunks/node_modules_11l9xip._.js:1335:64) @ http://localhost:3000/_next/static/chunks/node_modules_next_dist_0k8zr~w._.js:1945
[   44664ms] [ERROR] Error: You have tried to read "publicKey" on a WalletContext without providing one. Make sure to render a WalletProvider as an ancestor of the component that uses WalletContext.
    at logMissingProviderError (http://localhost:3000/_next/static/chunks/node_modules_0e4g8kj._.js:1621:19)
    at Object.get (http://localhost:3000/_next/static/chunks/node_modules_0e4g8kj._.js:1616:9)
    at SolanaConnectWallet (http://localhost:3000/_next/static/chunks/%5Broot-of-the-server%5D__01pr~vt._.js:486:13)
    at Object.react_stack_bottom_frame (http://localhost:3000/_next/static/chunks/node_modules_react-dom_0bruynb._.js:13800:24)
    at renderWithHooksAgain (http://localhost:3000/_next/static/chunks/node_modules_react-dom_0bruynb._.js:4519:24)
    at renderWithHooks (http://localhost:3000/_next/static/chunks/node_modules_react-dom_0bruynb._.js:4470:28)
    at updateFunctionComponent (http://localhost:3000/_next/static/chunks/node_modules_react-dom_0bruynb._.js:5917:21)
    at beginWork (http://localhost:3000/_next/static/chunks/node_modules_react-dom_0bruynb._.js:6498:24)
    at runWithFiberInDEV (http://localhost:3000/_next/static/chunks/node_modules_react-dom_0bruynb._.js:886:74)
    at performUnitOfWork (http://localhost:3000/_next/static/chunks/node_modules_react-dom_0bruynb._.js:8894:97)
    at workLoopConcurrentByScheduler (http://localhost:3000/_next/static/chunks/node_modules_react-dom_0bruynb._.js:8890:58)
    at renderRootConcurrent (http://localhost:3000/_next/static/chunks/node_modules_react-dom_0bruynb._.js:8873:71)
    at performWorkOnRoot (http://localhost:3000/_next/static/chunks/node_modules_react-dom_0bruynb._.js:8400:150)
    at performWorkOnRootViaSchedulerTask (http://localhost:3000/_next/static/chunks/node_modules_react-dom_0bruynb._.js:9534:9)
    at MessagePort.performWorkUntilDeadline (http://localhost:3000/_next/static/chunks/node_modules_11l9xip._.js:1335:64) @ http://localhost:3000/_next/static/chunks/node_modules_next_dist_0k8zr~w._.js:1945
[   44664ms] [ERROR] Error: You have tried to read "publicKey" on a WalletContext without providing one. Make sure to render a WalletProvider as an ancestor of the component that uses WalletContext.
    at logMissingProviderError (http://localhost:3000/_next/static/chunks/node_modules_0e4g8kj._.js:1621:19)
    at Object.get (http://localhost:3000/_next/static/chunks/node_modules_0e4g8kj._.js:1616:9)
    at useWalletMultiButton (http://localhost:3000/_next/static/chunks/node_modules_0e4g8kj._.js:1658:72)
    at BaseWalletMultiButton (http://localhost:3000/_next/static/chunks/node_modules_0e4g8kj._.js:1833:307)
    at Object.react_stack_bottom_frame (http://localhost:3000/_next/static/chunks/node_modules_react-dom_0bruynb._.js:13800:24)
    at renderWithHooks (http://localhost:3000/_next/static/chunks/node_modules_react-dom_0bruynb._.js:4464:24)
    at updateFunctionComponent (http://localhost:3000/_next/static/chunks/node_modules_react-dom_0bruynb._.js:5917:21)
    at beginWork (http://localhost:3000/_next/static/chunks/node_modules_react-dom_0bruynb._.js:6498:24)
    at runWithFiberInDEV (http://localhost:3000/_next/static/chunks/node_modules_react-dom_0bruynb._.js:886:74)
    at performUnitOfWork (http://localhost:3000/_next/static/chunks/node_modules_react-dom_0bruynb._.js:8894:97)
    at workLoopConcurrentByScheduler (http://localhost:3000/_next/static/chunks/node_modules_react-dom_0bruynb._.js:8890:58)
    at renderRootConcurrent (http://localhost:3000/_next/static/chunks/node_modules_react-dom_0bruynb._.js:8873:71)
    at performWorkOnRoot (http://localhost:3000/_next/static/chunks/node_modules_react-dom_0bruynb._.js:8400:150)
    at performWorkOnRootViaSchedulerTask (http://localhost:3000/_next/static/chunks/node_modules_react-dom_0bruynb._.js:9534:9)
    at MessagePort.performWorkUntilDeadline (http://localhost:3000/_next/static/chunks/node_modules_11l9xip._.js:1335:64) @ http://localhost:3000/_next/static/chunks/node_modules_next_dist_0k8zr~w._.js:1945
[   44664ms] [ERROR] Error: You have tried to read "wallet" on a WalletContext without providing one. Make sure to render a WalletProvider as an ancestor of the component that uses WalletContext.
    at logMissingProviderError (http://localhost:3000/_next/static/chunks/node_modules_0e4g8kj._.js:1621:19)
    at Object.get (http://localhost:3000/_next/static/chunks/node_modules_0e4g8kj._.js:1610:9)
    at useWalletMultiButton (http://localhost:3000/_next/static/chunks/node_modules_0e4g8kj._.js:1658:91)
    at BaseWalletMultiButton (http://localhost:3000/_next/static/chunks/node_modules_0e4g8kj._.js:1833:307)
    at Object.react_stack_bottom_frame (http://localhost:3000/_next/static/chunks/node_modules_react-dom_0bruynb._.js:13800:24)
    at renderWithHooks (http://localhost:3000/_next/static/chunks/node_modules_react-dom_0bruynb._.js:4464:24)
    at updateFunctionComponent (http://localhost:3000/_next/static/chunks/node_modules_react-dom_0bruynb._.js:5917:21)
    at beginWork (http://localhost:3000/_next/static/chunks/node_modules_react-dom_0bruynb._.js:6498:24)
    at runWithFiberInDEV (http://localhost:3000/_next/static/chunks/node_modules_react-dom_0bruynb._.js:886:74)
    at performUnitOfWork (http://localhost:3000/_next/static/chunks/node_modules_react-dom_0bruynb._.js:8894:97)
    at workLoopConcurrentByScheduler (http://localhost:3000/_next/static/chunks/node_modules_react-dom_0bruynb._.js:8890:58)
    at renderRootConcurrent (http://localhost:3000/_next/static/chunks/node_modules_react-dom_0bruynb._.js:8873:71)
    at performWorkOnRoot (http://localhost:3000/_next/static/chunks/node_modules_react-dom_0bruynb._.js:8400:150)
    at performWorkOnRootViaSchedulerTask (http://localhost:3000/_next/static/chunks/node_modules_react-dom_0bruynb._.js:9534:9)
    at MessagePort.performWorkUntilDeadline (http://localhost:3000/_next/static/chunks/node_modules_11l9xip._.js:1335:64) @ http://localhost:3000/_next/static/chunks/node_modules_next_dist_0k8zr~w._.js:1945
[   44665ms] [ERROR] Error: You have tried to read "wallets" on a WalletContext without providing one. Make sure to render a WalletProvider as an ancestor of the component that uses WalletContext.
    at logMissingProviderError (http://localhost:3000/_next/static/chunks/node_modules_0e4g8kj._.js:1621:19)
    at Object.get (http://localhost:3000/_next/static/chunks/node_modules_0e4g8kj._.js:1604:9)
    at useWalletMultiButton (http://localhost:3000/_next/static/chunks/node_modules_0e4g8kj._.js:1658:99)
    at BaseWalletMultiButton (http://localhost:3000/_next/static/chunks/node_modules_0e4g8kj._.js:1833:307)
    at Object.react_stack_bottom_frame (http://localhost:3000/_next/static/chunks/node_modules_react-dom_0bruynb._.js:13800:24)
    at renderWithHooks (http://localhost:3000/_next/static/chunks/node_modules_react-dom_0bruynb._.js:4464:24)
    at updateFunctionComponent (http://localhost:3000/_next/static/chunks/node_modules_react-dom_0bruynb._.js:5917:21)
    at beginWork (http://localhost:3000/_next/static/chunks/node_modules_react-dom_0bruynb._.js:6498:24)
    at runWithFiberInDEV (http://localhost:3000/_next/static/chunks/node_modules_react-dom_0bruynb._.js:886:74)
    at performUnitOfWork (http://localhost:3000/_next/static/chunks/node_modules_react-dom_0bruynb._.js:8894:97)
    at workLoopConcurrentByScheduler (http://localhost:3000/_next/static/chunks/node_modules_react-dom_0bruynb._.js:8890:58)
    at renderRootConcurrent (http://localhost:3000/_next/static/chunks/node_modules_react-dom_0bruynb._.js:8873:71)
    at performWorkOnRoot (http://localhost:3000/_next/static/chunks/node_modules_react-dom_0bruynb._.js:8400:150)
    at performWorkOnRootViaSchedulerTask (http://localhost:3000/_next/static/chunks/node_modules_react-dom_0bruynb._.js:9534:9)
    at MessagePort.performWorkUntilDeadline (http://localhost:3000/_next/static/chunks/node_modules_11l9xip._.js:1335:64) @ http://localhost:3000/_next/static/chunks/node_modules_next_dist_0k8zr~w._.js:1945
[   44665ms] [ERROR] Error: You have tried to read "publicKey" on a WalletContext without providing one. Make sure to render a WalletProvider as an ancestor of the component that uses WalletContext.
    at logMissingProviderError (http://localhost:3000/_next/static/chunks/node_modules_0e4g8kj._.js:1621:19)
    at Object.get (http://localhost:3000/_next/static/chunks/node_modules_0e4g8kj._.js:1616:9)
    at useWalletMultiButton (http://localhost:3000/_next/static/chunks/node_modules_0e4g8kj._.js:1658:72)
    at BaseWalletMultiButton (http://localhost:3000/_next/static/chunks/node_modules_0e4g8kj._.js:1833:307)
    at Object.react_stack_bottom_frame (http://localhost:3000/_next/static/chunks/node_modules_react-dom_0bruynb._.js:13800:24)
    at renderWithHooksAgain (http://localhost:3000/_next/static/chunks/node_modules_react-dom_0bruynb._.js:4519:24)
    at renderWithHooks (http://localhost:3000/_next/static/chunks/node_modules_react-dom_0bruynb._.js:4470:28)
    at updateFunctionComponent (http://localhost:3000/_next/static/chunks/node_modules_react-dom_0bruynb._.js:5917:21)
    at beginWork (http://localhost:3000/_next/static/chunks/node_modules_react-dom_0bruynb._.js:6498:24)
    at runWithFiberInDEV (http://localhost:3000/_next/static/chunks/node_modules_react-dom_0bruynb._.js:886:74)
    at performUnitOfWork (http://localhost:3000/_next/static/chunks/node_modules_react-dom_0bruynb._.js:8894:97)
    at workLoopConcurrentByScheduler (http://localhost:3000/_next/static/chunks/node_modules_react-dom_0bruynb._.js:8890:58)
    at renderRootConcurrent (http://localhost:3000/_next/static/chunks/node_modules_react-dom_0bruynb._.js:8873:71)
    at performWorkOnRoot (http://localhost:3000/_next/static/chunks/node_modules_react-dom_0bruynb._.js:8400:150)
    at performWorkOnRootViaSchedulerTask (http://localhost:3000/_next/static/chunks/node_modules_react-dom_0bruynb._.js:9534:9)
    at MessagePort.performWorkUntilDeadline (http://localhost:3000/_next/static/chunks/node_modules_11l9xip._.js:1335:64) @ http://localhost:3000/_next/static/chunks/node_modules_next_dist_0k8zr~w._.js:1945
[   44665ms] [ERROR] Error: You have tried to read "wallet" on a WalletContext without providing one. Make sure to render a WalletProvider as an ancestor of the component that uses WalletContext.
    at logMissingProviderError (http://localhost:3000/_next/static/chunks/node_modules_0e4g8kj._.js:1621:19)
    at Object.get (http://localhost:3000/_next/static/chunks/node_modules_0e4g8kj._.js:1610:9)
    at useWalletMultiButton (http://localhost:3000/_next/static/chunks/node_modules_0e4g8kj._.js:1658:91)
    at BaseWalletMultiButton (http://localhost:3000/_next/static/chunks/node_modules_0e4g8kj._.js:1833:307)
    at Object.react_stack_bottom_frame (http://localhost:3000/_next/static/chunks/node_modules_react-dom_0bruynb._.js:13800:24)
    at renderWithHooksAgain (http://localhost:3000/_next/static/chunks/node_modules_react-dom_0bruynb._.js:4519:24)
    at renderWithHooks (http://localhost:3000/_next/static/chunks/node_modules_react-dom_0bruynb._.js:4470:28)
    at updateFunctionComponent (http://localhost:3000/_next/static/chunks/node_modules_react-dom_0bruynb._.js:5917:21)
    at beginWork (http://localhost:3000/_next/static/chunks/node_modules_react-dom_0bruynb._.js:6498:24)
    at runWithFiberInDEV (http://localhost:3000/_next/static/chunks/node_modules_react-dom_0bruynb._.js:886:74)
    at performUnitOfWork (http://localhost:3000/_next/static/chunks/node_modules_react-dom_0bruynb._.js:8894:97)
    at workLoopConcurrentByScheduler (http://localhost:3000/_next/static/chunks/node_modules_react-dom_0bruynb._.js:8890:58)
    at renderRootConcurrent (http://localhost:3000/_next/static/chunks/node_modules_react-dom_0bruynb._.js:8873:71)
    at performWorkOnRoot (http://localhost:3000/_next/static/chunks/node_modules_react-dom_0bruynb._.js:8400:150)
    at performWorkOnRootViaSchedulerTask (http://localhost:3000/_next/static/chunks/node_modules_react-dom_0bruynb._.js:9534:9)
    at MessagePort.performWorkUntilDeadline (http://localhost:3000/_next/static/chunks/node_modules_11l9xip._.js:1335:64) @ http://localhost:3000/_next/static/chunks/node_modules_next_dist_0k8zr~w._.js:1945
[   44665ms] [ERROR] Error: You have tried to read "wallets" on a WalletContext without providing one. Make sure to render a WalletProvider as an ancestor of the component that uses WalletContext.
    at logMissingProviderError (http://localhost:3000/_next/static/chunks/node_modules_0e4g8kj._.js:1621:19)
    at Object.get (http://localhost:3000/_next/static/chunks/node_modules_0e4g8kj._.js:1604:9)
    at useWalletMultiButton (http://localhost:3000/_next/static/chunks/node_modules_0e4g8kj._.js:1658:99)
    at BaseWalletMultiButton (http://localhost:3000/_next/static/chunks/node_modules_0e4g8kj._.js:1833:307)
    at Object.react_stack_bottom_frame (http://localhost:3000/_next/static/chunks/node_modules_react-dom_0bruynb._.js:13800:24)
    at renderWithHooksAgain (http://localhost:3000/_next/static/chunks/node_modules_react-dom_0bruynb._.js:4519:24)
    at renderWithHooks (http://localhost:3000/_next/static/chunks/node_modules_react-dom_0bruynb._.js:4470:28)
    at updateFunctionComponent (http://localhost:3000/_next/static/chunks/node_modules_react-dom_0bruynb._.js:5917:21)
    at beginWork (http://localhost:3000/_next/static/chunks/node_modules_react-dom_0bruynb._.js:6498:24)
    at runWithFiberInDEV (http://localhost:3000/_next/static/chunks/node_modules_react-dom_0bruynb._.js:886:74)
    at performUnitOfWork (http://localhost:3000/_next/static/chunks/node_modules_react-dom_0bruynb._.js:8894:97)
    at workLoopConcurrentByScheduler (http://localhost:3000/_next/static/chunks/node_modules_react-dom_0bruynb._.js:8890:58)
    at renderRootConcurrent (http://localhost:3000/_next/static/chunks/node_modules_react-dom_0bruynb._.js:8873:71)
    at performWorkOnRoot (http://localhost:3000/_next/static/chunks/node_modules_react-dom_0bruynb._.js:8400:150)
    at performWorkOnRootViaSchedulerTask (http://localhost:3000/_next/static/chunks/node_modules_react-dom_0bruynb._.js:9534:9)
    at MessagePort.performWorkUntilDeadline (http://localhost:3000/_next/static/chunks/node_modules_11l9xip._.js:1335:64) @ http://localhost:3000/_next/static/chunks/node_modules_next_dist_0k8zr~w._.js:1945
[   44898ms] [ERROR] Error: You have tried to read "publicKey" on a WalletContext without providing one. Make sure to render a WalletProvider as an ancestor of the component that uses WalletContext.
    at logMissingProviderError (http://localhost:3000/_next/static/chunks/node_modules_0e4g8kj._.js:1621:19)
    at Object.get (http://localhost:3000/_next/static/chunks/node_modules_0e4g8kj._.js:1616:9)
    at SolanaConnectWallet (http://localhost:3000/_next/static/chunks/%5Broot-of-the-server%5D__01pr~vt._.js:486:13)
    at Object.react_stack_bottom_frame (http://localhost:3000/_next/static/chunks/node_modules_react-dom_0bruynb._.js:13800:24)
    at renderWithHooks (http://localhost:3000/_next/static/chunks/node_modules_react-dom_0bruynb._.js:4464:24)
    at updateFunctionComponent (http://localhost:3000/_next/static/chunks/node_modules_react-dom_0bruynb._.js:5917:21)
    at beginWork (http://localhost:3000/_next/static/chunks/node_modules_react-dom_0bruynb._.js:6498:24)
    at runWithFiberInDEV (http://localhost:3000/_next/static/chunks/node_modules_react-dom_0bruynb._.js:886:74)
    at performUnitOfWork (http://localhost:3000/_next/static/chunks/node_modules_react-dom_0bruynb._.js:8894:97)
    at workLoopSync (http://localhost:3000/_next/static/chunks/node_modules_react-dom_0bruynb._.js:8788:40)
    at renderRootSync (http://localhost:3000/_next/static/chunks/node_modules_react-dom_0bruynb._.js:8772:13)
    at performWorkOnRoot (http://localhost:3000/_next/static/chunks/node_modules_react-dom_0bruynb._.js:8400:186)
    at performWorkOnRootViaSchedulerTask (http://localhost:3000/_next/static/chunks/node_modules_react-dom_0bruynb._.js:9534:9)
    at MessagePort.performWorkUntilDeadline (http://localhost:3000/_next/static/chunks/node_modules_11l9xip._.js:1335:64) @ http://localhost:3000/_next/static/chunks/node_modules_next_dist_0k8zr~w._.js:1945
[   44898ms] [ERROR] Error: You have tried to read "publicKey" on a WalletContext without providing one. Make sure to render a WalletProvider as an ancestor of the component that uses WalletContext.
    at logMissingProviderError (http://localhost:3000/_next/static/chunks/node_modules_0e4g8kj._.js:1621:19)
    at Object.get (http://localhost:3000/_next/static/chunks/node_modules_0e4g8kj._.js:1616:9)
    at SolanaConnectWallet (http://localhost:3000/_next/static/chunks/%5Broot-of-the-server%5D__01pr~vt._.js:486:13)
    at Object.react_stack_bottom_frame (http://localhost:3000/_next/static/chunks/node_modules_react-dom_0bruynb._.js:13800:24)
    at renderWithHooksAgain (http://localhost:3000/_next/static/chunks/node_modules_react-dom_0bruynb._.js:4519:24)
    at renderWithHooks (http://localhost:3000/_next/static/chunks/node_modules_react-dom_0bruynb._.js:4470:28)
    at updateFunctionComponent (http://localhost:3000/_next/static/chunks/node_modules_react-dom_0bruynb._.js:5917:21)
    at beginWork (http://localhost:3000/_next/static/chunks/node_modules_react-dom_0bruynb._.js:6498:24)
    at runWithFiberInDEV (http://localhost:3000/_next/static/chunks/node_modules_react-dom_0bruynb._.js:886:74)
    at performUnitOfWork (http://localhost:3000/_next/static/chunks/node_modules_react-dom_0bruynb._.js:8894:97)
    at workLoopSync (http://localhost:3000/_next/static/chunks/node_modules_react-dom_0bruynb._.js:8788:40)
    at renderRootSync (http://localhost:3000/_next/static/chunks/node_modules_react-dom_0bruynb._.js:8772:13)
    at performWorkOnRoot (http://localhost:3000/_next/static/chunks/node_modules_react-dom_0bruynb._.js:8400:186)
    at performWorkOnRootViaSchedulerTask (http://localhost:3000/_next/static/chunks/node_modules_react-dom_0bruynb._.js:9534:9)
    at MessagePort.performWorkUntilDeadline (http://localhost:3000/_next/static/chunks/node_modules_11l9xip._.js:1335:64) @ http://localhost:3000/_next/static/chunks/node_modules_next_dist_0k8zr~w._.js:1945
[   44898ms] [ERROR] Error: You have tried to read "publicKey" on a WalletContext without providing one. Make sure to render a WalletProvider as an ancestor of the component that uses WalletContext.
    at logMissingProviderError (http://localhost:3000/_next/static/chunks/node_modules_0e4g8kj._.js:1621:19)
    at Object.get (http://localhost:3000/_next/static/chunks/node_modules_0e4g8kj._.js:1616:9)
    at useWalletMultiButton (http://localhost:3000/_next/static/chunks/node_modules_0e4g8kj._.js:1658:72)
    at BaseWalletMultiButton (http://localhost:3000/_next/static/chunks/node_modules_0e4g8kj._.js:1833:307)
    at Object.react_stack_bottom_frame (http://localhost:3000/_next/static/chunks/node_modules_react-dom_0bruynb._.js:13800:24)
    at renderWithHooks (http://localhost:3000/_next/static/chunks/node_modules_react-dom_0bruynb._.js:4464:24)
    at updateFunctionComponent (http://localhost:3000/_next/static/chunks/node_modules_react-dom_0bruynb._.js:5917:21)
    at beginWork (http://localhost:3000/_next/static/chunks/node_modules_react-dom_0bruynb._.js:6498:24)
    at runWithFiberInDEV (http://localhost:3000/_next/static/chunks/node_modules_react-dom_0bruynb._.js:886:74)
    at performUnitOfWork (http://localhost:3000/_next/static/chunks/node_modules_react-dom_0bruynb._.js:8894:97)
    at workLoopSync (http://localhost:3000/_next/static/chunks/node_modules_react-dom_0bruynb._.js:8788:40)
    at renderRootSync (http://localhost:3000/_next/static/chunks/node_modules_react-dom_0bruynb._.js:8772:13)
    at performWorkOnRoot (http://localhost:3000/_next/static/chunks/node_modules_react-dom_0bruynb._.js:8400:186)
    at performWorkOnRootViaSchedulerTask (http://localhost:3000/_next/static/chunks/node_modules_react-dom_0bruynb._.js:9534:9)
    at MessagePort.performWorkUntilDeadline (http://localhost:3000/_next/static/chunks/node_modules_11l9xip._.js:1335:64) @ http://localhost:3000/_next/static/chunks/node_modules_next_dist_0k8zr~w._.js:1945
[   44898ms] [ERROR] Error: You have tried to read "wallet" on a WalletContext without providing one. Make sure to render a WalletProvider as an ancestor of the component that uses WalletContext.
    at logMissingProviderError (http://localhost:3000/_next/static/chunks/node_modules_0e4g8kj._.js:1621:19)
    at Object.get (http://localhost:3000/_next/static/chunks/node_modules_0e4g8kj._.js:1610:9)
    at useWalletMultiButton (http://localhost:3000/_next/static/chunks/node_modules_0e4g8kj._.js:1658:91)
    at BaseWalletMultiButton (http://localhost:3000/_next/static/chunks/node_modules_0e4g8kj._.js:1833:307)
    at Object.react_stack_bottom_frame (http://localhost:3000/_next/static/chunks/node_modules_react-dom_0bruynb._.js:13800:24)
    at renderWithHooks (http://localhost:3000/_next/static/chunks/node_modules_react-dom_0bruynb._.js:4464:24)
    at updateFunctionComponent (http://localhost:3000/_next/static/chunks/node_modules_react-dom_0bruynb._.js:5917:21)
    at beginWork (http://localhost:3000/_next/static/chunks/node_modules_react-dom_0bruynb._.js:6498:24)
    at runWithFiberInDEV (http://localhost:3000/_next/static/chunks/node_modules_react-dom_0bruynb._.js:886:74)
    at performUnitOfWork (http://localhost:3000/_next/static/chunks/node_modules_react-dom_0bruynb._.js:8894:97)
    at workLoopSync (http://localhost:3000/_next/static/chunks/node_modules_react-dom_0bruynb._.js:8788:40)
    at renderRootSync (http://localhost:3000/_next/static/chunks/node_modules_react-dom_0bruynb._.js:8772:13)
    at performWorkOnRoot (http://localhost:3000/_next/static/chunks/node_modules_react-dom_0bruynb._.js:8400:186)
    at performWorkOnRootViaSchedulerTask (http://localhost:3000/_next/static/chunks/node_modules_react-dom_0bruynb._.js:9534:9)
    at MessagePort.performWorkUntilDeadline (http://localhost:3000/_next/static/chunks/node_modules_11l9xip._.js:1335:64) @ http://localhost:3000/_next/static/chunks/node_modules_next_dist_0k8zr~w._.js:1945
[   44899ms] [ERROR] Error: You have tried to read "wallets" on a WalletContext without providing one. Make sure to render a WalletProvider as an ancestor of the component that uses WalletContext.
    at logMissingProviderError (http://localhost:3000/_next/static/chunks/node_modules_0e4g8kj._.js:1621:19)
    at Object.get (http://localhost:3000/_next/static/chunks/node_modules_0e4g8kj._.js:1604:9)
    at useWalletMultiButton (http://localhost:3000/_next/static/chunks/node_modules_0e4g8kj._.js:1658:99)
    at BaseWalletMultiButton (http://localhost:3000/_next/static/chunks/node_modules_0e4g8kj._.js:1833:307)
    at Object.react_stack_bottom_frame (http://localhost:3000/_next/static/chunks/node_modules_react-dom_0bruynb._.js:13800:24)
    at renderWithHooks (http://localhost:3000/_next/static/chunks/node_modules_react-dom_0bruynb._.js:4464:24)
    at updateFunctionComponent (http://localhost:3000/_next/static/chunks/node_modules_react-dom_0bruynb._.js:5917:21)
    at beginWork (http://localhost:3000/_next/static/chunks/node_modules_react-dom_0bruynb._.js:6498:24)
    at runWithFiberInDEV (http://localhost:3000/_next/static/chunks/node_modules_react-dom_0bruynb._.js:886:74)
    at performUnitOfWork (http://localhost:3000/_next/static/chunks/node_modules_react-dom_0bruynb._.js:8894:97)
    at workLoopSync (http://localhost:3000/_next/static/chunks/node_modules_react-dom_0bruynb._.js:8788:40)
    at renderRootSync (http://localhost:3000/_next/static/chunks/node_modules_react-dom_0bruynb._.js:8772:13)
    at performWorkOnRoot (http://localhost:3000/_next/static/chunks/node_modules_react-dom_0bruynb._.js:8400:186)
    at performWorkOnRootViaSchedulerTask (http://localhost:3000/_next/static/chunks/node_modules_react-dom_0bruynb._.js:9534:9)
    at MessagePort.performWorkUntilDeadline (http://localhost:3000/_next/static/chunks/node_modules_11l9xip._.js:1335:64) @ http://localhost:3000/_next/static/chunks/node_modules_next_dist_0k8zr~w._.js:1945
[   44899ms] [ERROR] Error: You have tried to read "publicKey" on a WalletContext without providing one. Make sure to render a WalletProvider as an ancestor of the component that uses WalletContext.
    at logMissingProviderError (http://localhost:3000/_next/static/chunks/node_modules_0e4g8kj._.js:1621:19)
    at Object.get (http://localhost:3000/_next/static/chunks/node_modules_0e4g8kj._.js:1616:9)
    at useWalletMultiButton (http://localhost:3000/_next/static/chunks/node_modules_0e4g8kj._.js:1658:72)
    at BaseWalletMultiButton (http://localhost:3000/_next/static/chunks/node_modules_0e4g8kj._.js:1833:307)
    at Object.react_stack_bottom_frame (http://localhost:3000/_next/static/chunks/node_modules_react-dom_0bruynb._.js:13800:24)
    at renderWithHooksAgain (http://localhost:3000/_next/static/chunks/node_modules_react-dom_0bruynb._.js:4519:24)
    at renderWithHooks (http://localhost:3000/_next/static/chunks/node_modules_react-dom_0bruynb._.js:4470:28)
    at updateFunctionComponent (http://localhost:3000/_next/static/chunks/node_modules_react-dom_0bruynb._.js:5917:21)
    at beginWork (http://localhost:3000/_next/static/chunks/node_modules_react-dom_0bruynb._.js:6498:24)
    at runWithFiberInDEV (http://localhost:3000/_next/static/chunks/node_modules_react-dom_0bruynb._.js:886:74)
    at performUnitOfWork (http://localhost:3000/_next/static/chunks/node_modules_react-dom_0bruynb._.js:8894:97)
    at workLoopSync (http://localhost:3000/_next/static/chunks/node_modules_react-dom_0bruynb._.js:8788:40)
    at renderRootSync (http://localhost:3000/_next/static/chunks/node_modules_react-dom_0bruynb._.js:8772:13)
    at performWorkOnRoot (http://localhost:3000/_next/static/chunks/node_modules_react-dom_0bruynb._.js:8400:186)
    at performWorkOnRootViaSchedulerTask (http://localhost:3000/_next/static/chunks/node_modules_react-dom_0bruynb._.js:9534:9)
    at MessagePort.performWorkUntilDeadline (http://localhost:3000/_next/static/chunks/node_modules_11l9xip._.js:1335:64) @ http://localhost:3000/_next/static/chunks/node_modules_next_dist_0k8zr~w._.js:1945
[   44899ms] [ERROR] Error: You have tried to read "wallet" on a WalletContext without providing one. Make sure to render a WalletProvider as an ancestor of the component that uses WalletContext.
    at logMissingProviderError (http://localhost:3000/_next/static/chunks/node_modules_0e4g8kj._.js:1621:19)
    at Object.get (http://localhost:3000/_next/static/chunks/node_modules_0e4g8kj._.js:1610:9)
    at useWalletMultiButton (http://localhost:3000/_next/static/chunks/node_modules_0e4g8kj._.js:1658:91)
    at BaseWalletMultiButton (http://localhost:3000/_next/static/chunks/node_modules_0e4g8kj._.js:1833:307)
    at Object.react_stack_bottom_frame (http://localhost:3000/_next/static/chunks/node_modules_react-dom_0bruynb._.js:13800:24)
    at renderWithHooksAgain (http://localhost:3000/_next/static/chunks/node_modules_react-dom_0bruynb._.js:4519:24)
    at renderWithHooks (http://localhost:3000/_next/static/chunks/node_modules_react-dom_0bruynb._.js:4470:28)
    at updateFunctionComponent (http://localhost:3000/_next/static/chunks/node_modules_react-dom_0bruynb._.js:5917:21)
    at beginWork (http://localhost:3000/_next/static/chunks/node_modules_react-dom_0bruynb._.js:6498:24)
    at runWithFiberInDEV (http://localhost:3000/_next/static/chunks/node_modules_react-dom_0bruynb._.js:886:74)
    at performUnitOfWork (http://localhost:3000/_next/static/chunks/node_modules_react-dom_0bruynb._.js:8894:97)
    at workLoopSync (http://localhost:3000/_next/static/chunks/node_modules_react-dom_0bruynb._.js:8788:40)
    at renderRootSync (http://localhost:3000/_next/static/chunks/node_modules_react-dom_0bruynb._.js:8772:13)
    at performWorkOnRoot (http://localhost:3000/_next/static/chunks/node_modules_react-dom_0bruynb._.js:8400:186)
    at performWorkOnRootViaSchedulerTask (http://localhost:3000/_next/static/chunks/node_modules_react-dom_0bruynb._.js:9534:9)
    at MessagePort.performWorkUntilDeadline (http://localhost:3000/_next/static/chunks/node_modules_11l9xip._.js:1335:64) @ http://localhost:3000/_next/static/chunks/node_modules_next_dist_0k8zr~w._.js:1945
[   44899ms] [ERROR] Error: You have tried to read "wallets" on a WalletContext without providing one. Make sure to render a WalletProvider as an ancestor of the component that uses WalletContext.
    at logMissingProviderError (http://localhost:3000/_next/static/chunks/node_modules_0e4g8kj._.js:1621:19)
    at Object.get (http://localhost:3000/_next/static/chunks/node_modules_0e4g8kj._.js:1604:9)
    at useWalletMultiButton (http://localhost:3000/_next/static/chunks/node_modules_0e4g8kj._.js:1658:99)
    at BaseWalletMultiButton (http://localhost:3000/_next/static/chunks/node_modules_0e4g8kj._.js:1833:307)
    at Object.react_stack_bottom_frame (http://localhost:3000/_next/static/chunks/node_modules_react-dom_0bruynb._.js:13800:24)
    at renderWithHooksAgain (http://localhost:3000/_next/static/chunks/node_modules_react-dom_0bruynb._.js:4519:24)
    at renderWithHooks (http://localhost:3000/_next/static/chunks/node_modules_react-dom_0bruynb._.js:4470:28)
    at updateFunctionComponent (http://localhost:3000/_next/static/chunks/node_modules_react-dom_0bruynb._.js:5917:21)
    at beginWork (http://localhost:3000/_next/static/chunks/node_modules_react-dom_0bruynb._.js:6498:24)
    at runWithFiberInDEV (http://localhost:3000/_next/static/chunks/node_modules_react-dom_0bruynb._.js:886:74)
    at performUnitOfWork (http://localhost:3000/_next/static/chunks/node_modules_react-dom_0bruynb._.js:8894:97)
    at workLoopSync (http://localhost:3000/_next/static/chunks/node_modules_react-dom_0bruynb._.js:8788:40)
    at renderRootSync (http://localhost:3000/_next/static/chunks/node_modules_react-dom_0bruynb._.js:8772:13)
    at performWorkOnRoot (http://localhost:3000/_next/static/chunks/node_modules_react-dom_0bruynb._.js:8400:186)
    at performWorkOnRootViaSchedulerTask (http://localhost:3000/_next/static/chunks/node_modules_react-dom_0bruynb._.js:9534:9)
    at MessagePort.performWorkUntilDeadline (http://localhost:3000/_next/static/chunks/node_modules_11l9xip._.js:1335:64) @ http://localhost:3000/_next/static/chunks/node_modules_next_dist_0k8zr~w._.js:1945
[   48499ms] [ERROR] Error: You have tried to read "publicKey" on a WalletContext without providing one. Make sure to render a WalletProvider as an ancestor of the component that uses WalletContext.
    at logMissingProviderError (http://localhost:3000/_next/static/chunks/node_modules_0e4g8kj._.js:1621:19)
    at Object.get (http://localhost:3000/_next/static/chunks/node_modules_0e4g8kj._.js:1616:9)
    at SolanaConnectWallet (http://localhost:3000/_next/static/chunks/%5Broot-of-the-server%5D__01pr~vt._.js:486:13)
    at Object.react_stack_bottom_frame (http://localhost:3000/_next/static/chunks/node_modules_react-dom_0bruynb._.js:13800:24)
    at renderWithHooks (http://localhost:3000/_next/static/chunks/node_modules_react-dom_0bruynb._.js:4464:24)
    at updateFunctionComponent (http://localhost:3000/_next/static/chunks/node_modules_react-dom_0bruynb._.js:5917:21)
    at beginWork (http://localhost:3000/_next/static/chunks/node_modules_react-dom_0bruynb._.js:6498:24)
    at runWithFiberInDEV (http://localhost:3000/_next/static/chunks/node_modules_react-dom_0bruynb._.js:886:74)
    at performUnitOfWork (http://localhost:3000/_next/static/chunks/node_modules_react-dom_0bruynb._.js:8894:97)
    at workLoopConcurrentByScheduler (http://localhost:3000/_next/static/chunks/node_modules_react-dom_0bruynb._.js:8890:58)
    at renderRootConcurrent (http://localhost:3000/_next/static/chunks/node_modules_react-dom_0bruynb._.js:8873:71)
    at performWorkOnRoot (http://localhost:3000/_next/static/chunks/node_modules_react-dom_0bruynb._.js:8400:150)
    at performWorkOnRootViaSchedulerTask (http://localhost:3000/_next/static/chunks/node_modules_react-dom_0bruynb._.js:9534:9)
    at MessagePort.performWorkUntilDeadline (http://localhost:3000/_next/static/chunks/node_modules_11l9xip._.js:1335:64) @ http://localhost:3000/_next/static/chunks/node_modules_next_dist_0k8zr~w._.js:1945
[   48500ms] [ERROR] Error: You have tried to read "publicKey" on a WalletContext without providing one. Make sure to render a WalletProvider as an ancestor of the component that uses WalletContext.
    at logMissingProviderError (http://localhost:3000/_next/static/chunks/node_modules_0e4g8kj._.js:1621:19)
    at Object.get (http://localhost:3000/_next/static/chunks/node_modules_0e4g8kj._.js:1616:9)
    at SolanaConnectWallet (http://localhost:3000/_next/static/chunks/%5Broot-of-the-server%5D__01pr~vt._.js:486:13)
    at Object.react_stack_bottom_frame (http://localhost:3000/_next/static/chunks/node_modules_react-dom_0bruynb._.js:13800:24)
    at renderWithHooksAgain (http://localhost:3000/_next/static/chunks/node_modules_react-dom_0bruynb._.js:4519:24)
    at renderWithHooks (http://localhost:3000/_next/static/chunks/node_modules_react-dom_0bruynb._.js:4470:28)
    at updateFunctionComponent (http://localhost:3000/_next/static/chunks/node_modules_react-dom_0bruynb._.js:5917:21)
    at beginWork (http://localhost:3000/_next/static/chunks/node_modules_react-dom_0bruynb._.js:6498:24)
    at runWithFiberInDEV (http://localhost:3000/_next/static/chunks/node_modules_react-dom_0bruynb._.js:886:74)
    at performUnitOfWork (http://localhost:3000/_next/static/chunks/node_modules_react-dom_0bruynb._.js:8894:97)
    at workLoopConcurrentByScheduler (http://localhost:3000/_next/static/chunks/node_modules_react-dom_0bruynb._.js:8890:58)
    at renderRootConcurrent (http://localhost:3000/_next/static/chunks/node_modules_react-dom_0bruynb._.js:8873:71)
    at performWorkOnRoot (http://localhost:3000/_next/static/chunks/node_modules_react-dom_0bruynb._.js:8400:150)
    at performWorkOnRootViaSchedulerTask (http://localhost:3000/_next/static/chunks/node_modules_react-dom_0bruynb._.js:9534:9)
    at MessagePort.performWorkUntilDeadline (http://localhost:3000/_next/static/chunks/node_modules_11l9xip._.js:1335:64) @ http://localhost:3000/_next/static/chunks/node_modules_next_dist_0k8zr~w._.js:1945
[   48500ms] [ERROR] Error: You have tried to read "publicKey" on a WalletContext without providing one. Make sure to render a WalletProvider as an ancestor of the component that uses WalletContext.
    at logMissingProviderError (http://localhost:3000/_next/static/chunks/node_modules_0e4g8kj._.js:1621:19)
    at Object.get (http://localhost:3000/_next/static/chunks/node_modules_0e4g8kj._.js:1616:9)
    at useWalletMultiButton (http://localhost:3000/_next/static/chunks/node_modules_0e4g8kj._.js:1658:72)
    at BaseWalletMultiButton (http://localhost:3000/_next/static/chunks/node_modules_0e4g8kj._.js:1833:307)
    at Object.react_stack_bottom_frame (http://localhost:3000/_next/static/chunks/node_modules_react-dom_0bruynb._.js:13800:24)
    at renderWithHooks (http://localhost:3000/_next/static/chunks/node_modules_react-dom_0bruynb._.js:4464:24)
    at updateFunctionComponent (http://localhost:3000/_next/static/chunks/node_modules_react-dom_0bruynb._.js:5917:21)
    at beginWork (http://localhost:3000/_next/static/chunks/node_modules_react-dom_0bruynb._.js:6498:24)
    at runWithFiberInDEV (http://localhost:3000/_next/static/chunks/node_modules_react-dom_0bruynb._.js:886:74)
    at performUnitOfWork (http://localhost:3000/_next/static/chunks/node_modules_react-dom_0bruynb._.js:8894:97)
    at workLoopConcurrentByScheduler (http://localhost:3000/_next/static/chunks/node_modules_react-dom_0bruynb._.js:8890:58)
    at renderRootConcurrent (http://localhost:3000/_next/static/chunks/node_modules_react-dom_0bruynb._.js:8873:71)
    at performWorkOnRoot (http://localhost:3000/_next/static/chunks/node_modules_react-dom_0bruynb._.js:8400:150)
    at performWorkOnRootViaSchedulerTask (http://localhost:3000/_next/static/chunks/node_modules_react-dom_0bruynb._.js:9534:9)
    at MessagePort.performWorkUntilDeadline (http://localhost:3000/_next/static/chunks/node_modules_11l9xip._.js:1335:64) @ http://localhost:3000/_next/static/chunks/node_modules_next_dist_0k8zr~w._.js:1945
[   48500ms] [ERROR] Error: You have tried to read "wallet" on a WalletContext without providing one. Make sure to render a WalletProvider as an ancestor of the component that uses WalletContext.
    at logMissingProviderError (http://localhost:3000/_next/static/chunks/node_modules_0e4g8kj._.js:1621:19)
    at Object.get (http://localhost:3000/_next/static/chunks/node_modules_0e4g8kj._.js:1610:9)
    at useWalletMultiButton (http://localhost:3000/_next/static/chunks/node_modules_0e4g8kj._.js:1658:91)
    at BaseWalletMultiButton (http://localhost:3000/_next/static/chunks/node_modules_0e4g8kj._.js:1833:307)
    at Object.react_stack_bottom_frame (http://localhost:3000/_next/static/chunks/node_modules_react-dom_0bruynb._.js:13800:24)
    at renderWithHooks (http://localhost:3000/_next/static/chunks/node_modules_react-dom_0bruynb._.js:4464:24)
    at updateFunctionComponent (http://localhost:3000/_next/static/chunks/node_modules_react-dom_0bruynb._.js:5917:21)
    at beginWork (http://localhost:3000/_next/static/chunks/node_modules_react-dom_0bruynb._.js:6498:24)
    at runWithFiberInDEV (http://localhost:3000/_next/static/chunks/node_modules_react-dom_0bruynb._.js:886:74)
    at performUnitOfWork (http://localhost:3000/_next/static/chunks/node_modules_react-dom_0bruynb._.js:8894:97)
    at workLoopConcurrentByScheduler (http://localhost:3000/_next/static/chunks/node_modules_react-dom_0bruynb._.js:8890:58)
    at renderRootConcurrent (http://localhost:3000/_next/static/chunks/node_modules_react-dom_0bruynb._.js:8873:71)
    at performWorkOnRoot (http://localhost:3000/_next/static/chunks/node_modules_react-dom_0bruynb._.js:8400:150)
    at performWorkOnRootViaSchedulerTask (http://localhost:3000/_next/static/chunks/node_modules_react-dom_0bruynb._.js:9534:9)
    at MessagePort.performWorkUntilDeadline (http://localhost:3000/_next/static/chunks/node_modules_11l9xip._.js:1335:64) @ http://localhost:3000/_next/static/chunks/node_modules_next_dist_0k8zr~w._.js:1945
[   48500ms] [ERROR] Error: You have tried to read "wallets" on a WalletContext without providing one. Make sure to render a WalletProvider as an ancestor of the component that uses WalletContext.
    at logMissingProviderError (http://localhost:3000/_next/static/chunks/node_modules_0e4g8kj._.js:1621:19)
    at Object.get (http://localhost:3000/_next/static/chunks/node_modules_0e4g8kj._.js:1604:9)
    at useWalletMultiButton (http://localhost:3000/_next/static/chunks/node_modules_0e4g8kj._.js:1658:99)
    at BaseWalletMultiButton (http://localhost:3000/_next/static/chunks/node_modules_0e4g8kj._.js:1833:307)
    at Object.react_stack_bottom_frame (http://localhost:3000/_next/static/chunks/node_modules_react-dom_0bruynb._.js:13800:24)
    at renderWithHooks (http://localhost:3000/_next/static/chunks/node_modules_react-dom_0bruynb._.js:4464:24)
    at updateFunctionComponent (http://localhost:3000/_next/static/chunks/node_modules_react-dom_0bruynb._.js:5917:21)
    at beginWork (http://localhost:3000/_next/static/chunks/node_modules_react-dom_0bruynb._.js:6498:24)
    at runWithFiberInDEV (http://localhost:3000/_next/static/chunks/node_modules_react-dom_0bruynb._.js:886:74)
    at performUnitOfWork (http://localhost:3000/_next/static/chunks/node_modules_react-dom_0bruynb._.js:8894:97)
    at workLoopConcurrentByScheduler (http://localhost:3000/_next/static/chunks/node_modules_react-dom_0bruynb._.js:8890:58)
    at renderRootConcurrent (http://localhost:3000/_next/static/chunks/node_modules_react-dom_0bruynb._.js:8873:71)
    at performWorkOnRoot (http://localhost:3000/_next/static/chunks/node_modules_react-dom_0bruynb._.js:8400:150)
    at performWorkOnRootViaSchedulerTask (http://localhost:3000/_next/static/chunks/node_modules_react-dom_0bruynb._.js:9534:9)
    at MessagePort.performWorkUntilDeadline (http://localhost:3000/_next/static/chunks/node_modules_11l9xip._.js:1335:64) @ http://localhost:3000/_next/static/chunks/node_modules_next_dist_0k8zr~w._.js:1945
[   48501ms] [ERROR] Error: You have tried to read "publicKey" on a WalletContext without providing one. Make sure to render a WalletProvider as an ancestor of the component that uses WalletContext.
    at logMissingProviderError (http://localhost:3000/_next/static/chunks/node_modules_0e4g8kj._.js:1621:19)
    at Object.get (http://localhost:3000/_next/static/chunks/node_modules_0e4g8kj._.js:1616:9)
    at useWalletMultiButton (http://localhost:3000/_next/static/chunks/node_modules_0e4g8kj._.js:1658:72)
    at BaseWalletMultiButton (http://localhost:3000/_next/static/chunks/node_modules_0e4g8kj._.js:1833:307)
    at Object.react_stack_bottom_frame (http://localhost:3000/_next/static/chunks/node_modules_react-dom_0bruynb._.js:13800:24)
    at renderWithHooksAgain (http://localhost:3000/_next/static/chunks/node_modules_react-dom_0bruynb._.js:4519:24)
    at renderWithHooks (http://localhost:3000/_next/static/chunks/node_modules_react-dom_0bruynb._.js:4470:28)
    at updateFunctionComponent (http://localhost:3000/_next/static/chunks/node_modules_react-dom_0bruynb._.js:5917:21)
    at beginWork (http://localhost:3000/_next/static/chunks/node_modules_react-dom_0bruynb._.js:6498:24)
    at runWithFiberInDEV (http://localhost:3000/_next/static/chunks/node_modules_react-dom_0bruynb._.js:886:74)
    at performUnitOfWork (http://localhost:3000/_next/static/chunks/node_modules_react-dom_0bruynb._.js:8894:97)
    at workLoopConcurrentByScheduler (http://localhost:3000/_next/static/chunks/node_modules_react-dom_0bruynb._.js:8890:58)
    at renderRootConcurrent (http://localhost:3000/_next/static/chunks/node_modules_react-dom_0bruynb._.js:8873:71)
    at performWorkOnRoot (http://localhost:3000/_next/static/chunks/node_modules_react-dom_0bruynb._.js:8400:150)
    at performWorkOnRootViaSchedulerTask (http://localhost:3000/_next/static/chunks/node_modules_react-dom_0bruynb._.js:9534:9)
    at MessagePort.performWorkUntilDeadline (http://localhost:3000/_next/static/chunks/node_modules_11l9xip._.js:1335:64) @ http://localhost:3000/_next/static/chunks/node_modules_next_dist_0k8zr~w._.js:1945
[   48501ms] [ERROR] Error: You have tried to read "wallet" on a WalletContext without providing one. Make sure to render a WalletProvider as an ancestor of the component that uses WalletContext.
    at logMissingProviderError (http://localhost:3000/_next/static/chunks/node_modules_0e4g8kj._.js:1621:19)
    at Object.get (http://localhost:3000/_next/static/chunks/node_modules_0e4g8kj._.js:1610:9)
    at useWalletMultiButton (http://localhost:3000/_next/static/chunks/node_modules_0e4g8kj._.js:1658:91)
    at BaseWalletMultiButton (http://localhost:3000/_next/static/chunks/node_modules_0e4g8kj._.js:1833:307)
    at Object.react_stack_bottom_frame (http://localhost:3000/_next/static/chunks/node_modules_react-dom_0bruynb._.js:13800:24)
    at renderWithHooksAgain (http://localhost:3000/_next/static/chunks/node_modules_react-dom_0bruynb._.js:4519:24)
    at renderWithHooks (http://localhost:3000/_next/static/chunks/node_modules_react-dom_0bruynb._.js:4470:28)
    at updateFunctionComponent (http://localhost:3000/_next/static/chunks/node_modules_react-dom_0bruynb._.js:5917:21)
    at beginWork (http://localhost:3000/_next/static/chunks/node_modules_react-dom_0bruynb._.js:6498:24)
    at runWithFiberInDEV (http://localhost:3000/_next/static/chunks/node_modules_react-dom_0bruynb._.js:886:74)
    at performUnitOfWork (http://localhost:3000/_next/static/chunks/node_modules_react-dom_0bruynb._.js:8894:97)
    at workLoopConcurrentByScheduler (http://localhost:3000/_next/static/chunks/node_modules_react-dom_0bruynb._.js:8890:58)
    at renderRootConcurrent (http://localhost:3000/_next/static/chunks/node_modules_react-dom_0bruynb._.js:8873:71)
    at performWorkOnRoot (http://localhost:3000/_next/static/chunks/node_modules_react-dom_0bruynb._.js:8400:150)
    at performWorkOnRootViaSchedulerTask (http://localhost:3000/_next/static/chunks/node_modules_react-dom_0bruynb._.js:9534:9)
    at MessagePort.performWorkUntilDeadline (http://localhost:3000/_next/static/chunks/node_modules_11l9xip._.js:1335:64) @ http://localhost:3000/_next/static/chunks/node_modules_next_dist_0k8zr~w._.js:1945
[   48501ms] [ERROR] Error: You have tried to read "wallets" on a WalletContext without providing one. Make sure to render a WalletProvider as an ancestor of the component that uses WalletContext.
    at logMissingProviderError (http://localhost:3000/_next/static/chunks/node_modules_0e4g8kj._.js:1621:19)
    at Object.get (http://localhost:3000/_next/static/chunks/node_modules_0e4g8kj._.js:1604:9)
    at useWalletMultiButton (http://localhost:3000/_next/static/chunks/node_modules_0e4g8kj._.js:1658:99)
    at BaseWalletMultiButton (http://localhost:3000/_next/static/chunks/node_modules_0e4g8kj._.js:1833:307)
    at Object.react_stack_bottom_frame (http://localhost:3000/_next/static/chunks/node_modules_react-dom_0bruynb._.js:13800:24)
    at renderWithHooksAgain (http://localhost:3000/_next/static/chunks/node_modules_react-dom_0bruynb._.js:4519:24)
    at renderWithHooks (http://localhost:3000/_next/static/chunks/node_modules_react-dom_0bruynb._.js:4470:28)
    at updateFunctionComponent (http://localhost:3000/_next/static/chunks/node_modules_react-dom_0bruynb._.js:5917:21)
    at beginWork (http://localhost:3000/_next/static/chunks/node_modules_react-dom_0bruynb._.js:6498:24)
    at runWithFiberInDEV (http://localhost:3000/_next/static/chunks/node_modules_react-dom_0bruynb._.js:886:74)
    at performUnitOfWork (http://localhost:3000/_next/static/chunks/node_modules_react-dom_0bruynb._.js:8894:97)
    at workLoopConcurrentByScheduler (http://localhost:3000/_next/static/chunks/node_modules_react-dom_0bruynb._.js:8890:58)
    at renderRootConcurrent (http://localhost:3000/_next/static/chunks/node_modules_react-dom_0bruynb._.js:8873:71)
    at performWorkOnRoot (http://localhost:3000/_next/static/chunks/node_modules_react-dom_0bruynb._.js:8400:150)
    at performWorkOnRootViaSchedulerTask (http://localhost:3000/_next/static/chunks/node_modules_react-dom_0bruynb._.js:9534:9)
    at MessagePort.performWorkUntilDeadline (http://localhost:3000/_next/static/chunks/node_modules_11l9xip._.js:1335:64) @ http://localhost:3000/_next/static/chunks/node_modules_next_dist_0k8zr~w._.js:1945
[   48502ms] [ERROR] Error: You have tried to read "publicKey" on a WalletContext without providing one. Make sure to render a WalletProvider as an ancestor of the component that uses WalletContext.
    at logMissingProviderError (http://localhost:3000/_next/static/chunks/node_modules_0e4g8kj._.js:1621:19)
    at Object.get (http://localhost:3000/_next/static/chunks/node_modules_0e4g8kj._.js:1616:9)
    at PlaceBetModal (http://localhost:3000/_next/static/chunks/%5Broot-of-the-server%5D__01pr~vt._.js:2453:13)
    at Object.react_stack_bottom_frame (http://localhost:3000/_next/static/chunks/node_modules_react-dom_0bruynb._.js:13800:24)
    at renderWithHooks (http://localhost:3000/_next/static/chunks/node_modules_react-dom_0bruynb._.js:4464:24)
    at updateFunctionComponent (http://localhost:3000/_next/static/chunks/node_modules_react-dom_0bruynb._.js:5917:21)
    at beginWork (http://localhost:3000/_next/static/chunks/node_modules_react-dom_0bruynb._.js:6498:24)
    at runWithFiberInDEV (http://localhost:3000/_next/static/chunks/node_modules_react-dom_0bruynb._.js:886:74)
    at performUnitOfWork (http://localhost:3000/_next/static/chunks/node_modules_react-dom_0bruynb._.js:8894:97)
    at workLoopConcurrentByScheduler (http://localhost:3000/_next/static/chunks/node_modules_react-dom_0bruynb._.js:8890:58)
    at renderRootConcurrent (http://localhost:3000/_next/static/chunks/node_modules_react-dom_0bruynb._.js:8873:71)
    at performWorkOnRoot (http://localhost:3000/_next/static/chunks/node_modules_react-dom_0bruynb._.js:8400:150)
    at performWorkOnRootViaSchedulerTask (http://localhost:3000/_next/static/chunks/node_modules_react-dom_0bruynb._.js:9534:9)
    at MessagePort.performWorkUntilDeadline (http://localhost:3000/_next/static/chunks/node_modules_11l9xip._.js:1335:64) @ http://localhost:3000/_next/static/chunks/node_modules_next_dist_0k8zr~w._.js:1945
[   48502ms] [ERROR] Error: You have tried to read "publicKey" on a WalletContext without providing one. Make sure to render a WalletProvider as an ancestor of the component that uses WalletContext.
    at logMissingProviderError (http://localhost:3000/_next/static/chunks/node_modules_0e4g8kj._.js:1621:19)
    at Object.get (http://localhost:3000/_next/static/chunks/node_modules_0e4g8kj._.js:1616:9)
    at usePlaceBet (http://localhost:3000/_next/static/chunks/%5Broot-of-the-server%5D__01pr~vt._.js:2301:13)
    at PlaceBetModal (http://localhost:3000/_next/static/chunks/%5Broot-of-the-server%5D__01pr~vt._.js:2460:166)
    at Object.react_stack_bottom_frame (http://localhost:3000/_next/static/chunks/node_modules_react-dom_0bruynb._.js:13800:24)
    at renderWithHooks (http://localhost:3000/_next/static/chunks/node_modules_react-dom_0bruynb._.js:4464:24)
    at updateFunctionComponent (http://localhost:3000/_next/static/chunks/node_modules_react-dom_0bruynb._.js:5917:21)
    at beginWork (http://localhost:3000/_next/static/chunks/node_modules_react-dom_0bruynb._.js:6498:24)
    at runWithFiberInDEV (http://localhost:3000/_next/static/chunks/node_modules_react-dom_0bruynb._.js:886:74)
    at performUnitOfWork (http://localhost:3000/_next/static/chunks/node_modules_react-dom_0bruynb._.js:8894:97)
    at workLoopConcurrentByScheduler (http://localhost:3000/_next/static/chunks/node_modules_react-dom_0bruynb._.js:8890:58)
    at renderRootConcurrent (http://localhost:3000/_next/static/chunks/node_modules_react-dom_0bruynb._.js:8873:71)
    at performWorkOnRoot (http://localhost:3000/_next/static/chunks/node_modules_react-dom_0bruynb._.js:8400:150)
    at performWorkOnRootViaSchedulerTask (http://localhost:3000/_next/static/chunks/node_modules_react-dom_0bruynb._.js:9534:9)
    at MessagePort.performWorkUntilDeadline (http://localhost:3000/_next/static/chunks/node_modules_11l9xip._.js:1335:64) @ http://localhost:3000/_next/static/chunks/node_modules_next_dist_0k8zr~w._.js:1945
[   48502ms] [ERROR] Error: You have tried to read "publicKey" on a WalletContext without providing one. Make sure to render a WalletProvider as an ancestor of the component that uses WalletContext.
    at logMissingProviderError (http://localhost:3000/_next/static/chunks/node_modules_0e4g8kj._.js:1621:19)
    at Object.get (http://localhost:3000/_next/static/chunks/node_modules_0e4g8kj._.js:1616:9)
    at PlaceBetModal (http://localhost:3000/_next/static/chunks/%5Broot-of-the-server%5D__01pr~vt._.js:2453:13)
    at Object.react_stack_bottom_frame (http://localhost:3000/_next/static/chunks/node_modules_react-dom_0bruynb._.js:13800:24)
    at renderWithHooksAgain (http://localhost:3000/_next/static/chunks/node_modules_react-dom_0bruynb._.js:4519:24)
    at renderWithHooks (http://localhost:3000/_next/static/chunks/node_modules_react-dom_0bruynb._.js:4470:28)
    at updateFunctionComponent (http://localhost:3000/_next/static/chunks/node_modules_react-dom_0bruynb._.js:5917:21)
    at beginWork (http://localhost:3000/_next/static/chunks/node_modules_react-dom_0bruynb._.js:6498:24)
    at runWithFiberInDEV (http://localhost:3000/_next/static/chunks/node_modules_react-dom_0bruynb._.js:886:74)
    at performUnitOfWork (http://localhost:3000/_next/static/chunks/node_modules_react-dom_0bruynb._.js:8894:97)
    at workLoopConcurrentByScheduler (http://localhost:3000/_next/static/chunks/node_modules_react-dom_0bruynb._.js:8890:58)
    at renderRootConcurrent (http://localhost:3000/_next/static/chunks/node_modules_react-dom_0bruynb._.js:8873:71)
    at performWorkOnRoot (http://localhost:3000/_next/static/chunks/node_modules_react-dom_0bruynb._.js:8400:150)
    at performWorkOnRootViaSchedulerTask (http://localhost:3000/_next/static/chunks/node_modules_react-dom_0bruynb._.js:9534:9)
    at MessagePort.performWorkUntilDeadline (http://localhost:3000/_next/static/chunks/node_modules_11l9xip._.js:1335:64) @ http://localhost:3000/_next/static/chunks/node_modules_next_dist_0k8zr~w._.js:1945
[   48502ms] [ERROR] Error: You have tried to read "publicKey" on a WalletContext without providing one. Make sure to render a WalletProvider as an ancestor of the component that uses WalletContext.
    at logMissingProviderError (http://localhost:3000/_next/static/chunks/node_modules_0e4g8kj._.js:1621:19)
    at Object.get (http://localhost:3000/_next/static/chunks/node_modules_0e4g8kj._.js:1616:9)
    at usePlaceBet (http://localhost:3000/_next/static/chunks/%5Broot-of-the-server%5D__01pr~vt._.js:2301:13)
    at PlaceBetModal (http://localhost:3000/_next/static/chunks/%5Broot-of-the-server%5D__01pr~vt._.js:2460:166)
    at Object.react_stack_bottom_frame (http://localhost:3000/_next/static/chunks/node_modules_react-dom_0bruynb._.js:13800:24)
    at renderWithHooksAgain (http://localhost:3000/_next/static/chunks/node_modules_react-dom_0bruynb._.js:4519:24)
    at renderWithHooks (http://localhost:3000/_next/static/chunks/node_modules_react-dom_0bruynb._.js:4470:28)
    at updateFunctionComponent (http://localhost:3000/_next/static/chunks/node_modules_react-dom_0bruynb._.js:5917:21)
    at beginWork (http://localhost:3000/_next/static/chunks/node_modules_react-dom_0bruynb._.js:6498:24)
    at runWithFiberInDEV (http://localhost:3000/_next/static/chunks/node_modules_react-dom_0bruynb._.js:886:74)
    at performUnitOfWork (http://localhost:3000/_next/static/chunks/node_modules_react-dom_0bruynb._.js:8894:97)
    at workLoopConcurrentByScheduler (http://localhost:3000/_next/static/chunks/node_modules_react-dom_0bruynb._.js:8890:58)
    at renderRootConcurrent (http://localhost:3000/_next/static/chunks/node_modules_react-dom_0bruynb._.js:8873:71)
    at performWorkOnRoot (http://localhost:3000/_next/static/chunks/node_modules_react-dom_0bruynb._.js:8400:150)
    at performWorkOnRootViaSchedulerTask (http://localhost:3000/_next/static/chunks/node_modules_react-dom_0bruynb._.js:9534:9)
    at MessagePort.performWorkUntilDeadline (http://localhost:3000/_next/static/chunks/node_modules_11l9xip._.js:1335:64) @ http://localhost:3000/_next/static/chunks/node_modules_next_dist_0k8zr~w._.js:1945
[   48524ms] [ERROR] Error: You have tried to read "publicKey" on a WalletContext without providing one. Make sure to render a WalletProvider as an ancestor of the component that uses WalletContext.
    at logMissingProviderError (http://localhost:3000/_next/static/chunks/node_modules_0e4g8kj._.js:1621:19)
    at Object.get (http://localhost:3000/_next/static/chunks/node_modules_0e4g8kj._.js:1616:9)
    at SolanaConnectWallet (http://localhost:3000/_next/static/chunks/%5Broot-of-the-server%5D__01pr~vt._.js:486:13)
    at Object.react_stack_bottom_frame (http://localhost:3000/_next/static/chunks/node_modules_react-dom_0bruynb._.js:13800:24)
    at renderWithHooks (http://localhost:3000/_next/static/chunks/node_modules_react-dom_0bruynb._.js:4464:24)
    at updateFunctionComponent (http://localhost:3000/_next/static/chunks/node_modules_react-dom_0bruynb._.js:5917:21)
    at beginWork (http://localhost:3000/_next/static/chunks/node_modules_react-dom_0bruynb._.js:6498:24)
    at runWithFiberInDEV (http://localhost:3000/_next/static/chunks/node_modules_react-dom_0bruynb._.js:886:74)
    at performUnitOfWork (http://localhost:3000/_next/static/chunks/node_modules_react-dom_0bruynb._.js:8894:97)
    at workLoopSync (http://localhost:3000/_next/static/chunks/node_modules_react-dom_0bruynb._.js:8788:40)
    at renderRootSync (http://localhost:3000/_next/static/chunks/node_modules_react-dom_0bruynb._.js:8772:13)
    at performWorkOnRoot (http://localhost:3000/_next/static/chunks/node_modules_react-dom_0bruynb._.js:8400:186)
    at performWorkOnRootViaSchedulerTask (http://localhost:3000/_next/static/chunks/node_modules_react-dom_0bruynb._.js:9534:9)
    at MessagePort.performWorkUntilDeadline (http://localhost:3000/_next/static/chunks/node_modules_11l9xip._.js:1335:64) @ http://localhost:3000/_next/static/chunks/node_modules_next_dist_0k8zr~w._.js:1945
[   48525ms] [ERROR] Error: You have tried to read "publicKey" on a WalletContext without providing one. Make sure to render a WalletProvider as an ancestor of the component that uses WalletContext.
    at logMissingProviderError (http://localhost:3000/_next/static/chunks/node_modules_0e4g8kj._.js:1621:19)
    at Object.get (http://localhost:3000/_next/static/chunks/node_modules_0e4g8kj._.js:1616:9)
    at SolanaConnectWallet (http://localhost:3000/_next/static/chunks/%5Broot-of-the-server%5D__01pr~vt._.js:486:13)
    at Object.react_stack_bottom_frame (http://localhost:3000/_next/static/chunks/node_modules_react-dom_0bruynb._.js:13800:24)
    at renderWithHooksAgain (http://localhost:3000/_next/static/chunks/node_modules_react-dom_0bruynb._.js:4519:24)
    at renderWithHooks (http://localhost:3000/_next/static/chunks/node_modules_react-dom_0bruynb._.js:4470:28)
    at updateFunctionComponent (http://localhost:3000/_next/static/chunks/node_modules_react-dom_0bruynb._.js:5917:21)
    at beginWork (http://localhost:3000/_next/static/chunks/node_modules_react-dom_0bruynb._.js:6498:24)
    at runWithFiberInDEV (http://localhost:3000/_next/static/chunks/node_modules_react-dom_0bruynb._.js:886:74)
    at performUnitOfWork (http://localhost:3000/_next/static/chunks/node_modules_react-dom_0bruynb._.js:8894:97)
    at workLoopSync (http://localhost:3000/_next/static/chunks/node_modules_react-dom_0bruynb._.js:8788:40)
    at renderRootSync (http://localhost:3000/_next/static/chunks/node_modules_react-dom_0bruynb._.js:8772:13)
    at performWorkOnRoot (http://localhost:3000/_next/static/chunks/node_modules_react-dom_0bruynb._.js:8400:186)
    at performWorkOnRootViaSchedulerTask (http://localhost:3000/_next/static/chunks/node_modules_react-dom_0bruynb._.js:9534:9)
    at MessagePort.performWorkUntilDeadline (http://localhost:3000/_next/static/chunks/node_modules_11l9xip._.js:1335:64) @ http://localhost:3000/_next/static/chunks/node_modules_next_dist_0k8zr~w._.js:1945
[   48525ms] [ERROR] Error: You have tried to read "publicKey" on a WalletContext without providing one. Make sure to render a WalletProvider as an ancestor of the component that uses WalletContext.
    at logMissingProviderError (http://localhost:3000/_next/static/chunks/node_modules_0e4g8kj._.js:1621:19)
    at Object.get (http://localhost:3000/_next/static/chunks/node_modules_0e4g8kj._.js:1616:9)
    at useWalletMultiButton (http://localhost:3000/_next/static/chunks/node_modules_0e4g8kj._.js:1658:72)
    at BaseWalletMultiButton (http://localhost:3000/_next/static/chunks/node_modules_0e4g8kj._.js:1833:307)
    at Object.react_stack_bottom_frame (http://localhost:3000/_next/static/chunks/node_modules_react-dom_0bruynb._.js:13800:24)
    at renderWithHooks (http://localhost:3000/_next/static/chunks/node_modules_react-dom_0bruynb._.js:4464:24)
    at updateFunctionComponent (http://localhost:3000/_next/static/chunks/node_modules_react-dom_0bruynb._.js:5917:21)
    at beginWork (http://localhost:3000/_next/static/chunks/node_modules_react-dom_0bruynb._.js:6498:24)
    at runWithFiberInDEV (http://localhost:3000/_next/static/chunks/node_modules_react-dom_0bruynb._.js:886:74)
    at performUnitOfWork (http://localhost:3000/_next/static/chunks/node_modules_react-dom_0bruynb._.js:8894:97)
    at workLoopSync (http://localhost:3000/_next/static/chunks/node_modules_react-dom_0bruynb._.js:8788:40)
    at renderRootSync (http://localhost:3000/_next/static/chunks/node_modules_react-dom_0bruynb._.js:8772:13)
    at performWorkOnRoot (http://localhost:3000/_next/static/chunks/node_modules_react-dom_0bruynb._.js:8400:186)
    at performWorkOnRootViaSchedulerTask (http://localhost:3000/_next/static/chunks/node_modules_react-dom_0bruynb._.js:9534:9)
    at MessagePort.performWorkUntilDeadline (http://localhost:3000/_next/static/chunks/node_modules_11l9xip._.js:1335:64) @ http://localhost:3000/_next/static/chunks/node_modules_next_dist_0k8zr~w._.js:1945
[   48525ms] [ERROR] Error: You have tried to read "wallet" on a WalletContext without providing one. Make sure to render a WalletProvider as an ancestor of the component that uses WalletContext.
    at logMissingProviderError (http://localhost:3000/_next/static/chunks/node_modules_0e4g8kj._.js:1621:19)
    at Object.get (http://localhost:3000/_next/static/chunks/node_modules_0e4g8kj._.js:1610:9)
    at useWalletMultiButton (http://localhost:3000/_next/static/chunks/node_modules_0e4g8kj._.js:1658:91)
    at BaseWalletMultiButton (http://localhost:3000/_next/static/chunks/node_modules_0e4g8kj._.js:1833:307)
    at Object.react_stack_bottom_frame (http://localhost:3000/_next/static/chunks/node_modules_react-dom_0bruynb._.js:13800:24)
    at renderWithHooks (http://localhost:3000/_next/static/chunks/node_modules_react-dom_0bruynb._.js:4464:24)
    at updateFunctionComponent (http://localhost:3000/_next/static/chunks/node_modules_react-dom_0bruynb._.js:5917:21)
    at beginWork (http://localhost:3000/_next/static/chunks/node_modules_react-dom_0bruynb._.js:6498:24)
    at runWithFiberInDEV (http://localhost:3000/_next/static/chunks/node_modules_react-dom_0bruynb._.js:886:74)
    at performUnitOfWork (http://localhost:3000/_next/static/chunks/node_modules_react-dom_0bruynb._.js:8894:97)
    at workLoopSync (http://localhost:3000/_next/static/chunks/node_modules_react-dom_0bruynb._.js:8788:40)
    at renderRootSync (http://localhost:3000/_next/static/chunks/node_modules_react-dom_0bruynb._.js:8772:13)
    at performWorkOnRoot (http://localhost:3000/_next/static/chunks/node_modules_react-dom_0bruynb._.js:8400:186)
    at performWorkOnRootViaSchedulerTask (http://localhost:3000/_next/static/chunks/node_modules_react-dom_0bruynb._.js:9534:9)
    at MessagePort.performWorkUntilDeadline (http://localhost:3000/_next/static/chunks/node_modules_11l9xip._.js:1335:64) @ http://localhost:3000/_next/static/chunks/node_modules_next_dist_0k8zr~w._.js:1945
[   48525ms] [ERROR] Error: You have tried to read "wallets" on a WalletContext without providing one. Make sure to render a WalletProvider as an ancestor of the component that uses WalletContext.
    at logMissingProviderError (http://localhost:3000/_next/static/chunks/node_modules_0e4g8kj._.js:1621:19)
    at Object.get (http://localhost:3000/_next/static/chunks/node_modules_0e4g8kj._.js:1604:9)
    at useWalletMultiButton (http://localhost:3000/_next/static/chunks/node_modules_0e4g8kj._.js:1658:99)
    at BaseWalletMultiButton (http://localhost:3000/_next/static/chunks/node_modules_0e4g8kj._.js:1833:307)
    at Object.react_stack_bottom_frame (http://localhost:3000/_next/static/chunks/node_modules_react-dom_0bruynb._.js:13800:24)
    at renderWithHooks (http://localhost:3000/_next/static/chunks/node_modules_react-dom_0bruynb._.js:4464:24)
    at updateFunctionComponent (http://localhost:3000/_next/static/chunks/node_modules_react-dom_0bruynb._.js:5917:21)
    at beginWork (http://localhost:3000/_next/static/chunks/node_modules_react-dom_0bruynb._.js:6498:24)
    at runWithFiberInDEV (http://localhost:3000/_next/static/chunks/node_modules_react-dom_0bruynb._.js:886:74)
    at performUnitOfWork (http://localhost:3000/_next/static/chunks/node_modules_react-dom_0bruynb._.js:8894:97)
    at workLoopSync (http://localhost:3000/_next/static/chunks/node_modules_react-dom_0bruynb._.js:8788:40)
    at renderRootSync (http://localhost:3000/_next/static/chunks/node_modules_react-dom_0bruynb._.js:8772:13)
    at performWorkOnRoot (http://localhost:3000/_next/static/chunks/node_modules_react-dom_0bruynb._.js:8400:186)
    at performWorkOnRootViaSchedulerTask (http://localhost:3000/_next/static/chunks/node_modules_react-dom_0bruynb._.js:9534:9)
    at MessagePort.performWorkUntilDeadline (http://localhost:3000/_next/static/chunks/node_modules_11l9xip._.js:1335:64) @ http://localhost:3000/_next/static/chunks/node_modules_next_dist_0k8zr~w._.js:1945
[   48525ms] [ERROR] Error: You have tried to read "publicKey" on a WalletContext without providing one. Make sure to render a WalletProvider as an ancestor of the component that uses WalletContext.
    at logMissingProviderError (http://localhost:3000/_next/static/chunks/node_modules_0e4g8kj._.js:1621:19)
    at Object.get (http://localhost:3000/_next/static/chunks/node_modules_0e4g8kj._.js:1616:9)
    at useWalletMultiButton (http://localhost:3000/_next/static/chunks/node_modules_0e4g8kj._.js:1658:72)
    at BaseWalletMultiButton (http://localhost:3000/_next/static/chunks/node_modules_0e4g8kj._.js:1833:307)
    at Object.react_stack_bottom_frame (http://localhost:3000/_next/static/chunks/node_modules_react-dom_0bruynb._.js:13800:24)
    at renderWithHooksAgain (http://localhost:3000/_next/static/chunks/node_modules_react-dom_0bruynb._.js:4519:24)
    at renderWithHooks (http://localhost:3000/_next/static/chunks/node_modules_react-dom_0bruynb._.js:4470:28)
    at updateFunctionComponent (http://localhost:3000/_next/static/chunks/node_modules_react-dom_0bruynb._.js:5917:21)
    at beginWork (http://localhost:3000/_next/static/chunks/node_modules_react-dom_0bruynb._.js:6498:24)
    at runWithFiberInDEV (http://localhost:3000/_next/static/chunks/node_modules_react-dom_0bruynb._.js:886:74)
    at performUnitOfWork (http://localhost:3000/_next/static/chunks/node_modules_react-dom_0bruynb._.js:8894:97)
    at workLoopSync (http://localhost:3000/_next/static/chunks/node_modules_react-dom_0bruynb._.js:8788:40)
    at renderRootSync (http://localhost:3000/_next/static/chunks/node_modules_react-dom_0bruynb._.js:8772:13)
    at performWorkOnRoot (http://localhost:3000/_next/static/chunks/node_modules_react-dom_0bruynb._.js:8400:186)
    at performWorkOnRootViaSchedulerTask (http://localhost:3000/_next/static/chunks/node_modules_react-dom_0bruynb._.js:9534:9)
    at MessagePort.performWorkUntilDeadline (http://localhost:3000/_next/static/chunks/node_modules_11l9xip._.js:1335:64) @ http://localhost:3000/_next/static/chunks/node_modules_next_dist_0k8zr~w._.js:1945
[   48525ms] [ERROR] Error: You have tried to read "wallet" on a WalletContext without providing one. Make sure to render a WalletProvider as an ancestor of the component that uses WalletContext.
    at logMissingProviderError (http://localhost:3000/_next/static/chunks/node_modules_0e4g8kj._.js:1621:19)
    at Object.get (http://localhost:3000/_next/static/chunks/node_modules_0e4g8kj._.js:1610:9)
    at useWalletMultiButton (http://localhost:3000/_next/static/chunks/node_modules_0e4g8kj._.js:1658:91)
    at BaseWalletMultiButton (http://localhost:3000/_next/static/chunks/node_modules_0e4g8kj._.js:1833:307)
    at Object.react_stack_bottom_frame (http://localhost:3000/_next/static/chunks/node_modules_react-dom_0bruynb._.js:13800:24)
    at renderWithHooksAgain (http://localhost:3000/_next/static/chunks/node_modules_react-dom_0bruynb._.js:4519:24)
    at renderWithHooks (http://localhost:3000/_next/static/chunks/node_modules_react-dom_0bruynb._.js:4470:28)
    at updateFunctionComponent (http://localhost:3000/_next/static/chunks/node_modules_react-dom_0bruynb._.js:5917:21)
    at beginWork (http://localhost:3000/_next/static/chunks/node_modules_react-dom_0bruynb._.js:6498:24)
    at runWithFiberInDEV (http://localhost:3000/_next/static/chunks/node_modules_react-dom_0bruynb._.js:886:74)
    at performUnitOfWork (http://localhost:3000/_next/static/chunks/node_modules_react-dom_0bruynb._.js:8894:97)
    at workLoopSync (http://localhost:3000/_next/static/chunks/node_modules_react-dom_0bruynb._.js:8788:40)
    at renderRootSync (http://localhost:3000/_next/static/chunks/node_modules_react-dom_0bruynb._.js:8772:13)
    at performWorkOnRoot (http://localhost:3000/_next/static/chunks/node_modules_react-dom_0bruynb._.js:8400:186)
    at performWorkOnRootViaSchedulerTask (http://localhost:3000/_next/static/chunks/node_modules_react-dom_0bruynb._.js:9534:9)
    at MessagePort.performWorkUntilDeadline (http://localhost:3000/_next/static/chunks/node_modules_11l9xip._.js:1335:64) @ http://localhost:3000/_next/static/chunks/node_modules_next_dist_0k8zr~w._.js:1945
[   48525ms] [ERROR] Error: You have tried to read "wallets" on a WalletContext without providing one. Make sure to render a WalletProvider as an ancestor of the component that uses WalletContext.
    at logMissingProviderError (http://localhost:3000/_next/static/chunks/node_modules_0e4g8kj._.js:1621:19)
    at Object.get (http://localhost:3000/_next/static/chunks/node_modules_0e4g8kj._.js:1604:9)
    at useWalletMultiButton (http://localhost:3000/_next/static/chunks/node_modules_0e4g8kj._.js:1658:99)
    at BaseWalletMultiButton (http://localhost:3000/_next/static/chunks/node_modules_0e4g8kj._.js:1833:307)
    at Object.react_stack_bottom_frame (http://localhost:3000/_next/static/chunks/node_modules_react-dom_0bruynb._.js:13800:24)
    at renderWithHooksAgain (http://localhost:3000/_next/static/chunks/node_modules_react-dom_0bruynb._.js:4519:24)
    at renderWithHooks (http://localhost:3000/_next/static/chunks/node_modules_react-dom_0bruynb._.js:4470:28)
    at updateFunctionComponent (http://localhost:3000/_next/static/chunks/node_modules_react-dom_0bruynb._.js:5917:21)
    at beginWork (http://localhost:3000/_next/static/chunks/node_modules_react-dom_0bruynb._.js:6498:24)
    at runWithFiberInDEV (http://localhost:3000/_next/static/chunks/node_modules_react-dom_0bruynb._.js:886:74)
    at performUnitOfWork (http://localhost:3000/_next/static/chunks/node_modules_react-dom_0bruynb._.js:8894:97)
    at workLoopSync (http://localhost:3000/_next/static/chunks/node_modules_react-dom_0bruynb._.js:8788:40)
    at renderRootSync (http://localhost:3000/_next/static/chunks/node_modules_react-dom_0bruynb._.js:8772:13)
    at performWorkOnRoot (http://localhost:3000/_next/static/chunks/node_modules_react-dom_0bruynb._.js:8400:186)
    at performWorkOnRootViaSchedulerTask (http://localhost:3000/_next/static/chunks/node_modules_react-dom_0bruynb._.js:9534:9)
    at MessagePort.performWorkUntilDeadline (http://localhost:3000/_next/static/chunks/node_modules_11l9xip._.js:1335:64) @ http://localhost:3000/_next/static/chunks/node_modules_next_dist_0k8zr~w._.js:1945
[   48526ms] [ERROR] Error: You have tried to read "publicKey" on a WalletContext without providing one. Make sure to render a WalletProvider as an ancestor of the component that uses WalletContext.
    at logMissingProviderError (http://localhost:3000/_next/static/chunks/node_modules_0e4g8kj._.js:1621:19)
    at Object.get (http://localhost:3000/_next/static/chunks/node_modules_0e4g8kj._.js:1616:9)
    at PlaceBetModal (http://localhost:3000/_next/static/chunks/%5Broot-of-the-server%5D__01pr~vt._.js:2453:13)
    at Object.react_stack_bottom_frame (http://localhost:3000/_next/static/chunks/node_modules_react-dom_0bruynb._.js:13800:24)
    at renderWithHooks (http://localhost:3000/_next/static/chunks/node_modules_react-dom_0bruynb._.js:4464:24)
    at updateFunctionComponent (http://localhost:3000/_next/static/chunks/node_modules_react-dom_0bruynb._.js:5917:21)
    at beginWork (http://localhost:3000/_next/static/chunks/node_modules_react-dom_0bruynb._.js:6498:24)
    at runWithFiberInDEV (http://localhost:3000/_next/static/chunks/node_modules_react-dom_0bruynb._.js:886:74)
    at performUnitOfWork (http://localhost:3000/_next/static/chunks/node_modules_react-dom_0bruynb._.js:8894:97)
    at workLoopSync (http://localhost:3000/_next/static/chunks/node_modules_react-dom_0bruynb._.js:8788:40)
    at renderRootSync (http://localhost:3000/_next/static/chunks/node_modules_react-dom_0bruynb._.js:8772:13)
    at performWorkOnRoot (http://localhost:3000/_next/static/chunks/node_modules_react-dom_0bruynb._.js:8400:186)
    at performWorkOnRootViaSchedulerTask (http://localhost:3000/_next/static/chunks/node_modules_react-dom_0bruynb._.js:9534:9)
    at MessagePort.performWorkUntilDeadline (http://localhost:3000/_next/static/chunks/node_modules_11l9xip._.js:1335:64) @ http://localhost:3000/_next/static/chunks/node_modules_next_dist_0k8zr~w._.js:1945
[   48526ms] [ERROR] Error: You have tried to read "publicKey" on a WalletContext without providing one. Make sure to render a WalletProvider as an ancestor of the component that uses WalletContext.
    at logMissingProviderError (http://localhost:3000/_next/static/chunks/node_modules_0e4g8kj._.js:1621:19)
    at Object.get (http://localhost:3000/_next/static/chunks/node_modules_0e4g8kj._.js:1616:9)
    at usePlaceBet (http://localhost:3000/_next/static/chunks/%5Broot-of-the-server%5D__01pr~vt._.js:2301:13)
    at PlaceBetModal (http://localhost:3000/_next/static/chunks/%5Broot-of-the-server%5D__01pr~vt._.js:2460:166)
    at Object.react_stack_bottom_frame (http://localhost:3000/_next/static/chunks/node_modules_react-dom_0bruynb._.js:13800:24)
    at renderWithHooks (http://localhost:3000/_next/static/chunks/node_modules_react-dom_0bruynb._.js:4464:24)
    at updateFunctionComponent (http://localhost:3000/_next/static/chunks/node_modules_react-dom_0bruynb._.js:5917:21)
    at beginWork (http://localhost:3000/_next/static/chunks/node_modules_react-dom_0bruynb._.js:6498:24)
    at runWithFiberInDEV (http://localhost:3000/_next/static/chunks/node_modules_react-dom_0bruynb._.js:886:74)
    at performUnitOfWork (http://localhost:3000/_next/static/chunks/node_modules_react-dom_0bruynb._.js:8894:97)
    at workLoopSync (http://localhost:3000/_next/static/chunks/node_modules_react-dom_0bruynb._.js:8788:40)
    at renderRootSync (http://localhost:3000/_next/static/chunks/node_modules_react-dom_0bruynb._.js:8772:13)
    at performWorkOnRoot (http://localhost:3000/_next/static/chunks/node_modules_react-dom_0bruynb._.js:8400:186)
    at performWorkOnRootViaSchedulerTask (http://localhost:3000/_next/static/chunks/node_modules_react-dom_0bruynb._.js:9534:9)
    at MessagePort.performWorkUntilDeadline (http://localhost:3000/_next/static/chunks/node_modules_11l9xip._.js:1335:64) @ http://localhost:3000/_next/static/chunks/node_modules_next_dist_0k8zr~w._.js:1945
[   48526ms] [ERROR] Error: You have tried to read "publicKey" on a WalletContext without providing one. Make sure to render a WalletProvider as an ancestor of the component that uses WalletContext.
    at logMissingProviderError (http://localhost:3000/_next/static/chunks/node_modules_0e4g8kj._.js:1621:19)
    at Object.get (http://localhost:3000/_next/static/chunks/node_modules_0e4g8kj._.js:1616:9)
    at PlaceBetModal (http://localhost:3000/_next/static/chunks/%5Broot-of-the-server%5D__01pr~vt._.js:2453:13)
    at Object.react_stack_bottom_frame (http://localhost:3000/_next/static/chunks/node_modules_react-dom_0bruynb._.js:13800:24)
    at renderWithHooksAgain (http://localhost:3000/_next/static/chunks/node_modules_react-dom_0bruynb._.js:4519:24)
    at renderWithHooks (http://localhost:3000/_next/static/chunks/node_modules_react-dom_0bruynb._.js:4470:28)
    at updateFunctionComponent (http://localhost:3000/_next/static/chunks/node_modules_react-dom_0bruynb._.js:5917:21)
    at beginWork (http://localhost:3000/_next/static/chunks/node_modules_react-dom_0bruynb._.js:6498:24)
    at runWithFiberInDEV (http://localhost:3000/_next/static/chunks/node_modules_react-dom_0bruynb._.js:886:74)
    at performUnitOfWork (http://localhost:3000/_next/static/chunks/node_modules_react-dom_0bruynb._.js:8894:97)
    at workLoopSync (http://localhost:3000/_next/static/chunks/node_modules_react-dom_0bruynb._.js:8788:40)
    at renderRootSync (http://localhost:3000/_next/static/chunks/node_modules_react-dom_0bruynb._.js:8772:13)
    at performWorkOnRoot (http://localhost:3000/_next/static/chunks/node_modules_react-dom_0bruynb._.js:8400:186)
    at performWorkOnRootViaSchedulerTask (http://localhost:3000/_next/static/chunks/node_modules_react-dom_0bruynb._.js:9534:9)
    at MessagePort.performWorkUntilDeadline (http://localhost:3000/_next/static/chunks/node_modules_11l9xip._.js:1335:64) @ http://localhost:3000/_next/static/chunks/node_modules_next_dist_0k8zr~w._.js:1945
[   48526ms] [ERROR] Error: You have tried to read "publicKey" on a WalletContext without providing one. Make sure to render a WalletProvider as an ancestor of the component that uses WalletContext.
    at logMissingProviderError (http://localhost:3000/_next/static/chunks/node_modules_0e4g8kj._.js:1621:19)
    at Object.get (http://localhost:3000/_next/static/chunks/node_modules_0e4g8kj._.js:1616:9)
    at usePlaceBet (http://localhost:3000/_next/static/chunks/%5Broot-of-the-server%5D__01pr~vt._.js:2301:13)
    at PlaceBetModal (http://localhost:3000/_next/static/chunks/%5Broot-of-the-server%5D__01pr~vt._.js:2460:166)
    at Object.react_stack_bottom_frame (http://localhost:3000/_next/static/chunks/node_modules_react-dom_0bruynb._.js:13800:24)
    at renderWithHooksAgain (http://localhost:3000/_next/static/chunks/node_modules_react-dom_0bruynb._.js:4519:24)
    at renderWithHooks (http://localhost:3000/_next/static/chunks/node_modules_react-dom_0bruynb._.js:4470:28)
    at updateFunctionComponent (http://localhost:3000/_next/static/chunks/node_modules_react-dom_0bruynb._.js:5917:21)
    at beginWork (http://localhost:3000/_next/static/chunks/node_modules_react-dom_0bruynb._.js:6498:24)
    at runWithFiberInDEV (http://localhost:3000/_next/static/chunks/node_modules_react-dom_0bruynb._.js:886:74)
    at performUnitOfWork (http://localhost:3000/_next/static/chunks/node_modules_react-dom_0bruynb._.js:8894:97)
    at workLoopSync (http://localhost:3000/_next/static/chunks/node_modules_react-dom_0bruynb._.js:8788:40)
    at renderRootSync (http://localhost:3000/_next/static/chunks/node_modules_react-dom_0bruynb._.js:8772:13)
    at performWorkOnRoot (http://localhost:3000/_next/static/chunks/node_modules_react-dom_0bruynb._.js:8400:186)
    at performWorkOnRootViaSchedulerTask (http://localhost:3000/_next/static/chunks/node_modules_react-dom_0bruynb._.js:9534:9)
    at MessagePort.performWorkUntilDeadline (http://localhost:3000/_next/static/chunks/node_modules_11l9xip._.js:1335:64) @ http://localhost:3000/_next/static/chunks/node_modules_next_dist_0k8zr~w._.js:1945
[   48724ms] [ERROR] Error: You have tried to read "publicKey" on a WalletContext without providing one. Make sure to render a WalletProvider as an ancestor of the component that uses WalletContext.
    at logMissingProviderError (http://localhost:3000/_next/static/chunks/node_modules_0e4g8kj._.js:1621:19)
    at Object.get (http://localhost:3000/_next/static/chunks/node_modules_0e4g8kj._.js:1616:9)
    at SolanaConnectWallet (http://localhost:3000/_next/static/chunks/%5Broot-of-the-server%5D__01pr~vt._.js:486:13)
    at Object.react_stack_bottom_frame (http://localhost:3000/_next/static/chunks/node_modules_react-dom_0bruynb._.js:13800:24)
    at renderWithHooks (http://localhost:3000/_next/static/chunks/node_modules_react-dom_0bruynb._.js:4464:24)
    at updateFunctionComponent (http://localhost:3000/_next/static/chunks/node_modules_react-dom_0bruynb._.js:5917:21)
    at beginWork (http://localhost:3000/_next/static/chunks/node_modules_react-dom_0bruynb._.js:6498:24)
    at runWithFiberInDEV (http://localhost:3000/_next/static/chunks/node_modules_react-dom_0bruynb._.js:886:74)
    at performUnitOfWork (http://localhost:3000/_next/static/chunks/node_modules_react-dom_0bruynb._.js:8894:97)
    at workLoopSync (http://localhost:3000/_next/static/chunks/node_modules_react-dom_0bruynb._.js:8788:40)
    at renderRootSync (http://localhost:3000/_next/static/chunks/node_modules_react-dom_0bruynb._.js:8772:13)
    at performWorkOnRoot (http://localhost:3000/_next/static/chunks/node_modules_react-dom_0bruynb._.js:8400:186)
    at performWorkOnRootViaSchedulerTask (http://localhost:3000/_next/static/chunks/node_modules_react-dom_0bruynb._.js:9534:9)
    at MessagePort.performWorkUntilDeadline (http://localhost:3000/_next/static/chunks/node_modules_11l9xip._.js:1335:64) @ http://localhost:3000/_next/static/chunks/node_modules_next_dist_0k8zr~w._.js:1945
[   48724ms] [ERROR] Error: You have tried to read "publicKey" on a WalletContext without providing one. Make sure to render a WalletProvider as an ancestor of the component that uses WalletContext.
    at logMissingProviderError (http://localhost:3000/_next/static/chunks/node_modules_0e4g8kj._.js:1621:19)
    at Object.get (http://localhost:3000/_next/static/chunks/node_modules_0e4g8kj._.js:1616:9)
    at SolanaConnectWallet (http://localhost:3000/_next/static/chunks/%5Broot-of-the-server%5D__01pr~vt._.js:486:13)
    at Object.react_stack_bottom_frame (http://localhost:3000/_next/static/chunks/node_modules_react-dom_0bruynb._.js:13800:24)
    at renderWithHooksAgain (http://localhost:3000/_next/static/chunks/node_modules_react-dom_0bruynb._.js:4519:24)
    at renderWithHooks (http://localhost:3000/_next/static/chunks/node_modules_react-dom_0bruynb._.js:4470:28)
    at updateFunctionComponent (http://localhost:3000/_next/static/chunks/node_modules_react-dom_0bruynb._.js:5917:21)
    at beginWork (http://localhost:3000/_next/static/chunks/node_modules_react-dom_0bruynb._.js:6498:24)
    at runWithFiberInDEV (http://localhost:3000/_next/static/chunks/node_modules_react-dom_0bruynb._.js:886:74)
    at performUnitOfWork (http://localhost:3000/_next/static/chunks/node_modules_react-dom_0bruynb._.js:8894:97)
    at workLoopSync (http://localhost:3000/_next/static/chunks/node_modules_react-dom_0bruynb._.js:8788:40)
    at renderRootSync (http://localhost:3000/_next/static/chunks/node_modules_react-dom_0bruynb._.js:8772:13)
    at performWorkOnRoot (http://localhost:3000/_next/static/chunks/node_modules_react-dom_0bruynb._.js:8400:186)
    at performWorkOnRootViaSchedulerTask (http://localhost:3000/_next/static/chunks/node_modules_react-dom_0bruynb._.js:9534:9)
    at MessagePort.performWorkUntilDeadline (http://localhost:3000/_next/static/chunks/node_modules_11l9xip._.js:1335:64) @ http://localhost:3000/_next/static/chunks/node_modules_next_dist_0k8zr~w._.js:1945
[   48724ms] [ERROR] Error: You have tried to read "publicKey" on a WalletContext without providing one. Make sure to render a WalletProvider as an ancestor of the component that uses WalletContext.
    at logMissingProviderError (http://localhost:3000/_next/static/chunks/node_modules_0e4g8kj._.js:1621:19)
    at Object.get (http://localhost:3000/_next/static/chunks/node_modules_0e4g8kj._.js:1616:9)
    at useWalletMultiButton (http://localhost:3000/_next/static/chunks/node_modules_0e4g8kj._.js:1658:72)
    at BaseWalletMultiButton (http://localhost:3000/_next/static/chunks/node_modules_0e4g8kj._.js:1833:307)
    at Object.react_stack_bottom_frame (http://localhost:3000/_next/static/chunks/node_modules_react-dom_0bruynb._.js:13800:24)
    at renderWithHooks (http://localhost:3000/_next/static/chunks/node_modules_react-dom_0bruynb._.js:4464:24)
    at updateFunctionComponent (http://localhost:3000/_next/static/chunks/node_modules_react-dom_0bruynb._.js:5917:21)
    at beginWork (http://localhost:3000/_next/static/chunks/node_modules_react-dom_0bruynb._.js:6498:24)
    at runWithFiberInDEV (http://localhost:3000/_next/static/chunks/node_modules_react-dom_0bruynb._.js:886:74)
    at performUnitOfWork (http://localhost:3000/_next/static/chunks/node_modules_react-dom_0bruynb._.js:8894:97)
    at workLoopSync (http://localhost:3000/_next/static/chunks/node_modules_react-dom_0bruynb._.js:8788:40)
    at renderRootSync (http://localhost:3000/_next/static/chunks/node_modules_react-dom_0bruynb._.js:8772:13)
    at performWorkOnRoot (http://localhost:3000/_next/static/chunks/node_modules_react-dom_0bruynb._.js:8400:186)
    at performWorkOnRootViaSchedulerTask (http://localhost:3000/_next/static/chunks/node_modules_react-dom_0bruynb._.js:9534:9)
    at MessagePort.performWorkUntilDeadline (http://localhost:3000/_next/static/chunks/node_modules_11l9xip._.js:1335:64) @ http://localhost:3000/_next/static/chunks/node_modules_next_dist_0k8zr~w._.js:1945
[   48724ms] [ERROR] Error: You have tried to read "wallet" on a WalletContext without providing one. Make sure to render a WalletProvider as an ancestor of the component that uses WalletContext.
    at logMissingProviderError (http://localhost:3000/_next/static/chunks/node_modules_0e4g8kj._.js:1621:19)
    at Object.get (http://localhost:3000/_next/static/chunks/node_modules_0e4g8kj._.js:1610:9)
    at useWalletMultiButton (http://localhost:3000/_next/static/chunks/node_modules_0e4g8kj._.js:1658:91)
    at BaseWalletMultiButton (http://localhost:3000/_next/static/chunks/node_modules_0e4g8kj._.js:1833:307)
    at Object.react_stack_bottom_frame (http://localhost:3000/_next/static/chunks/node_modules_react-dom_0bruynb._.js:13800:24)
    at renderWithHooks (http://localhost:3000/_next/static/chunks/node_modules_react-dom_0bruynb._.js:4464:24)
    at updateFunctionComponent (http://localhost:3000/_next/static/chunks/node_modules_react-dom_0bruynb._.js:5917:21)
    at beginWork (http://localhost:3000/_next/static/chunks/node_modules_react-dom_0bruynb._.js:6498:24)
    at runWithFiberInDEV (http://localhost:3000/_next/static/chunks/node_modules_react-dom_0bruynb._.js:886:74)
    at performUnitOfWork (http://localhost:3000/_next/static/chunks/node_modules_react-dom_0bruynb._.js:8894:97)
    at workLoopSync (http://localhost:3000/_next/static/chunks/node_modules_react-dom_0bruynb._.js:8788:40)
    at renderRootSync (http://localhost:3000/_next/static/chunks/node_modules_react-dom_0bruynb._.js:8772:13)
    at performWorkOnRoot (http://localhost:3000/_next/static/chunks/node_modules_react-dom_0bruynb._.js:8400:186)
    at performWorkOnRootViaSchedulerTask (http://localhost:3000/_next/static/chunks/node_modules_react-dom_0bruynb._.js:9534:9)
    at MessagePort.performWorkUntilDeadline (http://localhost:3000/_next/static/chunks/node_modules_11l9xip._.js:1335:64) @ http://localhost:3000/_next/static/chunks/node_modules_next_dist_0k8zr~w._.js:1945
[   48725ms] [ERROR] Error: You have tried to read "wallets" on a WalletContext without providing one. Make sure to render a WalletProvider as an ancestor of the component that uses WalletContext.
    at logMissingProviderError (http://localhost:3000/_next/static/chunks/node_modules_0e4g8kj._.js:1621:19)
    at Object.get (http://localhost:3000/_next/static/chunks/node_modules_0e4g8kj._.js:1604:9)
    at useWalletMultiButton (http://localhost:3000/_next/static/chunks/node_modules_0e4g8kj._.js:1658:99)
    at BaseWalletMultiButton (http://localhost:3000/_next/static/chunks/node_modules_0e4g8kj._.js:1833:307)
    at Object.react_stack_bottom_frame (http://localhost:3000/_next/static/chunks/node_modules_react-dom_0bruynb._.js:13800:24)
    at renderWithHooks (http://localhost:3000/_next/static/chunks/node_modules_react-dom_0bruynb._.js:4464:24)
    at updateFunctionComponent (http://localhost:3000/_next/static/chunks/node_modules_react-dom_0bruynb._.js:5917:21)
    at beginWork (http://localhost:3000/_next/static/chunks/node_modules_react-dom_0bruynb._.js:6498:24)
    at runWithFiberInDEV (http://localhost:3000/_next/static/chunks/node_modules_react-dom_0bruynb._.js:886:74)
    at performUnitOfWork (http://localhost:3000/_next/static/chunks/node_modules_react-dom_0bruynb._.js:8894:97)
    at workLoopSync (http://localhost:3000/_next/static/chunks/node_modules_react-dom_0bruynb._.js:8788:40)
    at renderRootSync (http://localhost:3000/_next/static/chunks/node_modules_react-dom_0bruynb._.js:8772:13)
    at performWorkOnRoot (http://localhost:3000/_next/static/chunks/node_modules_react-dom_0bruynb._.js:8400:186)
    at performWorkOnRootViaSchedulerTask (http://localhost:3000/_next/static/chunks/node_modules_react-dom_0bruynb._.js:9534:9)
    at MessagePort.performWorkUntilDeadline (http://localhost:3000/_next/static/chunks/node_modules_11l9xip._.js:1335:64) @ http://localhost:3000/_next/static/chunks/node_modules_next_dist_0k8zr~w._.js:1945
[   48725ms] [ERROR] Error: You have tried to read "publicKey" on a WalletContext without providing one. Make sure to render a WalletProvider as an ancestor of the component that uses WalletContext.
    at logMissingProviderError (http://localhost:3000/_next/static/chunks/node_modules_0e4g8kj._.js:1621:19)
    at Object.get (http://localhost:3000/_next/static/chunks/node_modules_0e4g8kj._.js:1616:9)
    at useWalletMultiButton (http://localhost:3000/_next/static/chunks/node_modules_0e4g8kj._.js:1658:72)
    at BaseWalletMultiButton (http://localhost:3000/_next/static/chunks/node_modules_0e4g8kj._.js:1833:307)
    at Object.react_stack_bottom_frame (http://localhost:3000/_next/static/chunks/node_modules_react-dom_0bruynb._.js:13800:24)
    at renderWithHooksAgain (http://localhost:3000/_next/static/chunks/node_modules_react-dom_0bruynb._.js:4519:24)
    at renderWithHooks (http://localhost:3000/_next/static/chunks/node_modules_react-dom_0bruynb._.js:4470:28)
    at updateFunctionComponent (http://localhost:3000/_next/static/chunks/node_modules_react-dom_0bruynb._.js:5917:21)
    at beginWork (http://localhost:3000/_next/static/chunks/node_modules_react-dom_0bruynb._.js:6498:24)
    at runWithFiberInDEV (http://localhost:3000/_next/static/chunks/node_modules_react-dom_0bruynb._.js:886:74)
    at performUnitOfWork (http://localhost:3000/_next/static/chunks/node_modules_react-dom_0bruynb._.js:8894:97)
    at workLoopSync (http://localhost:3000/_next/static/chunks/node_modules_react-dom_0bruynb._.js:8788:40)
    at renderRootSync (http://localhost:3000/_next/static/chunks/node_modules_react-dom_0bruynb._.js:8772:13)
    at performWorkOnRoot (http://localhost:3000/_next/static/chunks/node_modules_react-dom_0bruynb._.js:8400:186)
    at performWorkOnRootViaSchedulerTask (http://localhost:3000/_next/static/chunks/node_modules_react-dom_0bruynb._.js:9534:9)
    at MessagePort.performWorkUntilDeadline (http://localhost:3000/_next/static/chunks/node_modules_11l9xip._.js:1335:64) @ http://localhost:3000/_next/static/chunks/node_modules_next_dist_0k8zr~w._.js:1945
[   48725ms] [ERROR] Error: You have tried to read "wallet" on a WalletContext without providing one. Make sure to render a WalletProvider as an ancestor of the component that uses WalletContext.
    at logMissingProviderError (http://localhost:3000/_next/static/chunks/node_modules_0e4g8kj._.js:1621:19)
    at Object.get (http://localhost:3000/_next/static/chunks/node_modules_0e4g8kj._.js:1610:9)
    at useWalletMultiButton (http://localhost:3000/_next/static/chunks/node_modules_0e4g8kj._.js:1658:91)
    at BaseWalletMultiButton (http://localhost:3000/_next/static/chunks/node_modules_0e4g8kj._.js:1833:307)
    at Object.react_stack_bottom_frame (http://localhost:3000/_next/static/chunks/node_modules_react-dom_0bruynb._.js:13800:24)
    at renderWithHooksAgain (http://localhost:3000/_next/static/chunks/node_modules_react-dom_0bruynb._.js:4519:24)
    at renderWithHooks (http://localhost:3000/_next/static/chunks/node_modules_react-dom_0bruynb._.js:4470:28)
    at updateFunctionComponent (http://localhost:3000/_next/static/chunks/node_modules_react-dom_0bruynb._.js:5917:21)
    at beginWork (http://localhost:3000/_next/static/chunks/node_modules_react-dom_0bruynb._.js:6498:24)
    at runWithFiberInDEV (http://localhost:3000/_next/static/chunks/node_modules_react-dom_0bruynb._.js:886:74)
    at performUnitOfWork (http://localhost:3000/_next/static/chunks/node_modules_react-dom_0bruynb._.js:8894:97)
    at workLoopSync (http://localhost:3000/_next/static/chunks/node_modules_react-dom_0bruynb._.js:8788:40)
    at renderRootSync (http://localhost:3000/_next/static/chunks/node_modules_react-dom_0bruynb._.js:8772:13)
    at performWorkOnRoot (http://localhost:3000/_next/static/chunks/node_modules_react-dom_0bruynb._.js:8400:186)
    at performWorkOnRootViaSchedulerTask (http://localhost:3000/_next/static/chunks/node_modules_react-dom_0bruynb._.js:9534:9)
    at MessagePort.performWorkUntilDeadline (http://localhost:3000/_next/static/chunks/node_modules_11l9xip._.js:1335:64) @ http://localhost:3000/_next/static/chunks/node_modules_next_dist_0k8zr~w._.js:1945
[   48725ms] [ERROR] Error: You have tried to read "wallets" on a WalletContext without providing one. Make sure to render a WalletProvider as an ancestor of the component that uses WalletContext.
    at logMissingProviderError (http://localhost:3000/_next/static/chunks/node_modules_0e4g8kj._.js:1621:19)
    at Object.get (http://localhost:3000/_next/static/chunks/node_modules_0e4g8kj._.js:1604:9)
    at useWalletMultiButton (http://localhost:3000/_next/static/chunks/node_modules_0e4g8kj._.js:1658:99)
    at BaseWalletMultiButton (http://localhost:3000/_next/static/chunks/node_modules_0e4g8kj._.js:1833:307)
    at Object.react_stack_bottom_frame (http://localhost:3000/_next/static/chunks/node_modules_react-dom_0bruynb._.js:13800:24)
    at renderWithHooksAgain (http://localhost:3000/_next/static/chunks/node_modules_react-dom_0bruynb._.js:4519:24)
    at renderWithHooks (http://localhost:3000/_next/static/chunks/node_modules_react-dom_0bruynb._.js:4470:28)
    at updateFunctionComponent (http://localhost:3000/_next/static/chunks/node_modules_react-dom_0bruynb._.js:5917:21)
    at beginWork (http://localhost:3000/_next/static/chunks/node_modules_react-dom_0bruynb._.js:6498:24)
    at runWithFiberInDEV (http://localhost:3000/_next/static/chunks/node_modules_react-dom_0bruynb._.js:886:74)
    at performUnitOfWork (http://localhost:3000/_next/static/chunks/node_modules_react-dom_0bruynb._.js:8894:97)
    at workLoopSync (http://localhost:3000/_next/static/chunks/node_modules_react-dom_0bruynb._.js:8788:40)
    at renderRootSync (http://localhost:3000/_next/static/chunks/node_modules_react-dom_0bruynb._.js:8772:13)
    at performWorkOnRoot (http://localhost:3000/_next/static/chunks/node_modules_react-dom_0bruynb._.js:8400:186)
    at performWorkOnRootViaSchedulerTask (http://localhost:3000/_next/static/chunks/node_modules_react-dom_0bruynb._.js:9534:9)
    at MessagePort.performWorkUntilDeadline (http://localhost:3000/_next/static/chunks/node_modules_11l9xip._.js:1335:64) @ http://localhost:3000/_next/static/chunks/node_modules_next_dist_0k8zr~w._.js:1945
[   48725ms] [ERROR] Error: You have tried to read "publicKey" on a WalletContext without providing one. Make sure to render a WalletProvider as an ancestor of the component that uses WalletContext.
    at logMissingProviderError (http://localhost:3000/_next/static/chunks/node_modules_0e4g8kj._.js:1621:19)
    at Object.get (http://localhost:3000/_next/static/chunks/node_modules_0e4g8kj._.js:1616:9)
    at PlaceBetModal (http://localhost:3000/_next/static/chunks/%5Broot-of-the-server%5D__01pr~vt._.js:2453:13)
    at Object.react_stack_bottom_frame (http://localhost:3000/_next/static/chunks/node_modules_react-dom_0bruynb._.js:13800:24)
    at renderWithHooks (http://localhost:3000/_next/static/chunks/node_modules_react-dom_0bruynb._.js:4464:24)
    at updateFunctionComponent (http://localhost:3000/_next/static/chunks/node_modules_react-dom_0bruynb._.js:5917:21)
    at beginWork (http://localhost:3000/_next/static/chunks/node_modules_react-dom_0bruynb._.js:6498:24)
    at runWithFiberInDEV (http://localhost:3000/_next/static/chunks/node_modules_react-dom_0bruynb._.js:886:74)
    at performUnitOfWork (http://localhost:3000/_next/static/chunks/node_modules_react-dom_0bruynb._.js:8894:97)
    at workLoopSync (http://localhost:3000/_next/static/chunks/node_modules_react-dom_0bruynb._.js:8788:40)
    at renderRootSync (http://localhost:3000/_next/static/chunks/node_modules_react-dom_0bruynb._.js:8772:13)
    at performWorkOnRoot (http://localhost:3000/_next/static/chunks/node_modules_react-dom_0bruynb._.js:8400:186)
    at performWorkOnRootViaSchedulerTask (http://localhost:3000/_next/static/chunks/node_modules_react-dom_0bruynb._.js:9534:9)
    at MessagePort.performWorkUntilDeadline (http://localhost:3000/_next/static/chunks/node_modules_11l9xip._.js:1335:64) @ http://localhost:3000/_next/static/chunks/node_modules_next_dist_0k8zr~w._.js:1945
[   48726ms] [ERROR] Error: You have tried to read "publicKey" on a WalletContext without providing one. Make sure to render a WalletProvider as an ancestor of the component that uses WalletContext.
    at logMissingProviderError (http://localhost:3000/_next/static/chunks/node_modules_0e4g8kj._.js:1621:19)
    at Object.get (http://localhost:3000/_next/static/chunks/node_modules_0e4g8kj._.js:1616:9)
    at usePlaceBet (http://localhost:3000/_next/static/chunks/%5Broot-of-the-server%5D__01pr~vt._.js:2301:13)
    at PlaceBetModal (http://localhost:3000/_next/static/chunks/%5Broot-of-the-server%5D__01pr~vt._.js:2460:166)
    at Object.react_stack_bottom_frame (http://localhost:3000/_next/static/chunks/node_modules_react-dom_0bruynb._.js:13800:24)
    at renderWithHooks (http://localhost:3000/_next/static/chunks/node_modules_react-dom_0bruynb._.js:4464:24)
    at updateFunctionComponent (http://localhost:3000/_next/static/chunks/node_modules_react-dom_0bruynb._.js:5917:21)
    at beginWork (http://localhost:3000/_next/static/chunks/node_modules_react-dom_0bruynb._.js:6498:24)
    at runWithFiberInDEV (http://localhost:3000/_next/static/chunks/node_modules_react-dom_0bruynb._.js:886:74)
    at performUnitOfWork (http://localhost:3000/_next/static/chunks/node_modules_react-dom_0bruynb._.js:8894:97)
    at workLoopSync (http://localhost:3000/_next/static/chunks/node_modules_react-dom_0bruynb._.js:8788:40)
    at renderRootSync (http://localhost:3000/_next/static/chunks/node_modules_react-dom_0bruynb._.js:8772:13)
    at performWorkOnRoot (http://localhost:3000/_next/static/chunks/node_modules_react-dom_0bruynb._.js:8400:186)
    at performWorkOnRootViaSchedulerTask (http://localhost:3000/_next/static/chunks/node_modules_react-dom_0bruynb._.js:9534:9)
    at MessagePort.performWorkUntilDeadline (http://localhost:3000/_next/static/chunks/node_modules_11l9xip._.js:1335:64) @ http://localhost:3000/_next/static/chunks/node_modules_next_dist_0k8zr~w._.js:1945
[   48726ms] [ERROR] Error: You have tried to read "publicKey" on a WalletContext without providing one. Make sure to render a WalletProvider as an ancestor of the component that uses WalletContext.
    at logMissingProviderError (http://localhost:3000/_next/static/chunks/node_modules_0e4g8kj._.js:1621:19)
    at Object.get (http://localhost:3000/_next/static/chunks/node_modules_0e4g8kj._.js:1616:9)
    at PlaceBetModal (http://localhost:3000/_next/static/chunks/%5Broot-of-the-server%5D__01pr~vt._.js:2453:13)
    at Object.react_stack_bottom_frame (http://localhost:3000/_next/static/chunks/node_modules_react-dom_0bruynb._.js:13800:24)
    at renderWithHooksAgain (http://localhost:3000/_next/static/chunks/node_modules_react-dom_0bruynb._.js:4519:24)
    at renderWithHooks (http://localhost:3000/_next/static/chunks/node_modules_react-dom_0bruynb._.js:4470:28)
    at updateFunctionComponent (http://localhost:3000/_next/static/chunks/node_modules_react-dom_0bruynb._.js:5917:21)
    at beginWork (http://localhost:3000/_next/static/chunks/node_modules_react-dom_0bruynb._.js:6498:24)
    at runWithFiberInDEV (http://localhost:3000/_next/static/chunks/node_modules_react-dom_0bruynb._.js:886:74)
    at performUnitOfWork (http://localhost:3000/_next/static/chunks/node_modules_react-dom_0bruynb._.js:8894:97)
    at workLoopSync (http://localhost:3000/_next/static/chunks/node_modules_react-dom_0bruynb._.js:8788:40)
    at renderRootSync (http://localhost:3000/_next/static/chunks/node_modules_react-dom_0bruynb._.js:8772:13)
    at performWorkOnRoot (http://localhost:3000/_next/static/chunks/node_modules_react-dom_0bruynb._.js:8400:186)
    at performWorkOnRootViaSchedulerTask (http://localhost:3000/_next/static/chunks/node_modules_react-dom_0bruynb._.js:9534:9)
    at MessagePort.performWorkUntilDeadline (http://localhost:3000/_next/static/chunks/node_modules_11l9xip._.js:1335:64) @ http://localhost:3000/_next/static/chunks/node_modules_next_dist_0k8zr~w._.js:1945
[   48726ms] [ERROR] Error: You have tried to read "publicKey" on a WalletContext without providing one. Make sure to render a WalletProvider as an ancestor of the component that uses WalletContext.
    at logMissingProviderError (http://localhost:3000/_next/static/chunks/node_modules_0e4g8kj._.js:1621:19)
    at Object.get (http://localhost:3000/_next/static/chunks/node_modules_0e4g8kj._.js:1616:9)
    at usePlaceBet (http://localhost:3000/_next/static/chunks/%5Broot-of-the-server%5D__01pr~vt._.js:2301:13)
    at PlaceBetModal (http://localhost:3000/_next/static/chunks/%5Broot-of-the-server%5D__01pr~vt._.js:2460:166)
    at Object.react_stack_bottom_frame (http://localhost:3000/_next/static/chunks/node_modules_react-dom_0bruynb._.js:13800:24)
    at renderWithHooksAgain (http://localhost:3000/_next/static/chunks/node_modules_react-dom_0bruynb._.js:4519:24)
    at renderWithHooks (http://localhost:3000/_next/static/chunks/node_modules_react-dom_0bruynb._.js:4470:28)
    at updateFunctionComponent (http://localhost:3000/_next/static/chunks/node_modules_react-dom_0bruynb._.js:5917:21)
    at beginWork (http://localhost:3000/_next/static/chunks/node_modules_react-dom_0bruynb._.js:6498:24)
    at runWithFiberInDEV (http://localhost:3000/_next/static/chunks/node_modules_react-dom_0bruynb._.js:886:74)
    at performUnitOfWork (http://localhost:3000/_next/static/chunks/node_modules_react-dom_0bruynb._.js:8894:97)
    at workLoopSync (http://localhost:3000/_next/static/chunks/node_modules_react-dom_0bruynb._.js:8788:40)
    at renderRootSync (http://localhost:3000/_next/static/chunks/node_modules_react-dom_0bruynb._.js:8772:13)
    at performWorkOnRoot (http://localhost:3000/_next/static/chunks/node_modules_react-dom_0bruynb._.js:8400:186)
    at performWorkOnRootViaSchedulerTask (http://localhost:3000/_next/static/chunks/node_modules_react-dom_0bruynb._.js:9534:9)
    at MessagePort.performWorkUntilDeadline (http://localhost:3000/_next/static/chunks/node_modules_11l9xip._.js:1335:64) @ http://localhost:3000/_next/static/chunks/node_modules_next_dist_0k8zr~w._.js:1945
[   48934ms] [ERROR] Error: You have tried to read "publicKey" on a WalletContext without providing one. Make sure to render a WalletProvider as an ancestor of the component that uses WalletContext.
    at logMissingProviderError (http://localhost:3000/_next/static/chunks/node_modules_0e4g8kj._.js:1621:19)
    at Object.get (http://localhost:3000/_next/static/chunks/node_modules_0e4g8kj._.js:1616:9)
    at SolanaConnectWallet (http://localhost:3000/_next/static/chunks/%5Broot-of-the-server%5D__01pr~vt._.js:486:13)
    at Object.react_stack_bottom_frame (http://localhost:3000/_next/static/chunks/node_modules_react-dom_0bruynb._.js:13800:24)
    at renderWithHooks (http://localhost:3000/_next/static/chunks/node_modules_react-dom_0bruynb._.js:4464:24)
    at updateFunctionComponent (http://localhost:3000/_next/static/chunks/node_modules_react-dom_0bruynb._.js:5917:21)
    at beginWork (http://localhost:3000/_next/static/chunks/node_modules_react-dom_0bruynb._.js:6498:24)
    at runWithFiberInDEV (http://localhost:3000/_next/static/chunks/node_modules_react-dom_0bruynb._.js:886:74)
    at performUnitOfWork (http://localhost:3000/_next/static/chunks/node_modules_react-dom_0bruynb._.js:8894:97)
    at workLoopSync (http://localhost:3000/_next/static/chunks/node_modules_react-dom_0bruynb._.js:8788:40)
    at renderRootSync (http://localhost:3000/_next/static/chunks/node_modules_react-dom_0bruynb._.js:8772:13)
    at performWorkOnRoot (http://localhost:3000/_next/static/chunks/node_modules_react-dom_0bruynb._.js:8400:186)
    at performWorkOnRootViaSchedulerTask (http://localhost:3000/_next/static/chunks/node_modules_react-dom_0bruynb._.js:9534:9)
    at MessagePort.performWorkUntilDeadline (http://localhost:3000/_next/static/chunks/node_modules_11l9xip._.js:1335:64) @ http://localhost:3000/_next/static/chunks/node_modules_next_dist_0k8zr~w._.js:1945
[   48934ms] [ERROR] Error: You have tried to read "publicKey" on a WalletContext without providing one. Make sure to render a WalletProvider as an ancestor of the component that uses WalletContext.
    at logMissingProviderError (http://localhost:3000/_next/static/chunks/node_modules_0e4g8kj._.js:1621:19)
    at Object.get (http://localhost:3000/_next/static/chunks/node_modules_0e4g8kj._.js:1616:9)
    at SolanaConnectWallet (http://localhost:3000/_next/static/chunks/%5Broot-of-the-server%5D__01pr~vt._.js:486:13)
    at Object.react_stack_bottom_frame (http://localhost:3000/_next/static/chunks/node_modules_react-dom_0bruynb._.js:13800:24)
    at renderWithHooksAgain (http://localhost:3000/_next/static/chunks/node_modules_react-dom_0bruynb._.js:4519:24)
    at renderWithHooks (http://localhost:3000/_next/static/chunks/node_modules_react-dom_0bruynb._.js:4470:28)
    at updateFunctionComponent (http://localhost:3000/_next/static/chunks/node_modules_react-dom_0bruynb._.js:5917:21)
    at beginWork (http://localhost:3000/_next/static/chunks/node_modules_react-dom_0bruynb._.js:6498:24)
    at runWithFiberInDEV (http://localhost:3000/_next/static/chunks/node_modules_react-dom_0bruynb._.js:886:74)
    at performUnitOfWork (http://localhost:3000/_next/static/chunks/node_modules_react-dom_0bruynb._.js:8894:97)
    at workLoopSync (http://localhost:3000/_next/static/chunks/node_modules_react-dom_0bruynb._.js:8788:40)
    at renderRootSync (http://localhost:3000/_next/static/chunks/node_modules_react-dom_0bruynb._.js:8772:13)
    at performWorkOnRoot (http://localhost:3000/_next/static/chunks/node_modules_react-dom_0bruynb._.js:8400:186)
    at performWorkOnRootViaSchedulerTask (http://localhost:3000/_next/static/chunks/node_modules_react-dom_0bruynb._.js:9534:9)
    at MessagePort.performWorkUntilDeadline (http://localhost:3000/_next/static/chunks/node_modules_11l9xip._.js:1335:64) @ http://localhost:3000/_next/static/chunks/node_modules_next_dist_0k8zr~w._.js:1945
[   48935ms] [ERROR] Error: You have tried to read "publicKey" on a WalletContext without providing one. Make sure to render a WalletProvider as an ancestor of the component that uses WalletContext.
    at logMissingProviderError (http://localhost:3000/_next/static/chunks/node_modules_0e4g8kj._.js:1621:19)
    at Object.get (http://localhost:3000/_next/static/chunks/node_modules_0e4g8kj._.js:1616:9)
    at useWalletMultiButton (http://localhost:3000/_next/static/chunks/node_modules_0e4g8kj._.js:1658:72)
    at BaseWalletMultiButton (http://localhost:3000/_next/static/chunks/node_modules_0e4g8kj._.js:1833:307)
    at Object.react_stack_bottom_frame (http://localhost:3000/_next/static/chunks/node_modules_react-dom_0bruynb._.js:13800:24)
    at renderWithHooks (http://localhost:3000/_next/static/chunks/node_modules_react-dom_0bruynb._.js:4464:24)
    at updateFunctionComponent (http://localhost:3000/_next/static/chunks/node_modules_react-dom_0bruynb._.js:5917:21)
    at beginWork (http://localhost:3000/_next/static/chunks/node_modules_react-dom_0bruynb._.js:6498:24)
    at runWithFiberInDEV (http://localhost:3000/_next/static/chunks/node_modules_react-dom_0bruynb._.js:886:74)
    at performUnitOfWork (http://localhost:3000/_next/static/chunks/node_modules_react-dom_0bruynb._.js:8894:97)
    at workLoopSync (http://localhost:3000/_next/static/chunks/node_modules_react-dom_0bruynb._.js:8788:40)
    at renderRootSync (http://localhost:3000/_next/static/chunks/node_modules_react-dom_0bruynb._.js:8772:13)
    at performWorkOnRoot (http://localhost:3000/_next/static/chunks/node_modules_react-dom_0bruynb._.js:8400:186)
    at performWorkOnRootViaSchedulerTask (http://localhost:3000/_next/static/chunks/node_modules_react-dom_0bruynb._.js:9534:9)
    at MessagePort.performWorkUntilDeadline (http://localhost:3000/_next/static/chunks/node_modules_11l9xip._.js:1335:64) @ http://localhost:3000/_next/static/chunks/node_modules_next_dist_0k8zr~w._.js:1945
[   48935ms] [ERROR] Error: You have tried to read "wallet" on a WalletContext without providing one. Make sure to render a WalletProvider as an ancestor of the component that uses WalletContext.
    at logMissingProviderError (http://localhost:3000/_next/static/chunks/node_modules_0e4g8kj._.js:1621:19)
    at Object.get (http://localhost:3000/_next/static/chunks/node_modules_0e4g8kj._.js:1610:9)
    at useWalletMultiButton (http://localhost:3000/_next/static/chunks/node_modules_0e4g8kj._.js:1658:91)
    at BaseWalletMultiButton (http://localhost:3000/_next/static/chunks/node_modules_0e4g8kj._.js:1833:307)
    at Object.react_stack_bottom_frame (http://localhost:3000/_next/static/chunks/node_modules_react-dom_0bruynb._.js:13800:24)
    at renderWithHooks (http://localhost:3000/_next/static/chunks/node_modules_react-dom_0bruynb._.js:4464:24)
    at updateFunctionComponent (http://localhost:3000/_next/static/chunks/node_modules_react-dom_0bruynb._.js:5917:21)
    at beginWork (http://localhost:3000/_next/static/chunks/node_modules_react-dom_0bruynb._.js:6498:24)
    at runWithFiberInDEV (http://localhost:3000/_next/static/chunks/node_modules_react-dom_0bruynb._.js:886:74)
    at performUnitOfWork (http://localhost:3000/_next/static/chunks/node_modules_react-dom_0bruynb._.js:8894:97)
    at workLoopSync (http://localhost:3000/_next/static/chunks/node_modules_react-dom_0bruynb._.js:8788:40)
    at renderRootSync (http://localhost:3000/_next/static/chunks/node_modules_react-dom_0bruynb._.js:8772:13)
    at performWorkOnRoot (http://localhost:3000/_next/static/chunks/node_modules_react-dom_0bruynb._.js:8400:186)
    at performWorkOnRootViaSchedulerTask (http://localhost:3000/_next/static/chunks/node_modules_react-dom_0bruynb._.js:9534:9)
    at MessagePort.performWorkUntilDeadline (http://localhost:3000/_next/static/chunks/node_modules_11l9xip._.js:1335:64) @ http://localhost:3000/_next/static/chunks/node_modules_next_dist_0k8zr~w._.js:1945
[   48935ms] [ERROR] Error: You have tried to read "wallets" on a WalletContext without providing one. Make sure to render a WalletProvider as an ancestor of the component that uses WalletContext.
    at logMissingProviderError (http://localhost:3000/_next/static/chunks/node_modules_0e4g8kj._.js:1621:19)
    at Object.get (http://localhost:3000/_next/static/chunks/node_modules_0e4g8kj._.js:1604:9)
    at useWalletMultiButton (http://localhost:3000/_next/static/chunks/node_modules_0e4g8kj._.js:1658:99)
    at BaseWalletMultiButton (http://localhost:3000/_next/static/chunks/node_modules_0e4g8kj._.js:1833:307)
    at Object.react_stack_bottom_frame (http://localhost:3000/_next/static/chunks/node_modules_react-dom_0bruynb._.js:13800:24)
    at renderWithHooks (http://localhost:3000/_next/static/chunks/node_modules_react-dom_0bruynb._.js:4464:24)
    at updateFunctionComponent (http://localhost:3000/_next/static/chunks/node_modules_react-dom_0bruynb._.js:5917:21)
    at beginWork (http://localhost:3000/_next/static/chunks/node_modules_react-dom_0bruynb._.js:6498:24)
    at runWithFiberInDEV (http://localhost:3000/_next/static/chunks/node_modules_react-dom_0bruynb._.js:886:74)
    at performUnitOfWork (http://localhost:3000/_next/static/chunks/node_modules_react-dom_0bruynb._.js:8894:97)
    at workLoopSync (http://localhost:3000/_next/static/chunks/node_modules_react-dom_0bruynb._.js:8788:40)
    at renderRootSync (http://localhost:3000/_next/static/chunks/node_modules_react-dom_0bruynb._.js:8772:13)
    at performWorkOnRoot (http://localhost:3000/_next/static/chunks/node_modules_react-dom_0bruynb._.js:8400:186)
    at performWorkOnRootViaSchedulerTask (http://localhost:3000/_next/static/chunks/node_modules_react-dom_0bruynb._.js:9534:9)
    at MessagePort.performWorkUntilDeadline (http://localhost:3000/_next/static/chunks/node_modules_11l9xip._.js:1335:64) @ http://localhost:3000/_next/static/chunks/node_modules_next_dist_0k8zr~w._.js:1945
[   48936ms] [ERROR] Error: You have tried to read "publicKey" on a WalletContext without providing one. Make sure to render a WalletProvider as an ancestor of the component that uses WalletContext.
    at logMissingProviderError (http://localhost:3000/_next/static/chunks/node_modules_0e4g8kj._.js:1621:19)
    at Object.get (http://localhost:3000/_next/static/chunks/node_modules_0e4g8kj._.js:1616:9)
    at useWalletMultiButton (http://localhost:3000/_next/static/chunks/node_modules_0e4g8kj._.js:1658:72)
    at BaseWalletMultiButton (http://localhost:3000/_next/static/chunks/node_modules_0e4g8kj._.js:1833:307)
    at Object.react_stack_bottom_frame (http://localhost:3000/_next/static/chunks/node_modules_react-dom_0bruynb._.js:13800:24)
    at renderWithHooksAgain (http://localhost:3000/_next/static/chunks/node_modules_react-dom_0bruynb._.js:4519:24)
    at renderWithHooks (http://localhost:3000/_next/static/chunks/node_modules_react-dom_0bruynb._.js:4470:28)
    at updateFunctionComponent (http://localhost:3000/_next/static/chunks/node_modules_react-dom_0bruynb._.js:5917:21)
    at beginWork (http://localhost:3000/_next/static/chunks/node_modules_react-dom_0bruynb._.js:6498:24)
    at runWithFiberInDEV (http://localhost:3000/_next/static/chunks/node_modules_react-dom_0bruynb._.js:886:74)
    at performUnitOfWork (http://localhost:3000/_next/static/chunks/node_modules_react-dom_0bruynb._.js:8894:97)
    at workLoopSync (http://localhost:3000/_next/static/chunks/node_modules_react-dom_0bruynb._.js:8788:40)
    at renderRootSync (http://localhost:3000/_next/static/chunks/node_modules_react-dom_0bruynb._.js:8772:13)
    at performWorkOnRoot (http://localhost:3000/_next/static/chunks/node_modules_react-dom_0bruynb._.js:8400:186)
    at performWorkOnRootViaSchedulerTask (http://localhost:3000/_next/static/chunks/node_modules_react-dom_0bruynb._.js:9534:9)
    at MessagePort.performWorkUntilDeadline (http://localhost:3000/_next/static/chunks/node_modules_11l9xip._.js:1335:64) @ http://localhost:3000/_next/static/chunks/node_modules_next_dist_0k8zr~w._.js:1945
[   48936ms] [ERROR] Error: You have tried to read "wallet" on a WalletContext without providing one. Make sure to render a WalletProvider as an ancestor of the component that uses WalletContext.
    at logMissingProviderError (http://localhost:3000/_next/static/chunks/node_modules_0e4g8kj._.js:1621:19)
    at Object.get (http://localhost:3000/_next/static/chunks/node_modules_0e4g8kj._.js:1610:9)
    at useWalletMultiButton (http://localhost:3000/_next/static/chunks/node_modules_0e4g8kj._.js:1658:91)
    at BaseWalletMultiButton (http://localhost:3000/_next/static/chunks/node_modules_0e4g8kj._.js:1833:307)
    at Object.react_stack_bottom_frame (http://localhost:3000/_next/static/chunks/node_modules_react-dom_0bruynb._.js:13800:24)
    at renderWithHooksAgain (http://localhost:3000/_next/static/chunks/node_modules_react-dom_0bruynb._.js:4519:24)
    at renderWithHooks (http://localhost:3000/_next/static/chunks/node_modules_react-dom_0bruynb._.js:4470:28)
    at updateFunctionComponent (http://localhost:3000/_next/static/chunks/node_modules_react-dom_0bruynb._.js:5917:21)
    at beginWork (http://localhost:3000/_next/static/chunks/node_modules_react-dom_0bruynb._.js:6498:24)
    at runWithFiberInDEV (http://localhost:3000/_next/static/chunks/node_modules_react-dom_0bruynb._.js:886:74)
    at performUnitOfWork (http://localhost:3000/_next/static/chunks/node_modules_react-dom_0bruynb._.js:8894:97)
    at workLoopSync (http://localhost:3000/_next/static/chunks/node_modules_react-dom_0bruynb._.js:8788:40)
    at renderRootSync (http://localhost:3000/_next/static/chunks/node_modules_react-dom_0bruynb._.js:8772:13)
    at performWorkOnRoot (http://localhost:3000/_next/static/chunks/node_modules_react-dom_0bruynb._.js:8400:186)
    at performWorkOnRootViaSchedulerTask (http://localhost:3000/_next/static/chunks/node_modules_react-dom_0bruynb._.js:9534:9)
    at MessagePort.performWorkUntilDeadline (http://localhost:3000/_next/static/chunks/node_modules_11l9xip._.js:1335:64) @ http://localhost:3000/_next/static/chunks/node_modules_next_dist_0k8zr~w._.js:1945
[   48936ms] [ERROR] Error: You have tried to read "wallets" on a WalletContext without providing one. Make sure to render a WalletProvider as an ancestor of the component that uses WalletContext.
    at logMissingProviderError (http://localhost:3000/_next/static/chunks/node_modules_0e4g8kj._.js:1621:19)
    at Object.get (http://localhost:3000/_next/static/chunks/node_modules_0e4g8kj._.js:1604:9)
    at useWalletMultiButton (http://localhost:3000/_next/static/chunks/node_modules_0e4g8kj._.js:1658:99)
    at BaseWalletMultiButton (http://localhost:3000/_next/static/chunks/node_modules_0e4g8kj._.js:1833:307)
    at Object.react_stack_bottom_frame (http://localhost:3000/_next/static/chunks/node_modules_react-dom_0bruynb._.js:13800:24)
    at renderWithHooksAgain (http://localhost:3000/_next/static/chunks/node_modules_react-dom_0bruynb._.js:4519:24)
    at renderWithHooks (http://localhost:3000/_next/static/chunks/node_modules_react-dom_0bruynb._.js:4470:28)
    at updateFunctionComponent (http://localhost:3000/_next/static/chunks/node_modules_react-dom_0bruynb._.js:5917:21)
    at beginWork (http://localhost:3000/_next/static/chunks/node_modules_react-dom_0bruynb._.js:6498:24)
    at runWithFiberInDEV (http://localhost:3000/_next/static/chunks/node_modules_react-dom_0bruynb._.js:886:74)
    at performUnitOfWork (http://localhost:3000/_next/static/chunks/node_modules_react-dom_0bruynb._.js:8894:97)
    at workLoopSync (http://localhost:3000/_next/static/chunks/node_modules_react-dom_0bruynb._.js:8788:40)
    at renderRootSync (http://localhost:3000/_next/static/chunks/node_modules_react-dom_0bruynb._.js:8772:13)
    at performWorkOnRoot (http://localhost:3000/_next/static/chunks/node_modules_react-dom_0bruynb._.js:8400:186)
    at performWorkOnRootViaSchedulerTask (http://localhost:3000/_next/static/chunks/node_modules_react-dom_0bruynb._.js:9534:9)
    at MessagePort.performWorkUntilDeadline (http://localhost:3000/_next/static/chunks/node_modules_11l9xip._.js:1335:64) @ http://localhost:3000/_next/static/chunks/node_modules_next_dist_0k8zr~w._.js:1945
[   48937ms] [ERROR] Error: You have tried to read "publicKey" on a WalletContext without providing one. Make sure to render a WalletProvider as an ancestor of the component that uses WalletContext.
    at logMissingProviderError (http://localhost:3000/_next/static/chunks/node_modules_0e4g8kj._.js:1621:19)
    at Object.get (http://localhost:3000/_next/static/chunks/node_modules_0e4g8kj._.js:1616:9)
    at PlaceBetModal (http://localhost:3000/_next/static/chunks/%5Broot-of-the-server%5D__01pr~vt._.js:2453:13)
    at Object.react_stack_bottom_frame (http://localhost:3000/_next/static/chunks/node_modules_react-dom_0bruynb._.js:13800:24)
    at renderWithHooks (http://localhost:3000/_next/static/chunks/node_modules_react-dom_0bruynb._.js:4464:24)
    at updateFunctionComponent (http://localhost:3000/_next/static/chunks/node_modules_react-dom_0bruynb._.js:5917:21)
    at beginWork (http://localhost:3000/_next/static/chunks/node_modules_react-dom_0bruynb._.js:6498:24)
    at runWithFiberInDEV (http://localhost:3000/_next/static/chunks/node_modules_react-dom_0bruynb._.js:886:74)
    at performUnitOfWork (http://localhost:3000/_next/static/chunks/node_modules_react-dom_0bruynb._.js:8894:97)
    at workLoopSync (http://localhost:3000/_next/static/chunks/node_modules_react-dom_0bruynb._.js:8788:40)
    at renderRootSync (http://localhost:3000/_next/static/chunks/node_modules_react-dom_0bruynb._.js:8772:13)
    at performWorkOnRoot (http://localhost:3000/_next/static/chunks/node_modules_react-dom_0bruynb._.js:8400:186)
    at performWorkOnRootViaSchedulerTask (http://localhost:3000/_next/static/chunks/node_modules_react-dom_0bruynb._.js:9534:9)
    at MessagePort.performWorkUntilDeadline (http://localhost:3000/_next/static/chunks/node_modules_11l9xip._.js:1335:64) @ http://localhost:3000/_next/static/chunks/node_modules_next_dist_0k8zr~w._.js:1945
[   48937ms] [ERROR] Error: You have tried to read "publicKey" on a WalletContext without providing one. Make sure to render a WalletProvider as an ancestor of the component that uses WalletContext.
    at logMissingProviderError (http://localhost:3000/_next/static/chunks/node_modules_0e4g8kj._.js:1621:19)
    at Object.get (http://localhost:3000/_next/static/chunks/node_modules_0e4g8kj._.js:1616:9)
    at usePlaceBet (http://localhost:3000/_next/static/chunks/%5Broot-of-the-server%5D__01pr~vt._.js:2301:13)
    at PlaceBetModal (http://localhost:3000/_next/static/chunks/%5Broot-of-the-server%5D__01pr~vt._.js:2460:166)
    at Object.react_stack_bottom_frame (http://localhost:3000/_next/static/chunks/node_modules_react-dom_0bruynb._.js:13800:24)
    at renderWithHooks (http://localhost:3000/_next/static/chunks/node_modules_react-dom_0bruynb._.js:4464:24)
    at updateFunctionComponent (http://localhost:3000/_next/static/chunks/node_modules_react-dom_0bruynb._.js:5917:21)
    at beginWork (http://localhost:3000/_next/static/chunks/node_modules_react-dom_0bruynb._.js:6498:24)
    at runWithFiberInDEV (http://localhost:3000/_next/static/chunks/node_modules_react-dom_0bruynb._.js:886:74)
    at performUnitOfWork (http://localhost:3000/_next/static/chunks/node_modules_react-dom_0bruynb._.js:8894:97)
    at workLoopSync (http://localhost:3000/_next/static/chunks/node_modules_react-dom_0bruynb._.js:8788:40)
    at renderRootSync (http://localhost:3000/_next/static/chunks/node_modules_react-dom_0bruynb._.js:8772:13)
    at performWorkOnRoot (http://localhost:3000/_next/static/chunks/node_modules_react-dom_0bruynb._.js:8400:186)
    at performWorkOnRootViaSchedulerTask (http://localhost:3000/_next/static/chunks/node_modules_react-dom_0bruynb._.js:9534:9)
    at MessagePort.performWorkUntilDeadline (http://localhost:3000/_next/static/chunks/node_modules_11l9xip._.js:1335:64) @ http://localhost:3000/_next/static/chunks/node_modules_next_dist_0k8zr~w._.js:1945
[   48937ms] [ERROR] Error: You have tried to read "publicKey" on a WalletContext without providing one. Make sure to render a WalletProvider as an ancestor of the component that uses WalletContext.
    at logMissingProviderError (http://localhost:3000/_next/static/chunks/node_modules_0e4g8kj._.js:1621:19)
    at Object.get (http://localhost:3000/_next/static/chunks/node_modules_0e4g8kj._.js:1616:9)
    at PlaceBetModal (http://localhost:3000/_next/static/chunks/%5Broot-of-the-server%5D__01pr~vt._.js:2453:13)
    at Object.react_stack_bottom_frame (http://localhost:3000/_next/static/chunks/node_modules_react-dom_0bruynb._.js:13800:24)
    at renderWithHooksAgain (http://localhost:3000/_next/static/chunks/node_modules_react-dom_0bruynb._.js:4519:24)
    at renderWithHooks (http://localhost:3000/_next/static/chunks/node_modules_react-dom_0bruynb._.js:4470:28)
    at updateFunctionComponent (http://localhost:3000/_next/static/chunks/node_modules_react-dom_0bruynb._.js:5917:21)
    at beginWork (http://localhost:3000/_next/static/chunks/node_modules_react-dom_0bruynb._.js:6498:24)
    at runWithFiberInDEV (http://localhost:3000/_next/static/chunks/node_modules_react-dom_0bruynb._.js:886:74)
    at performUnitOfWork (http://localhost:3000/_next/static/chunks/node_modules_react-dom_0bruynb._.js:8894:97)
    at workLoopSync (http://localhost:3000/_next/static/chunks/node_modules_react-dom_0bruynb._.js:8788:40)
    at renderRootSync (http://localhost:3000/_next/static/chunks/node_modules_react-dom_0bruynb._.js:8772:13)
    at performWorkOnRoot (http://localhost:3000/_next/static/chunks/node_modules_react-dom_0bruynb._.js:8400:186)
    at performWorkOnRootViaSchedulerTask (http://localhost:3000/_next/static/chunks/node_modules_react-dom_0bruynb._.js:9534:9)
    at MessagePort.performWorkUntilDeadline (http://localhost:3000/_next/static/chunks/node_modules_11l9xip._.js:1335:64) @ http://localhost:3000/_next/static/chunks/node_modules_next_dist_0k8zr~w._.js:1945
[   48937ms] [ERROR] Error: You have tried to read "publicKey" on a WalletContext without providing one. Make sure to render a WalletProvider as an ancestor of the component that uses WalletContext.
    at logMissingProviderError (http://localhost:3000/_next/static/chunks/node_modules_0e4g8kj._.js:1621:19)
    at Object.get (http://localhost:3000/_next/static/chunks/node_modules_0e4g8kj._.js:1616:9)
    at usePlaceBet (http://localhost:3000/_next/static/chunks/%5Broot-of-the-server%5D__01pr~vt._.js:2301:13)
    at PlaceBetModal (http://localhost:3000/_next/static/chunks/%5Broot-of-the-server%5D__01pr~vt._.js:2460:166)
    at Object.react_stack_bottom_frame (http://localhost:3000/_next/static/chunks/node_modules_react-dom_0bruynb._.js:13800:24)
    at renderWithHooksAgain (http://localhost:3000/_next/static/chunks/node_modules_react-dom_0bruynb._.js:4519:24)
    at renderWithHooks (http://localhost:3000/_next/static/chunks/node_modules_react-dom_0bruynb._.js:4470:28)
    at updateFunctionComponent (http://localhost:3000/_next/static/chunks/node_modules_react-dom_0bruynb._.js:5917:21)
    at beginWork (http://localhost:3000/_next/static/chunks/node_modules_react-dom_0bruynb._.js:6498:24)
    at runWithFiberInDEV (http://localhost:3000/_next/static/chunks/node_modules_react-dom_0bruynb._.js:886:74)
    at performUnitOfWork (http://localhost:3000/_next/static/chunks/node_modules_react-dom_0bruynb._.js:8894:97)
    at workLoopSync (http://localhost:3000/_next/static/chunks/node_modules_react-dom_0bruynb._.js:8788:40)
    at renderRootSync (http://localhost:3000/_next/static/chunks/node_modules_react-dom_0bruynb._.js:8772:13)
    at performWorkOnRoot (http://localhost:3000/_next/static/chunks/node_modules_react-dom_0bruynb._.js:8400:186)
    at performWorkOnRootViaSchedulerTask (http://localhost:3000/_next/static/chunks/node_modules_react-dom_0bruynb._.js:9534:9)
    at MessagePort.performWorkUntilDeadline (http://localhost:3000/_next/static/chunks/node_modules_11l9xip._.js:1335:64) @ http://localhost:3000/_next/static/chunks/node_modules_next_dist_0k8zr~w._.js:1945
[   51873ms] [ERROR] Error: You have tried to read "publicKey" on a WalletContext without providing one. Make sure to render a WalletProvider as an ancestor of the component that uses WalletContext.
    at logMissingProviderError (http://localhost:3000/_next/static/chunks/node_modules_0e4g8kj._.js:1621:19)
    at Object.get (http://localhost:3000/_next/static/chunks/node_modules_0e4g8kj._.js:1616:9)
    at SolanaConnectWallet (http://localhost:3000/_next/static/chunks/%5Broot-of-the-server%5D__01pr~vt._.js:486:13)
    at Object.react_stack_bottom_frame (http://localhost:3000/_next/static/chunks/node_modules_react-dom_0bruynb._.js:13800:24)
    at renderWithHooks (http://localhost:3000/_next/static/chunks/node_modules_react-dom_0bruynb._.js:4464:24)
    at updateFunctionComponent (http://localhost:3000/_next/static/chunks/node_modules_react-dom_0bruynb._.js:5917:21)
    at beginWork (http://localhost:3000/_next/static/chunks/node_modules_react-dom_0bruynb._.js:6498:24)
    at runWithFiberInDEV (http://localhost:3000/_next/static/chunks/node_modules_react-dom_0bruynb._.js:886:74)
    at performUnitOfWork (http://localhost:3000/_next/static/chunks/node_modules_react-dom_0bruynb._.js:8894:97)
    at workLoopSync (http://localhost:3000/_next/static/chunks/node_modules_react-dom_0bruynb._.js:8788:40)
    at renderRootSync (http://localhost:3000/_next/static/chunks/node_modules_react-dom_0bruynb._.js:8772:13)
    at performWorkOnRoot (http://localhost:3000/_next/static/chunks/node_modules_react-dom_0bruynb._.js:8400:186)
    at performSyncWorkOnRoot (http://localhost:3000/_next/static/chunks/node_modules_react-dom_0bruynb._.js:9542:9)
    at flushSyncWorkAcrossRoots_impl (http://localhost:3000/_next/static/chunks/node_modules_react-dom_0bruynb._.js:9458:316)
    at processRootScheduleInMicrotask (http://localhost:3000/_next/static/chunks/node_modules_react-dom_0bruynb._.js:9479:106)
    at http://localhost:3000/_next/static/chunks/node_modules_react-dom_0bruynb._.js:9553:158 @ http://localhost:3000/_next/static/chunks/node_modules_next_dist_0k8zr~w._.js:1945
[   51874ms] [ERROR] Error: You have tried to read "publicKey" on a WalletContext without providing one. Make sure to render a WalletProvider as an ancestor of the component that uses WalletContext.
    at logMissingProviderError (http://localhost:3000/_next/static/chunks/node_modules_0e4g8kj._.js:1621:19)
    at Object.get (http://localhost:3000/_next/static/chunks/node_modules_0e4g8kj._.js:1616:9)
    at SolanaConnectWallet (http://localhost:3000/_next/static/chunks/%5Broot-of-the-server%5D__01pr~vt._.js:486:13)
    at Object.react_stack_bottom_frame (http://localhost:3000/_next/static/chunks/node_modules_react-dom_0bruynb._.js:13800:24)
    at renderWithHooksAgain (http://localhost:3000/_next/static/chunks/node_modules_react-dom_0bruynb._.js:4519:24)
    at renderWithHooks (http://localhost:3000/_next/static/chunks/node_modules_react-dom_0bruynb._.js:4470:28)
    at updateFunctionComponent (http://localhost:3000/_next/static/chunks/node_modules_react-dom_0bruynb._.js:5917:21)
    at beginWork (http://localhost:3000/_next/static/chunks/node_modules_react-dom_0bruynb._.js:6498:24)
    at runWithFiberInDEV (http://localhost:3000/_next/static/chunks/node_modules_react-dom_0bruynb._.js:886:74)
    at performUnitOfWork (http://localhost:3000/_next/static/chunks/node_modules_react-dom_0bruynb._.js:8894:97)
    at workLoopSync (http://localhost:3000/_next/static/chunks/node_modules_react-dom_0bruynb._.js:8788:40)
    at renderRootSync (http://localhost:3000/_next/static/chunks/node_modules_react-dom_0bruynb._.js:8772:13)
    at performWorkOnRoot (http://localhost:3000/_next/static/chunks/node_modules_react-dom_0bruynb._.js:8400:186)
    at performSyncWorkOnRoot (http://localhost:3000/_next/static/chunks/node_modules_react-dom_0bruynb._.js:9542:9)
    at flushSyncWorkAcrossRoots_impl (http://localhost:3000/_next/static/chunks/node_modules_react-dom_0bruynb._.js:9458:316)
    at processRootScheduleInMicrotask (http://localhost:3000/_next/static/chunks/node_modules_react-dom_0bruynb._.js:9479:106)
    at http://localhost:3000/_next/static/chunks/node_modules_react-dom_0bruynb._.js:9553:158 @ http://localhost:3000/_next/static/chunks/node_modules_next_dist_0k8zr~w._.js:1945
[   51874ms] [ERROR] Error: You have tried to read "publicKey" on a WalletContext without providing one. Make sure to render a WalletProvider as an ancestor of the component that uses WalletContext.
    at logMissingProviderError (http://localhost:3000/_next/static/chunks/node_modules_0e4g8kj._.js:1621:19)
    at Object.get (http://localhost:3000/_next/static/chunks/node_modules_0e4g8kj._.js:1616:9)
    at useWalletMultiButton (http://localhost:3000/_next/static/chunks/node_modules_0e4g8kj._.js:1658:72)
    at BaseWalletMultiButton (http://localhost:3000/_next/static/chunks/node_modules_0e4g8kj._.js:1833:307)
    at Object.react_stack_bottom_frame (http://localhost:3000/_next/static/chunks/node_modules_react-dom_0bruynb._.js:13800:24)
    at renderWithHooks (http://localhost:3000/_next/static/chunks/node_modules_react-dom_0bruynb._.js:4464:24)
    at updateFunctionComponent (http://localhost:3000/_next/static/chunks/node_modules_react-dom_0bruynb._.js:5917:21)
    at beginWork (http://localhost:3000/_next/static/chunks/node_modules_react-dom_0bruynb._.js:6498:24)
    at runWithFiberInDEV (http://localhost:3000/_next/static/chunks/node_modules_react-dom_0bruynb._.js:886:74)
    at performUnitOfWork (http://localhost:3000/_next/static/chunks/node_modules_react-dom_0bruynb._.js:8894:97)
    at workLoopSync (http://localhost:3000/_next/static/chunks/node_modules_react-dom_0bruynb._.js:8788:40)
    at renderRootSync (http://localhost:3000/_next/static/chunks/node_modules_react-dom_0bruynb._.js:8772:13)
    at performWorkOnRoot (http://localhost:3000/_next/static/chunks/node_modules_react-dom_0bruynb._.js:8400:186)
    at performSyncWorkOnRoot (http://localhost:3000/_next/static/chunks/node_modules_react-dom_0bruynb._.js:9542:9)
    at flushSyncWorkAcrossRoots_impl (http://localhost:3000/_next/static/chunks/node_modules_react-dom_0bruynb._.js:9458:316)
    at processRootScheduleInMicrotask (http://localhost:3000/_next/static/chunks/node_modules_react-dom_0bruynb._.js:9479:106)
    at http://localhost:3000/_next/static/chunks/node_modules_react-dom_0bruynb._.js:9553:158 @ http://localhost:3000/_next/static/chunks/node_modules_next_dist_0k8zr~w._.js:1945
[   51874ms] [ERROR] Error: You have tried to read "wallet" on a WalletContext without providing one. Make sure to render a WalletProvider as an ancestor of the component that uses WalletContext.
    at logMissingProviderError (http://localhost:3000/_next/static/chunks/node_modules_0e4g8kj._.js:1621:19)
    at Object.get (http://localhost:3000/_next/static/chunks/node_modules_0e4g8kj._.js:1610:9)
    at useWalletMultiButton (http://localhost:3000/_next/static/chunks/node_modules_0e4g8kj._.js:1658:91)
    at BaseWalletMultiButton (http://localhost:3000/_next/static/chunks/node_modules_0e4g8kj._.js:1833:307)
    at Object.react_stack_bottom_frame (http://localhost:3000/_next/static/chunks/node_modules_react-dom_0bruynb._.js:13800:24)
    at renderWithHooks (http://localhost:3000/_next/static/chunks/node_modules_react-dom_0bruynb._.js:4464:24)
    at updateFunctionComponent (http://localhost:3000/_next/static/chunks/node_modules_react-dom_0bruynb._.js:5917:21)
    at beginWork (http://localhost:3000/_next/static/chunks/node_modules_react-dom_0bruynb._.js:6498:24)
    at runWithFiberInDEV (http://localhost:3000/_next/static/chunks/node_modules_react-dom_0bruynb._.js:886:74)
    at performUnitOfWork (http://localhost:3000/_next/static/chunks/node_modules_react-dom_0bruynb._.js:8894:97)
    at workLoopSync (http://localhost:3000/_next/static/chunks/node_modules_react-dom_0bruynb._.js:8788:40)
    at renderRootSync (http://localhost:3000/_next/static/chunks/node_modules_react-dom_0bruynb._.js:8772:13)
    at performWorkOnRoot (http://localhost:3000/_next/static/chunks/node_modules_react-dom_0bruynb._.js:8400:186)
    at performSyncWorkOnRoot (http://localhost:3000/_next/static/chunks/node_modules_react-dom_0bruynb._.js:9542:9)
    at flushSyncWorkAcrossRoots_impl (http://localhost:3000/_next/static/chunks/node_modules_react-dom_0bruynb._.js:9458:316)
    at processRootScheduleInMicrotask (http://localhost:3000/_next/static/chunks/node_modules_react-dom_0bruynb._.js:9479:106)
    at http://localhost:3000/_next/static/chunks/node_modules_react-dom_0bruynb._.js:9553:158 @ http://localhost:3000/_next/static/chunks/node_modules_next_dist_0k8zr~w._.js:1945
[   51875ms] [ERROR] Error: You have tried to read "wallets" on a WalletContext without providing one. Make sure to render a WalletProvider as an ancestor of the component that uses WalletContext.
    at logMissingProviderError (http://localhost:3000/_next/static/chunks/node_modules_0e4g8kj._.js:1621:19)
    at Object.get (http://localhost:3000/_next/static/chunks/node_modules_0e4g8kj._.js:1604:9)
    at useWalletMultiButton (http://localhost:3000/_next/static/chunks/node_modules_0e4g8kj._.js:1658:99)
    at BaseWalletMultiButton (http://localhost:3000/_next/static/chunks/node_modules_0e4g8kj._.js:1833:307)
    at Object.react_stack_bottom_frame (http://localhost:3000/_next/static/chunks/node_modules_react-dom_0bruynb._.js:13800:24)
    at renderWithHooks (http://localhost:3000/_next/static/chunks/node_modules_react-dom_0bruynb._.js:4464:24)
    at updateFunctionComponent (http://localhost:3000/_next/static/chunks/node_modules_react-dom_0bruynb._.js:5917:21)
    at beginWork (http://localhost:3000/_next/static/chunks/node_modules_react-dom_0bruynb._.js:6498:24)
    at runWithFiberInDEV (http://localhost:3000/_next/static/chunks/node_modules_react-dom_0bruynb._.js:886:74)
    at performUnitOfWork (http://localhost:3000/_next/static/chunks/node_modules_react-dom_0bruynb._.js:8894:97)
    at workLoopSync (http://localhost:3000/_next/static/chunks/node_modules_react-dom_0bruynb._.js:8788:40)
    at renderRootSync (http://localhost:3000/_next/static/chunks/node_modules_react-dom_0bruynb._.js:8772:13)
    at performWorkOnRoot (http://localhost:3000/_next/static/chunks/node_modules_react-dom_0bruynb._.js:8400:186)
    at performSyncWorkOnRoot (http://localhost:3000/_next/static/chunks/node_modules_react-dom_0bruynb._.js:9542:9)
    at flushSyncWorkAcrossRoots_impl (http://localhost:3000/_next/static/chunks/node_modules_react-dom_0bruynb._.js:9458:316)
    at processRootScheduleInMicrotask (http://localhost:3000/_next/static/chunks/node_modules_react-dom_0bruynb._.js:9479:106)
    at http://localhost:3000/_next/static/chunks/node_modules_react-dom_0bruynb._.js:9553:158 @ http://localhost:3000/_next/static/chunks/node_modules_next_dist_0k8zr~w._.js:1945
[   51875ms] [ERROR] Error: You have tried to read "publicKey" on a WalletContext without providing one. Make sure to render a WalletProvider as an ancestor of the component that uses WalletContext.
    at logMissingProviderError (http://localhost:3000/_next/static/chunks/node_modules_0e4g8kj._.js:1621:19)
    at Object.get (http://localhost:3000/_next/static/chunks/node_modules_0e4g8kj._.js:1616:9)
    at useWalletMultiButton (http://localhost:3000/_next/static/chunks/node_modules_0e4g8kj._.js:1658:72)
    at BaseWalletMultiButton (http://localhost:3000/_next/static/chunks/node_modules_0e4g8kj._.js:1833:307)
    at Object.react_stack_bottom_frame (http://localhost:3000/_next/static/chunks/node_modules_react-dom_0bruynb._.js:13800:24)
    at renderWithHooksAgain (http://localhost:3000/_next/static/chunks/node_modules_react-dom_0bruynb._.js:4519:24)
    at renderWithHooks (http://localhost:3000/_next/static/chunks/node_modules_react-dom_0bruynb._.js:4470:28)
    at updateFunctionComponent (http://localhost:3000/_next/static/chunks/node_modules_react-dom_0bruynb._.js:5917:21)
    at beginWork (http://localhost:3000/_next/static/chunks/node_modules_react-dom_0bruynb._.js:6498:24)
    at runWithFiberInDEV (http://localhost:3000/_next/static/chunks/node_modules_react-dom_0bruynb._.js:886:74)
    at performUnitOfWork (http://localhost:3000/_next/static/chunks/node_modules_react-dom_0bruynb._.js:8894:97)
    at workLoopSync (http://localhost:3000/_next/static/chunks/node_modules_react-dom_0bruynb._.js:8788:40)
    at renderRootSync (http://localhost:3000/_next/static/chunks/node_modules_react-dom_0bruynb._.js:8772:13)
    at performWorkOnRoot (http://localhost:3000/_next/static/chunks/node_modules_react-dom_0bruynb._.js:8400:186)
    at performSyncWorkOnRoot (http://localhost:3000/_next/static/chunks/node_modules_react-dom_0bruynb._.js:9542:9)
    at flushSyncWorkAcrossRoots_impl (http://localhost:3000/_next/static/chunks/node_modules_react-dom_0bruynb._.js:9458:316)
    at processRootScheduleInMicrotask (http://localhost:3000/_next/static/chunks/node_modules_react-dom_0bruynb._.js:9479:106)
    at http://localhost:3000/_next/static/chunks/node_modules_react-dom_0bruynb._.js:9553:158 @ http://localhost:3000/_next/static/chunks/node_modules_next_dist_0k8zr~w._.js:1945
[   51875ms] [ERROR] Error: You have tried to read "wallet" on a WalletContext without providing one. Make sure to render a WalletProvider as an ancestor of the component that uses WalletContext.
    at logMissingProviderError (http://localhost:3000/_next/static/chunks/node_modules_0e4g8kj._.js:1621:19)
    at Object.get (http://localhost:3000/_next/static/chunks/node_modules_0e4g8kj._.js:1610:9)
    at useWalletMultiButton (http://localhost:3000/_next/static/chunks/node_modules_0e4g8kj._.js:1658:91)
    at BaseWalletMultiButton (http://localhost:3000/_next/static/chunks/node_modules_0e4g8kj._.js:1833:307)
    at Object.react_stack_bottom_frame (http://localhost:3000/_next/static/chunks/node_modules_react-dom_0bruynb._.js:13800:24)
    at renderWithHooksAgain (http://localhost:3000/_next/static/chunks/node_modules_react-dom_0bruynb._.js:4519:24)
    at renderWithHooks (http://localhost:3000/_next/static/chunks/node_modules_react-dom_0bruynb._.js:4470:28)
    at updateFunctionComponent (http://localhost:3000/_next/static/chunks/node_modules_react-dom_0bruynb._.js:5917:21)
    at beginWork (http://localhost:3000/_next/static/chunks/node_modules_react-dom_0bruynb._.js:6498:24)
    at runWithFiberInDEV (http://localhost:3000/_next/static/chunks/node_modules_react-dom_0bruynb._.js:886:74)
    at performUnitOfWork (http://localhost:3000/_next/static/chunks/node_modules_react-dom_0bruynb._.js:8894:97)
    at workLoopSync (http://localhost:3000/_next/static/chunks/node_modules_react-dom_0bruynb._.js:8788:40)
    at renderRootSync (http://localhost:3000/_next/static/chunks/node_modules_react-dom_0bruynb._.js:8772:13)
    at performWorkOnRoot (http://localhost:3000/_next/static/chunks/node_modules_react-dom_0bruynb._.js:8400:186)
    at performSyncWorkOnRoot (http://localhost:3000/_next/static/chunks/node_modules_react-dom_0bruynb._.js:9542:9)
    at flushSyncWorkAcrossRoots_impl (http://localhost:3000/_next/static/chunks/node_modules_react-dom_0bruynb._.js:9458:316)
    at processRootScheduleInMicrotask (http://localhost:3000/_next/static/chunks/node_modules_react-dom_0bruynb._.js:9479:106)
    at http://localhost:3000/_next/static/chunks/node_modules_react-dom_0bruynb._.js:9553:158 @ http://localhost:3000/_next/static/chunks/node_modules_next_dist_0k8zr~w._.js:1945
[   51876ms] [ERROR] Error: You have tried to read "wallets" on a WalletContext without providing one. Make sure to render a WalletProvider as an ancestor of the component that uses WalletContext.
    at logMissingProviderError (http://localhost:3000/_next/static/chunks/node_modules_0e4g8kj._.js:1621:19)
    at Object.get (http://localhost:3000/_next/static/chunks/node_modules_0e4g8kj._.js:1604:9)
    at useWalletMultiButton (http://localhost:3000/_next/static/chunks/node_modules_0e4g8kj._.js:1658:99)
    at BaseWalletMultiButton (http://localhost:3000/_next/static/chunks/node_modules_0e4g8kj._.js:1833:307)
    at Object.react_stack_bottom_frame (http://localhost:3000/_next/static/chunks/node_modules_react-dom_0bruynb._.js:13800:24)
    at renderWithHooksAgain (http://localhost:3000/_next/static/chunks/node_modules_react-dom_0bruynb._.js:4519:24)
    at renderWithHooks (http://localhost:3000/_next/static/chunks/node_modules_react-dom_0bruynb._.js:4470:28)
    at updateFunctionComponent (http://localhost:3000/_next/static/chunks/node_modules_react-dom_0bruynb._.js:5917:21)
    at beginWork (http://localhost:3000/_next/static/chunks/node_modules_react-dom_0bruynb._.js:6498:24)
    at runWithFiberInDEV (http://localhost:3000/_next/static/chunks/node_modules_react-dom_0bruynb._.js:886:74)
    at performUnitOfWork (http://localhost:3000/_next/static/chunks/node_modules_react-dom_0bruynb._.js:8894:97)
    at workLoopSync (http://localhost:3000/_next/static/chunks/node_modules_react-dom_0bruynb._.js:8788:40)
    at renderRootSync (http://localhost:3000/_next/static/chunks/node_modules_react-dom_0bruynb._.js:8772:13)
    at performWorkOnRoot (http://localhost:3000/_next/static/chunks/node_modules_react-dom_0bruynb._.js:8400:186)
    at performSyncWorkOnRoot (http://localhost:3000/_next/static/chunks/node_modules_react-dom_0bruynb._.js:9542:9)
    at flushSyncWorkAcrossRoots_impl (http://localhost:3000/_next/static/chunks/node_modules_react-dom_0bruynb._.js:9458:316)
    at processRootScheduleInMicrotask (http://localhost:3000/_next/static/chunks/node_modules_react-dom_0bruynb._.js:9479:106)
    at http://localhost:3000/_next/static/chunks/node_modules_react-dom_0bruynb._.js:9553:158 @ http://localhost:3000/_next/static/chunks/node_modules_next_dist_0k8zr~w._.js:1945
[   51876ms] [ERROR] Error: You have tried to read "publicKey" on a WalletContext without providing one. Make sure to render a WalletProvider as an ancestor of the component that uses WalletContext.
    at logMissingProviderError (http://localhost:3000/_next/static/chunks/node_modules_0e4g8kj._.js:1621:19)
    at Object.get (http://localhost:3000/_next/static/chunks/node_modules_0e4g8kj._.js:1616:9)
    at PlaceBetModal (http://localhost:3000/_next/static/chunks/%5Broot-of-the-server%5D__01pr~vt._.js:2453:13)
    at Object.react_stack_bottom_frame (http://localhost:3000/_next/static/chunks/node_modules_react-dom_0bruynb._.js:13800:24)
    at renderWithHooks (http://localhost:3000/_next/static/chunks/node_modules_react-dom_0bruynb._.js:4464:24)
    at updateFunctionComponent (http://localhost:3000/_next/static/chunks/node_modules_react-dom_0bruynb._.js:5917:21)
    at beginWork (http://localhost:3000/_next/static/chunks/node_modules_react-dom_0bruynb._.js:6498:24)
    at runWithFiberInDEV (http://localhost:3000/_next/static/chunks/node_modules_react-dom_0bruynb._.js:886:74)
    at performUnitOfWork (http://localhost:3000/_next/static/chunks/node_modules_react-dom_0bruynb._.js:8894:97)
    at workLoopSync (http://localhost:3000/_next/static/chunks/node_modules_react-dom_0bruynb._.js:8788:40)
    at renderRootSync (http://localhost:3000/_next/static/chunks/node_modules_react-dom_0bruynb._.js:8772:13)
    at performWorkOnRoot (http://localhost:3000/_next/static/chunks/node_modules_react-dom_0bruynb._.js:8400:186)
    at performSyncWorkOnRoot (http://localhost:3000/_next/static/chunks/node_modules_react-dom_0bruynb._.js:9542:9)
    at flushSyncWorkAcrossRoots_impl (http://localhost:3000/_next/static/chunks/node_modules_react-dom_0bruynb._.js:9458:316)
    at processRootScheduleInMicrotask (http://localhost:3000/_next/static/chunks/node_modules_react-dom_0bruynb._.js:9479:106)
    at http://localhost:3000/_next/static/chunks/node_modules_react-dom_0bruynb._.js:9553:158 @ http://localhost:3000/_next/static/chunks/node_modules_next_dist_0k8zr~w._.js:1945
[   51877ms] [ERROR] Error: You have tried to read "publicKey" on a WalletContext without providing one. Make sure to render a WalletProvider as an ancestor of the component that uses WalletContext.
    at logMissingProviderError (http://localhost:3000/_next/static/chunks/node_modules_0e4g8kj._.js:1621:19)
    at Object.get (http://localhost:3000/_next/static/chunks/node_modules_0e4g8kj._.js:1616:9)
    at usePlaceBet (http://localhost:3000/_next/static/chunks/%5Broot-of-the-server%5D__01pr~vt._.js:2301:13)
    at PlaceBetModal (http://localhost:3000/_next/static/chunks/%5Broot-of-the-server%5D__01pr~vt._.js:2460:166)
    at Object.react_stack_bottom_frame (http://localhost:3000/_next/static/chunks/node_modules_react-dom_0bruynb._.js:13800:24)
    at renderWithHooks (http://localhost:3000/_next/static/chunks/node_modules_react-dom_0bruynb._.js:4464:24)
    at updateFunctionComponent (http://localhost:3000/_next/static/chunks/node_modules_react-dom_0bruynb._.js:5917:21)
    at beginWork (http://localhost:3000/_next/static/chunks/node_modules_react-dom_0bruynb._.js:6498:24)
    at runWithFiberInDEV (http://localhost:3000/_next/static/chunks/node_modules_react-dom_0bruynb._.js:886:74)
    at performUnitOfWork (http://localhost:3000/_next/static/chunks/node_modules_react-dom_0bruynb._.js:8894:97)
    at workLoopSync (http://localhost:3000/_next/static/chunks/node_modules_react-dom_0bruynb._.js:8788:40)
    at renderRootSync (http://localhost:3000/_next/static/chunks/node_modules_react-dom_0bruynb._.js:8772:13)
    at performWorkOnRoot (http://localhost:3000/_next/static/chunks/node_modules_react-dom_0bruynb._.js:8400:186)
    at performSyncWorkOnRoot (http://localhost:3000/_next/static/chunks/node_modules_react-dom_0bruynb._.js:9542:9)
    at flushSyncWorkAcrossRoots_impl (http://localhost:3000/_next/static/chunks/node_modules_react-dom_0bruynb._.js:9458:316)
    at processRootScheduleInMicrotask (http://localhost:3000/_next/static/chunks/node_modules_react-dom_0bruynb._.js:9479:106)
    at http://localhost:3000/_next/static/chunks/node_modules_react-dom_0bruynb._.js:9553:158 @ http://localhost:3000/_next/static/chunks/node_modules_next_dist_0k8zr~w._.js:1945
[   51877ms] [ERROR] Error: You have tried to read "publicKey" on a WalletContext without providing one. Make sure to render a WalletProvider as an ancestor of the component that uses WalletContext.
    at logMissingProviderError (http://localhost:3000/_next/static/chunks/node_modules_0e4g8kj._.js:1621:19)
    at Object.get (http://localhost:3000/_next/static/chunks/node_modules_0e4g8kj._.js:1616:9)
    at PlaceBetModal (http://localhost:3000/_next/static/chunks/%5Broot-of-the-server%5D__01pr~vt._.js:2453:13)
    at Object.react_stack_bottom_frame (http://localhost:3000/_next/static/chunks/node_modules_react-dom_0bruynb._.js:13800:24)
    at renderWithHooksAgain (http://localhost:3000/_next/static/chunks/node_modules_react-dom_0bruynb._.js:4519:24)
    at renderWithHooks (http://localhost:3000/_next/static/chunks/node_modules_react-dom_0bruynb._.js:4470:28)
    at updateFunctionComponent (http://localhost:3000/_next/static/chunks/node_modules_react-dom_0bruynb._.js:5917:21)
    at beginWork (http://localhost:3000/_next/static/chunks/node_modules_react-dom_0bruynb._.js:6498:24)
    at runWithFiberInDEV (http://localhost:3000/_next/static/chunks/node_modules_react-dom_0bruynb._.js:886:74)
    at performUnitOfWork (http://localhost:3000/_next/static/chunks/node_modules_react-dom_0bruynb._.js:8894:97)
    at workLoopSync (http://localhost:3000/_next/static/chunks/node_modules_react-dom_0bruynb._.js:8788:40)
    at renderRootSync (http://localhost:3000/_next/static/chunks/node_modules_react-dom_0bruynb._.js:8772:13)
    at performWorkOnRoot (http://localhost:3000/_next/static/chunks/node_modules_react-dom_0bruynb._.js:8400:186)
    at performSyncWorkOnRoot (http://localhost:3000/_next/static/chunks/node_modules_react-dom_0bruynb._.js:9542:9)
    at flushSyncWorkAcrossRoots_impl (http://localhost:3000/_next/static/chunks/node_modules_react-dom_0bruynb._.js:9458:316)
    at processRootScheduleInMicrotask (http://localhost:3000/_next/static/chunks/node_modules_react-dom_0bruynb._.js:9479:106)
    at http://localhost:3000/_next/static/chunks/node_modules_react-dom_0bruynb._.js:9553:158 @ http://localhost:3000/_next/static/chunks/node_modules_next_dist_0k8zr~w._.js:1945
[   51877ms] [ERROR] Error: You have tried to read "publicKey" on a WalletContext without providing one. Make sure to render a WalletProvider as an ancestor of the component that uses WalletContext.
    at logMissingProviderError (http://localhost:3000/_next/static/chunks/node_modules_0e4g8kj._.js:1621:19)
    at Object.get (http://localhost:3000/_next/static/chunks/node_modules_0e4g8kj._.js:1616:9)
    at usePlaceBet (http://localhost:3000/_next/static/chunks/%5Broot-of-the-server%5D__01pr~vt._.js:2301:13)
    at PlaceBetModal (http://localhost:3000/_next/static/chunks/%5Broot-of-the-server%5D__01pr~vt._.js:2460:166)
    at Object.react_stack_bottom_frame (http://localhost:3000/_next/static/chunks/node_modules_react-dom_0bruynb._.js:13800:24)
    at renderWithHooksAgain (http://localhost:3000/_next/static/chunks/node_modules_react-dom_0bruynb._.js:4519:24)
    at renderWithHooks (http://localhost:3000/_next/static/chunks/node_modules_react-dom_0bruynb._.js:4470:28)
    at updateFunctionComponent (http://localhost:3000/_next/static/chunks/node_modules_react-dom_0bruynb._.js:5917:21)
    at beginWork (http://localhost:3000/_next/static/chunks/node_modules_react-dom_0bruynb._.js:6498:24)
    at runWithFiberInDEV (http://localhost:3000/_next/static/chunks/node_modules_react-dom_0bruynb._.js:886:74)
    at performUnitOfWork (http://localhost:3000/_next/static/chunks/node_modules_react-dom_0bruynb._.js:8894:97)
    at workLoopSync (http://localhost:3000/_next/static/chunks/node_modules_react-dom_0bruynb._.js:8788:40)
    at renderRootSync (http://localhost:3000/_next/static/chunks/node_modules_react-dom_0bruynb._.js:8772:13)
    at performWorkOnRoot (http://localhost:3000/_next/static/chunks/node_modules_react-dom_0bruynb._.js:8400:186)
    at performSyncWorkOnRoot (http://localhost:3000/_next/static/chunks/node_modules_react-dom_0bruynb._.js:9542:9)
    at flushSyncWorkAcrossRoots_impl (http://localhost:3000/_next/static/chunks/node_modules_react-dom_0bruynb._.js:9458:316)
    at processRootScheduleInMicrotask (http://localhost:3000/_next/static/chunks/node_modules_react-dom_0bruynb._.js:9479:106)
    at http://localhost:3000/_next/static/chunks/node_modules_react-dom_0bruynb._.js:9553:158 @ http://localhost:3000/_next/static/chunks/node_modules_next_dist_0k8zr~w._.js:1945
[   54169ms] [ERROR] Error: You have tried to read "publicKey" on a WalletContext without providing one. Make sure to render a WalletProvider as an ancestor of the component that uses WalletContext.
    at logMissingProviderError (http://localhost:3000/_next/static/chunks/node_modules_0e4g8kj._.js:1621:19)
    at Object.get (http://localhost:3000/_next/static/chunks/node_modules_0e4g8kj._.js:1616:9)
    at SolanaConnectWallet (http://localhost:3000/_next/static/chunks/%5Broot-of-the-server%5D__01pr~vt._.js:486:13)
    at Object.react_stack_bottom_frame (http://localhost:3000/_next/static/chunks/node_modules_react-dom_0bruynb._.js:13800:24)
    at renderWithHooks (http://localhost:3000/_next/static/chunks/node_modules_react-dom_0bruynb._.js:4464:24)
    at updateFunctionComponent (http://localhost:3000/_next/static/chunks/node_modules_react-dom_0bruynb._.js:5917:21)
    at beginWork (http://localhost:3000/_next/static/chunks/node_modules_react-dom_0bruynb._.js:6498:24)
    at runWithFiberInDEV (http://localhost:3000/_next/static/chunks/node_modules_react-dom_0bruynb._.js:886:74)
    at performUnitOfWork (http://localhost:3000/_next/static/chunks/node_modules_react-dom_0bruynb._.js:8894:97)
    at workLoopSync (http://localhost:3000/_next/static/chunks/node_modules_react-dom_0bruynb._.js:8788:40)
    at renderRootSync (http://localhost:3000/_next/static/chunks/node_modules_react-dom_0bruynb._.js:8772:13)
    at performWorkOnRoot (http://localhost:3000/_next/static/chunks/node_modules_react-dom_0bruynb._.js:8400:186)
    at performSyncWorkOnRoot (http://localhost:3000/_next/static/chunks/node_modules_react-dom_0bruynb._.js:9542:9)
    at flushSyncWorkAcrossRoots_impl (http://localhost:3000/_next/static/chunks/node_modules_react-dom_0bruynb._.js:9458:316)
    at processRootScheduleInMicrotask (http://localhost:3000/_next/static/chunks/node_modules_react-dom_0bruynb._.js:9479:106)
    at http://localhost:3000/_next/static/chunks/node_modules_react-dom_0bruynb._.js:9553:158 @ http://localhost:3000/_next/static/chunks/node_modules_next_dist_0k8zr~w._.js:1945
[   54170ms] [ERROR] Error: You have tried to read "publicKey" on a WalletContext without providing one. Make sure to render a WalletProvider as an ancestor of the component that uses WalletContext.
    at logMissingProviderError (http://localhost:3000/_next/static/chunks/node_modules_0e4g8kj._.js:1621:19)
    at Object.get (http://localhost:3000/_next/static/chunks/node_modules_0e4g8kj._.js:1616:9)
    at SolanaConnectWallet (http://localhost:3000/_next/static/chunks/%5Broot-of-the-server%5D__01pr~vt._.js:486:13)
    at Object.react_stack_bottom_frame (http://localhost:3000/_next/static/chunks/node_modules_react-dom_0bruynb._.js:13800:24)
    at renderWithHooksAgain (http://localhost:3000/_next/static/chunks/node_modules_react-dom_0bruynb._.js:4519:24)
    at renderWithHooks (http://localhost:3000/_next/static/chunks/node_modules_react-dom_0bruynb._.js:4470:28)
    at updateFunctionComponent (http://localhost:3000/_next/static/chunks/node_modules_react-dom_0bruynb._.js:5917:21)
    at beginWork (http://localhost:3000/_next/static/chunks/node_modules_react-dom_0bruynb._.js:6498:24)
    at runWithFiberInDEV (http://localhost:3000/_next/static/chunks/node_modules_react-dom_0bruynb._.js:886:74)
    at performUnitOfWork (http://localhost:3000/_next/static/chunks/node_modules_react-dom_0bruynb._.js:8894:97)
    at workLoopSync (http://localhost:3000/_next/static/chunks/node_modules_react-dom_0bruynb._.js:8788:40)
    at renderRootSync (http://localhost:3000/_next/static/chunks/node_modules_react-dom_0bruynb._.js:8772:13)
    at performWorkOnRoot (http://localhost:3000/_next/static/chunks/node_modules_react-dom_0bruynb._.js:8400:186)
    at performSyncWorkOnRoot (http://localhost:3000/_next/static/chunks/node_modules_react-dom_0bruynb._.js:9542:9)
    at flushSyncWorkAcrossRoots_impl (http://localhost:3000/_next/static/chunks/node_modules_react-dom_0bruynb._.js:9458:316)
    at processRootScheduleInMicrotask (http://localhost:3000/_next/static/chunks/node_modules_react-dom_0bruynb._.js:9479:106)
    at http://localhost:3000/_next/static/chunks/node_modules_react-dom_0bruynb._.js:9553:158 @ http://localhost:3000/_next/static/chunks/node_modules_next_dist_0k8zr~w._.js:1945
[   54170ms] [ERROR] Error: You have tried to read "publicKey" on a WalletContext without providing one. Make sure to render a WalletProvider as an ancestor of the component that uses WalletContext.
    at logMissingProviderError (http://localhost:3000/_next/static/chunks/node_modules_0e4g8kj._.js:1621:19)
    at Object.get (http://localhost:3000/_next/static/chunks/node_modules_0e4g8kj._.js:1616:9)
    at useWalletMultiButton (http://localhost:3000/_next/static/chunks/node_modules_0e4g8kj._.js:1658:72)
    at BaseWalletMultiButton (http://localhost:3000/_next/static/chunks/node_modules_0e4g8kj._.js:1833:307)
    at Object.react_stack_bottom_frame (http://localhost:3000/_next/static/chunks/node_modules_react-dom_0bruynb._.js:13800:24)
    at renderWithHooks (http://localhost:3000/_next/static/chunks/node_modules_react-dom_0bruynb._.js:4464:24)
    at updateFunctionComponent (http://localhost:3000/_next/static/chunks/node_modules_react-dom_0bruynb._.js:5917:21)
    at beginWork (http://localhost:3000/_next/static/chunks/node_modules_react-dom_0bruynb._.js:6498:24)
    at runWithFiberInDEV (http://localhost:3000/_next/static/chunks/node_modules_react-dom_0bruynb._.js:886:74)
    at performUnitOfWork (http://localhost:3000/_next/static/chunks/node_modules_react-dom_0bruynb._.js:8894:97)
    at workLoopSync (http://localhost:3000/_next/static/chunks/node_modules_react-dom_0bruynb._.js:8788:40)
    at renderRootSync (http://localhost:3000/_next/static/chunks/node_modules_react-dom_0bruynb._.js:8772:13)
    at performWorkOnRoot (http://localhost:3000/_next/static/chunks/node_modules_react-dom_0bruynb._.js:8400:186)
    at performSyncWorkOnRoot (http://localhost:3000/_next/static/chunks/node_modules_react-dom_0bruynb._.js:9542:9)
    at flushSyncWorkAcrossRoots_impl (http://localhost:3000/_next/static/chunks/node_modules_react-dom_0bruynb._.js:9458:316)
    at processRootScheduleInMicrotask (http://localhost:3000/_next/static/chunks/node_modules_react-dom_0bruynb._.js:9479:106)
    at http://localhost:3000/_next/static/chunks/node_modules_react-dom_0bruynb._.js:9553:158 @ http://localhost:3000/_next/static/chunks/node_modules_next_dist_0k8zr~w._.js:1945
[   54171ms] [ERROR] Error: You have tried to read "wallet" on a WalletContext without providing one. Make sure to render a WalletProvider as an ancestor of the component that uses WalletContext.
    at logMissingProviderError (http://localhost:3000/_next/static/chunks/node_modules_0e4g8kj._.js:1621:19)
    at Object.get (http://localhost:3000/_next/static/chunks/node_modules_0e4g8kj._.js:1610:9)
    at useWalletMultiButton (http://localhost:3000/_next/static/chunks/node_modules_0e4g8kj._.js:1658:91)
    at BaseWalletMultiButton (http://localhost:3000/_next/static/chunks/node_modules_0e4g8kj._.js:1833:307)
    at Object.react_stack_bottom_frame (http://localhost:3000/_next/static/chunks/node_modules_react-dom_0bruynb._.js:13800:24)
    at renderWithHooks (http://localhost:3000/_next/static/chunks/node_modules_react-dom_0bruynb._.js:4464:24)
    at updateFunctionComponent (http://localhost:3000/_next/static/chunks/node_modules_react-dom_0bruynb._.js:5917:21)
    at beginWork (http://localhost:3000/_next/static/chunks/node_modules_react-dom_0bruynb._.js:6498:24)
    at runWithFiberInDEV (http://localhost:3000/_next/static/chunks/node_modules_react-dom_0bruynb._.js:886:74)
    at performUnitOfWork (http://localhost:3000/_next/static/chunks/node_modules_react-dom_0bruynb._.js:8894:97)
    at workLoopSync (http://localhost:3000/_next/static/chunks/node_modules_react-dom_0bruynb._.js:8788:40)
    at renderRootSync (http://localhost:3000/_next/static/chunks/node_modules_react-dom_0bruynb._.js:8772:13)
    at performWorkOnRoot (http://localhost:3000/_next/static/chunks/node_modules_react-dom_0bruynb._.js:8400:186)
    at performSyncWorkOnRoot (http://localhost:3000/_next/static/chunks/node_modules_react-dom_0bruynb._.js:9542:9)
    at flushSyncWorkAcrossRoots_impl (http://localhost:3000/_next/static/chunks/node_modules_react-dom_0bruynb._.js:9458:316)
    at processRootScheduleInMicrotask (http://localhost:3000/_next/static/chunks/node_modules_react-dom_0bruynb._.js:9479:106)
    at http://localhost:3000/_next/static/chunks/node_modules_react-dom_0bruynb._.js:9553:158 @ http://localhost:3000/_next/static/chunks/node_modules_next_dist_0k8zr~w._.js:1945
[   54171ms] [ERROR] Error: You have tried to read "wallets" on a WalletContext without providing one. Make sure to render a WalletProvider as an ancestor of the component that uses WalletContext.
    at logMissingProviderError (http://localhost:3000/_next/static/chunks/node_modules_0e4g8kj._.js:1621:19)
    at Object.get (http://localhost:3000/_next/static/chunks/node_modules_0e4g8kj._.js:1604:9)
    at useWalletMultiButton (http://localhost:3000/_next/static/chunks/node_modules_0e4g8kj._.js:1658:99)
    at BaseWalletMultiButton (http://localhost:3000/_next/static/chunks/node_modules_0e4g8kj._.js:1833:307)
    at Object.react_stack_bottom_frame (http://localhost:3000/_next/static/chunks/node_modules_react-dom_0bruynb._.js:13800:24)
    at renderWithHooks (http://localhost:3000/_next/static/chunks/node_modules_react-dom_0bruynb._.js:4464:24)
    at updateFunctionComponent (http://localhost:3000/_next/static/chunks/node_modules_react-dom_0bruynb._.js:5917:21)
    at beginWork (http://localhost:3000/_next/static/chunks/node_modules_react-dom_0bruynb._.js:6498:24)
    at runWithFiberInDEV (http://localhost:3000/_next/static/chunks/node_modules_react-dom_0bruynb._.js:886:74)
    at performUnitOfWork (http://localhost:3000/_next/static/chunks/node_modules_react-dom_0bruynb._.js:8894:97)
    at workLoopSync (http://localhost:3000/_next/static/chunks/node_modules_react-dom_0bruynb._.js:8788:40)
    at renderRootSync (http://localhost:3000/_next/static/chunks/node_modules_react-dom_0bruynb._.js:8772:13)
    at performWorkOnRoot (http://localhost:3000/_next/static/chunks/node_modules_react-dom_0bruynb._.js:8400:186)
    at performSyncWorkOnRoot (http://localhost:3000/_next/static/chunks/node_modules_react-dom_0bruynb._.js:9542:9)
    at flushSyncWorkAcrossRoots_impl (http://localhost:3000/_next/static/chunks/node_modules_react-dom_0bruynb._.js:9458:316)
    at processRootScheduleInMicrotask (http://localhost:3000/_next/static/chunks/node_modules_react-dom_0bruynb._.js:9479:106)
    at http://localhost:3000/_next/static/chunks/node_modules_react-dom_0bruynb._.js:9553:158 @ http://localhost:3000/_next/static/chunks/node_modules_next_dist_0k8zr~w._.js:1945
[   54171ms] [ERROR] Error: You have tried to read "publicKey" on a WalletContext without providing one. Make sure to render a WalletProvider as an ancestor of the component that uses WalletContext.
    at logMissingProviderError (http://localhost:3000/_next/static/chunks/node_modules_0e4g8kj._.js:1621:19)
    at Object.get (http://localhost:3000/_next/static/chunks/node_modules_0e4g8kj._.js:1616:9)
    at useWalletMultiButton (http://localhost:3000/_next/static/chunks/node_modules_0e4g8kj._.js:1658:72)
    at BaseWalletMultiButton (http://localhost:3000/_next/static/chunks/node_modules_0e4g8kj._.js:1833:307)
    at Object.react_stack_bottom_frame (http://localhost:3000/_next/static/chunks/node_modules_react-dom_0bruynb._.js:13800:24)
    at renderWithHooksAgain (http://localhost:3000/_next/static/chunks/node_modules_react-dom_0bruynb._.js:4519:24)
    at renderWithHooks (http://localhost:3000/_next/static/chunks/node_modules_react-dom_0bruynb._.js:4470:28)
    at updateFunctionComponent (http://localhost:3000/_next/static/chunks/node_modules_react-dom_0bruynb._.js:5917:21)
    at beginWork (http://localhost:3000/_next/static/chunks/node_modules_react-dom_0bruynb._.js:6498:24)
    at runWithFiberInDEV (http://localhost:3000/_next/static/chunks/node_modules_react-dom_0bruynb._.js:886:74)
    at performUnitOfWork (http://localhost:3000/_next/static/chunks/node_modules_react-dom_0bruynb._.js:8894:97)
    at workLoopSync (http://localhost:3000/_next/static/chunks/node_modules_react-dom_0bruynb._.js:8788:40)
    at renderRootSync (http://localhost:3000/_next/static/chunks/node_modules_react-dom_0bruynb._.js:8772:13)
    at performWorkOnRoot (http://localhost:3000/_next/static/chunks/node_modules_react-dom_0bruynb._.js:8400:186)
    at performSyncWorkOnRoot (http://localhost:3000/_next/static/chunks/node_modules_react-dom_0bruynb._.js:9542:9)
    at flushSyncWorkAcrossRoots_impl (http://localhost:3000/_next/static/chunks/node_modules_react-dom_0bruynb._.js:9458:316)
    at processRootScheduleInMicrotask (http://localhost:3000/_next/static/chunks/node_modules_react-dom_0bruynb._.js:9479:106)
    at http://localhost:3000/_next/static/chunks/node_modules_react-dom_0bruynb._.js:9553:158 @ http://localhost:3000/_next/static/chunks/node_modules_next_dist_0k8zr~w._.js:1945
[   54171ms] [ERROR] Error: You have tried to read "wallet" on a WalletContext without providing one. Make sure to render a WalletProvider as an ancestor of the component that uses WalletContext.
    at logMissingProviderError (http://localhost:3000/_next/static/chunks/node_modules_0e4g8kj._.js:1621:19)
    at Object.get (http://localhost:3000/_next/static/chunks/node_modules_0e4g8kj._.js:1610:9)
    at useWalletMultiButton (http://localhost:3000/_next/static/chunks/node_modules_0e4g8kj._.js:1658:91)
    at BaseWalletMultiButton (http://localhost:3000/_next/static/chunks/node_modules_0e4g8kj._.js:1833:307)
    at Object.react_stack_bottom_frame (http://localhost:3000/_next/static/chunks/node_modules_react-dom_0bruynb._.js:13800:24)
    at renderWithHooksAgain (http://localhost:3000/_next/static/chunks/node_modules_react-dom_0bruynb._.js:4519:24)
    at renderWithHooks (http://localhost:3000/_next/static/chunks/node_modules_react-dom_0bruynb._.js:4470:28)
    at updateFunctionComponent (http://localhost:3000/_next/static/chunks/node_modules_react-dom_0bruynb._.js:5917:21)
    at beginWork (http://localhost:3000/_next/static/chunks/node_modules_react-dom_0bruynb._.js:6498:24)
    at runWithFiberInDEV (http://localhost:3000/_next/static/chunks/node_modules_react-dom_0bruynb._.js:886:74)
    at performUnitOfWork (http://localhost:3000/_next/static/chunks/node_modules_react-dom_0bruynb._.js:8894:97)
    at workLoopSync (http://localhost:3000/_next/static/chunks/node_modules_react-dom_0bruynb._.js:8788:40)
    at renderRootSync (http://localhost:3000/_next/static/chunks/node_modules_react-dom_0bruynb._.js:8772:13)
    at performWorkOnRoot (http://localhost:3000/_next/static/chunks/node_modules_react-dom_0bruynb._.js:8400:186)
    at performSyncWorkOnRoot (http://localhost:3000/_next/static/chunks/node_modules_react-dom_0bruynb._.js:9542:9)
    at flushSyncWorkAcrossRoots_impl (http://localhost:3000/_next/static/chunks/node_modules_react-dom_0bruynb._.js:9458:316)
    at processRootScheduleInMicrotask (http://localhost:3000/_next/static/chunks/node_modules_react-dom_0bruynb._.js:9479:106)
    at http://localhost:3000/_next/static/chunks/node_modules_react-dom_0bruynb._.js:9553:158 @ http://localhost:3000/_next/static/chunks/node_modules_next_dist_0k8zr~w._.js:1945
[   54172ms] [ERROR] Error: You have tried to read "wallets" on a WalletContext without providing one. Make sure to render a WalletProvider as an ancestor of the component that uses WalletContext.
    at logMissingProviderError (http://localhost:3000/_next/static/chunks/node_modules_0e4g8kj._.js:1621:19)
    at Object.get (http://localhost:3000/_next/static/chunks/node_modules_0e4g8kj._.js:1604:9)
    at useWalletMultiButton (http://localhost:3000/_next/static/chunks/node_modules_0e4g8kj._.js:1658:99)
    at BaseWalletMultiButton (http://localhost:3000/_next/static/chunks/node_modules_0e4g8kj._.js:1833:307)
    at Object.react_stack_bottom_frame (http://localhost:3000/_next/static/chunks/node_modules_react-dom_0bruynb._.js:13800:24)
    at renderWithHooksAgain (http://localhost:3000/_next/static/chunks/node_modules_react-dom_0bruynb._.js:4519:24)
    at renderWithHooks (http://localhost:3000/_next/static/chunks/node_modules_react-dom_0bruynb._.js:4470:28)
    at updateFunctionComponent (http://localhost:3000/_next/static/chunks/node_modules_react-dom_0bruynb._.js:5917:21)
    at beginWork (http://localhost:3000/_next/static/chunks/node_modules_react-dom_0bruynb._.js:6498:24)
    at runWithFiberInDEV (http://localhost:3000/_next/static/chunks/node_modules_react-dom_0bruynb._.js:886:74)
    at performUnitOfWork (http://localhost:3000/_next/static/chunks/node_modules_react-dom_0bruynb._.js:8894:97)
    at workLoopSync (http://localhost:3000/_next/static/chunks/node_modules_react-dom_0bruynb._.js:8788:40)
    at renderRootSync (http://localhost:3000/_next/static/chunks/node_modules_react-dom_0bruynb._.js:8772:13)
    at performWorkOnRoot (http://localhost:3000/_next/static/chunks/node_modules_react-dom_0bruynb._.js:8400:186)
    at performSyncWorkOnRoot (http://localhost:3000/_next/static/chunks/node_modules_react-dom_0bruynb._.js:9542:9)
    at flushSyncWorkAcrossRoots_impl (http://localhost:3000/_next/static/chunks/node_modules_react-dom_0bruynb._.js:9458:316)
    at processRootScheduleInMicrotask (http://localhost:3000/_next/static/chunks/node_modules_react-dom_0bruynb._.js:9479:106)
    at http://localhost:3000/_next/static/chunks/node_modules_react-dom_0bruynb._.js:9553:158 @ http://localhost:3000/_next/static/chunks/node_modules_next_dist_0k8zr~w._.js:1945
[   54172ms] [ERROR] Error: You have tried to read "publicKey" on a WalletContext without providing one. Make sure to render a WalletProvider as an ancestor of the component that uses WalletContext.
    at logMissingProviderError (http://localhost:3000/_next/static/chunks/node_modules_0e4g8kj._.js:1621:19)
    at Object.get (http://localhost:3000/_next/static/chunks/node_modules_0e4g8kj._.js:1616:9)
    at PlaceBetModal (http://localhost:3000/_next/static/chunks/%5Broot-of-the-server%5D__01pr~vt._.js:2453:13)
    at Object.react_stack_bottom_frame (http://localhost:3000/_next/static/chunks/node_modules_react-dom_0bruynb._.js:13800:24)
    at renderWithHooks (http://localhost:3000/_next/static/chunks/node_modules_react-dom_0bruynb._.js:4464:24)
    at updateFunctionComponent (http://localhost:3000/_next/static/chunks/node_modules_react-dom_0bruynb._.js:5917:21)
    at beginWork (http://localhost:3000/_next/static/chunks/node_modules_react-dom_0bruynb._.js:6498:24)
    at runWithFiberInDEV (http://localhost:3000/_next/static/chunks/node_modules_react-dom_0bruynb._.js:886:74)
    at performUnitOfWork (http://localhost:3000/_next/static/chunks/node_modules_react-dom_0bruynb._.js:8894:97)
    at workLoopSync (http://localhost:3000/_next/static/chunks/node_modules_react-dom_0bruynb._.js:8788:40)
    at renderRootSync (http://localhost:3000/_next/static/chunks/node_modules_react-dom_0bruynb._.js:8772:13)
    at performWorkOnRoot (http://localhost:3000/_next/static/chunks/node_modules_react-dom_0bruynb._.js:8400:186)
    at performSyncWorkOnRoot (http://localhost:3000/_next/static/chunks/node_modules_react-dom_0bruynb._.js:9542:9)
    at flushSyncWorkAcrossRoots_impl (http://localhost:3000/_next/static/chunks/node_modules_react-dom_0bruynb._.js:9458:316)
    at processRootScheduleInMicrotask (http://localhost:3000/_next/static/chunks/node_modules_react-dom_0bruynb._.js:9479:106)
    at http://localhost:3000/_next/static/chunks/node_modules_react-dom_0bruynb._.js:9553:158 @ http://localhost:3000/_next/static/chunks/node_modules_next_dist_0k8zr~w._.js:1945
[   54173ms] [ERROR] Error: You have tried to read "publicKey" on a WalletContext without providing one. Make sure to render a WalletProvider as an ancestor of the component that uses WalletContext.
    at logMissingProviderError (http://localhost:3000/_next/static/chunks/node_modules_0e4g8kj._.js:1621:19)
    at Object.get (http://localhost:3000/_next/static/chunks/node_modules_0e4g8kj._.js:1616:9)
    at usePlaceBet (http://localhost:3000/_next/static/chunks/%5Broot-of-the-server%5D__01pr~vt._.js:2301:13)
    at PlaceBetModal (http://localhost:3000/_next/static/chunks/%5Broot-of-the-server%5D__01pr~vt._.js:2460:166)
    at Object.react_stack_bottom_frame (http://localhost:3000/_next/static/chunks/node_modules_react-dom_0bruynb._.js:13800:24)
    at renderWithHooks (http://localhost:3000/_next/static/chunks/node_modules_react-dom_0bruynb._.js:4464:24)
    at updateFunctionComponent (http://localhost:3000/_next/static/chunks/node_modules_react-dom_0bruynb._.js:5917:21)
    at beginWork (http://localhost:3000/_next/static/chunks/node_modules_react-dom_0bruynb._.js:6498:24)
    at runWithFiberInDEV (http://localhost:3000/_next/static/chunks/node_modules_react-dom_0bruynb._.js:886:74)
    at performUnitOfWork (http://localhost:3000/_next/static/chunks/node_modules_react-dom_0bruynb._.js:8894:97)
    at workLoopSync (http://localhost:3000/_next/static/chunks/node_modules_react-dom_0bruynb._.js:8788:40)
    at renderRootSync (http://localhost:3000/_next/static/chunks/node_modules_react-dom_0bruynb._.js:8772:13)
    at performWorkOnRoot (http://localhost:3000/_next/static/chunks/node_modules_react-dom_0bruynb._.js:8400:186)
    at performSyncWorkOnRoot (http://localhost:3000/_next/static/chunks/node_modules_react-dom_0bruynb._.js:9542:9)
    at flushSyncWorkAcrossRoots_impl (http://localhost:3000/_next/static/chunks/node_modules_react-dom_0bruynb._.js:9458:316)
    at processRootScheduleInMicrotask (http://localhost:3000/_next/static/chunks/node_modules_react-dom_0bruynb._.js:9479:106)
    at http://localhost:3000/_next/static/chunks/node_modules_react-dom_0bruynb._.js:9553:158 @ http://localhost:3000/_next/static/chunks/node_modules_next_dist_0k8zr~w._.js:1945
[   54173ms] [ERROR] Error: You have tried to read "publicKey" on a WalletContext without providing one. Make sure to render a WalletProvider as an ancestor of the component that uses WalletContext.
    at logMissingProviderError (http://localhost:3000/_next/static/chunks/node_modules_0e4g8kj._.js:1621:19)
    at Object.get (http://localhost:3000/_next/static/chunks/node_modules_0e4g8kj._.js:1616:9)
    at PlaceBetModal (http://localhost:3000/_next/static/chunks/%5Broot-of-the-server%5D__01pr~vt._.js:2453:13)
    at Object.react_stack_bottom_frame (http://localhost:3000/_next/static/chunks/node_modules_react-dom_0bruynb._.js:13800:24)
    at renderWithHooksAgain (http://localhost:3000/_next/static/chunks/node_modules_react-dom_0bruynb._.js:4519:24)
    at renderWithHooks (http://localhost:3000/_next/static/chunks/node_modules_react-dom_0bruynb._.js:4470:28)
    at updateFunctionComponent (http://localhost:3000/_next/static/chunks/node_modules_react-dom_0bruynb._.js:5917:21)
    at beginWork (http://localhost:3000/_next/static/chunks/node_modules_react-dom_0bruynb._.js:6498:24)
    at runWithFiberInDEV (http://localhost:3000/_next/static/chunks/node_modules_react-dom_0bruynb._.js:886:74)
    at performUnitOfWork (http://localhost:3000/_next/static/chunks/node_modules_react-dom_0bruynb._.js:8894:97)
    at workLoopSync (http://localhost:3000/_next/static/chunks/node_modules_react-dom_0bruynb._.js:8788:40)
    at renderRootSync (http://localhost:3000/_next/static/chunks/node_modules_react-dom_0bruynb._.js:8772:13)
    at performWorkOnRoot (http://localhost:3000/_next/static/chunks/node_modules_react-dom_0bruynb._.js:8400:186)
    at performSyncWorkOnRoot (http://localhost:3000/_next/static/chunks/node_modules_react-dom_0bruynb._.js:9542:9)
    at flushSyncWorkAcrossRoots_impl (http://localhost:3000/_next/static/chunks/node_modules_react-dom_0bruynb._.js:9458:316)
    at processRootScheduleInMicrotask (http://localhost:3000/_next/static/chunks/node_modules_react-dom_0bruynb._.js:9479:106)
    at http://localhost:3000/_next/static/chunks/node_modules_react-dom_0bruynb._.js:9553:158 @ http://localhost:3000/_next/static/chunks/node_modules_next_dist_0k8zr~w._.js:1945
[   54173ms] [ERROR] Error: You have tried to read "publicKey" on a WalletContext without providing one. Make sure to render a WalletProvider as an ancestor of the component that uses WalletContext.
    at logMissingProviderError (http://localhost:3000/_next/static/chunks/node_modules_0e4g8kj._.js:1621:19)
    at Object.get (http://localhost:3000/_next/static/chunks/node_modules_0e4g8kj._.js:1616:9)
    at usePlaceBet (http://localhost:3000/_next/static/chunks/%5Broot-of-the-server%5D__01pr~vt._.js:2301:13)
    at PlaceBetModal (http://localhost:3000/_next/static/chunks/%5Broot-of-the-server%5D__01pr~vt._.js:2460:166)
    at Object.react_stack_bottom_frame (http://localhost:3000/_next/static/chunks/node_modules_react-dom_0bruynb._.js:13800:24)
    at renderWithHooksAgain (http://localhost:3000/_next/static/chunks/node_modules_react-dom_0bruynb._.js:4519:24)
    at renderWithHooks (http://localhost:3000/_next/static/chunks/node_modules_react-dom_0bruynb._.js:4470:28)
    at updateFunctionComponent (http://localhost:3000/_next/static/chunks/node_modules_react-dom_0bruynb._.js:5917:21)
    at beginWork (http://localhost:3000/_next/static/chunks/node_modules_react-dom_0bruynb._.js:6498:24)
    at runWithFiberInDEV (http://localhost:3000/_next/static/chunks/node_modules_react-dom_0bruynb._.js:886:74)
    at performUnitOfWork (http://localhost:3000/_next/static/chunks/node_modules_react-dom_0bruynb._.js:8894:97)
    at workLoopSync (http://localhost:3000/_next/static/chunks/node_modules_react-dom_0bruynb._.js:8788:40)
    at renderRootSync (http://localhost:3000/_next/static/chunks/node_modules_react-dom_0bruynb._.js:8772:13)
    at performWorkOnRoot (http://localhost:3000/_next/static/chunks/node_modules_react-dom_0bruynb._.js:8400:186)
    at performSyncWorkOnRoot (http://localhost:3000/_next/static/chunks/node_modules_react-dom_0bruynb._.js:9542:9)
    at flushSyncWorkAcrossRoots_impl (http://localhost:3000/_next/static/chunks/node_modules_react-dom_0bruynb._.js:9458:316)
    at processRootScheduleInMicrotask (http://localhost:3000/_next/static/chunks/node_modules_react-dom_0bruynb._.js:9479:106)
    at http://localhost:3000/_next/static/chunks/node_modules_react-dom_0bruynb._.js:9553:158 @ http://localhost:3000/_next/static/chunks/node_modules_next_dist_0k8zr~w._.js:1945
[   54611ms] [ERROR] Error: You have tried to read "publicKey" on a WalletContext without providing one. Make sure to render a WalletProvider as an ancestor of the component that uses WalletContext.
    at logMissingProviderError (http://localhost:3000/_next/static/chunks/node_modules_0e4g8kj._.js:1621:19)
    at Object.get (http://localhost:3000/_next/static/chunks/node_modules_0e4g8kj._.js:1616:9)
    at SolanaConnectWallet (http://localhost:3000/_next/static/chunks/%5Broot-of-the-server%5D__01pr~vt._.js:486:13)
    at Object.react_stack_bottom_frame (http://localhost:3000/_next/static/chunks/node_modules_react-dom_0bruynb._.js:13800:24)
    at renderWithHooks (http://localhost:3000/_next/static/chunks/node_modules_react-dom_0bruynb._.js:4464:24)
    at updateFunctionComponent (http://localhost:3000/_next/static/chunks/node_modules_react-dom_0bruynb._.js:5917:21)
    at beginWork (http://localhost:3000/_next/static/chunks/node_modules_react-dom_0bruynb._.js:6498:24)
    at runWithFiberInDEV (http://localhost:3000/_next/static/chunks/node_modules_react-dom_0bruynb._.js:886:74)
    at performUnitOfWork (http://localhost:3000/_next/static/chunks/node_modules_react-dom_0bruynb._.js:8894:97)
    at workLoopSync (http://localhost:3000/_next/static/chunks/node_modules_react-dom_0bruynb._.js:8788:40)
    at renderRootSync (http://localhost:3000/_next/static/chunks/node_modules_react-dom_0bruynb._.js:8772:13)
    at performWorkOnRoot (http://localhost:3000/_next/static/chunks/node_modules_react-dom_0bruynb._.js:8400:186)
    at performSyncWorkOnRoot (http://localhost:3000/_next/static/chunks/node_modules_react-dom_0bruynb._.js:9542:9)
    at flushSyncWorkAcrossRoots_impl (http://localhost:3000/_next/static/chunks/node_modules_react-dom_0bruynb._.js:9458:316)
    at processRootScheduleInMicrotask (http://localhost:3000/_next/static/chunks/node_modules_react-dom_0bruynb._.js:9479:106)
    at http://localhost:3000/_next/static/chunks/node_modules_react-dom_0bruynb._.js:9553:158 @ http://localhost:3000/_next/static/chunks/node_modules_next_dist_0k8zr~w._.js:1945
[   54611ms] [ERROR] Error: You have tried to read "publicKey" on a WalletContext without providing one. Make sure to render a WalletProvider as an ancestor of the component that uses WalletContext.
    at logMissingProviderError (http://localhost:3000/_next/static/chunks/node_modules_0e4g8kj._.js:1621:19)
    at Object.get (http://localhost:3000/_next/static/chunks/node_modules_0e4g8kj._.js:1616:9)
    at SolanaConnectWallet (http://localhost:3000/_next/static/chunks/%5Broot-of-the-server%5D__01pr~vt._.js:486:13)
    at Object.react_stack_bottom_frame (http://localhost:3000/_next/static/chunks/node_modules_react-dom_0bruynb._.js:13800:24)
    at renderWithHooksAgain (http://localhost:3000/_next/static/chunks/node_modules_react-dom_0bruynb._.js:4519:24)
    at renderWithHooks (http://localhost:3000/_next/static/chunks/node_modules_react-dom_0bruynb._.js:4470:28)
    at updateFunctionComponent (http://localhost:3000/_next/static/chunks/node_modules_react-dom_0bruynb._.js:5917:21)
    at beginWork (http://localhost:3000/_next/static/chunks/node_modules_react-dom_0bruynb._.js:6498:24)
    at runWithFiberInDEV (http://localhost:3000/_next/static/chunks/node_modules_react-dom_0bruynb._.js:886:74)
    at performUnitOfWork (http://localhost:3000/_next/static/chunks/node_modules_react-dom_0bruynb._.js:8894:97)
    at workLoopSync (http://localhost:3000/_next/static/chunks/node_modules_react-dom_0bruynb._.js:8788:40)
    at renderRootSync (http://localhost:3000/_next/static/chunks/node_modules_react-dom_0bruynb._.js:8772:13)
    at performWorkOnRoot (http://localhost:3000/_next/static/chunks/node_modules_react-dom_0bruynb._.js:8400:186)
    at performSyncWorkOnRoot (http://localhost:3000/_next/static/chunks/node_modules_react-dom_0bruynb._.js:9542:9)
    at flushSyncWorkAcrossRoots_impl (http://localhost:3000/_next/static/chunks/node_modules_react-dom_0bruynb._.js:9458:316)
    at processRootScheduleInMicrotask (http://localhost:3000/_next/static/chunks/node_modules_react-dom_0bruynb._.js:9479:106)
    at http://localhost:3000/_next/static/chunks/node_modules_react-dom_0bruynb._.js:9553:158 @ http://localhost:3000/_next/static/chunks/node_modules_next_dist_0k8zr~w._.js:1945
[   54611ms] [ERROR] Error: You have tried to read "publicKey" on a WalletContext without providing one. Make sure to render a WalletProvider as an ancestor of the component that uses WalletContext.
    at logMissingProviderError (http://localhost:3000/_next/static/chunks/node_modules_0e4g8kj._.js:1621:19)
    at Object.get (http://localhost:3000/_next/static/chunks/node_modules_0e4g8kj._.js:1616:9)
    at useWalletMultiButton (http://localhost:3000/_next/static/chunks/node_modules_0e4g8kj._.js:1658:72)
    at BaseWalletMultiButton (http://localhost:3000/_next/static/chunks/node_modules_0e4g8kj._.js:1833:307)
    at Object.react_stack_bottom_frame (http://localhost:3000/_next/static/chunks/node_modules_react-dom_0bruynb._.js:13800:24)
    at renderWithHooks (http://localhost:3000/_next/static/chunks/node_modules_react-dom_0bruynb._.js:4464:24)
    at updateFunctionComponent (http://localhost:3000/_next/static/chunks/node_modules_react-dom_0bruynb._.js:5917:21)
    at beginWork (http://localhost:3000/_next/static/chunks/node_modules_react-dom_0bruynb._.js:6498:24)
    at runWithFiberInDEV (http://localhost:3000/_next/static/chunks/node_modules_react-dom_0bruynb._.js:886:74)
    at performUnitOfWork (http://localhost:3000/_next/static/chunks/node_modules_react-dom_0bruynb._.js:8894:97)
    at workLoopSync (http://localhost:3000/_next/static/chunks/node_modules_react-dom_0bruynb._.js:8788:40)
    at renderRootSync (http://localhost:3000/_next/static/chunks/node_modules_react-dom_0bruynb._.js:8772:13)
    at performWorkOnRoot (http://localhost:3000/_next/static/chunks/node_modules_react-dom_0bruynb._.js:8400:186)
    at performSyncWorkOnRoot (http://localhost:3000/_next/static/chunks/node_modules_react-dom_0bruynb._.js:9542:9)
    at flushSyncWorkAcrossRoots_impl (http://localhost:3000/_next/static/chunks/node_modules_react-dom_0bruynb._.js:9458:316)
    at processRootScheduleInMicrotask (http://localhost:3000/_next/static/chunks/node_modules_react-dom_0bruynb._.js:9479:106)
    at http://localhost:3000/_next/static/chunks/node_modules_react-dom_0bruynb._.js:9553:158 @ http://localhost:3000/_next/static/chunks/node_modules_next_dist_0k8zr~w._.js:1945
[   54612ms] [ERROR] Error: You have tried to read "wallet" on a WalletContext without providing one. Make sure to render a WalletProvider as an ancestor of the component that uses WalletContext.
    at logMissingProviderError (http://localhost:3000/_next/static/chunks/node_modules_0e4g8kj._.js:1621:19)
    at Object.get (http://localhost:3000/_next/static/chunks/node_modules_0e4g8kj._.js:1610:9)
    at useWalletMultiButton (http://localhost:3000/_next/static/chunks/node_modules_0e4g8kj._.js:1658:91)
    at BaseWalletMultiButton (http://localhost:3000/_next/static/chunks/node_modules_0e4g8kj._.js:1833:307)
    at Object.react_stack_bottom_frame (http://localhost:3000/_next/static/chunks/node_modules_react-dom_0bruynb._.js:13800:24)
    at renderWithHooks (http://localhost:3000/_next/static/chunks/node_modules_react-dom_0bruynb._.js:4464:24)
    at updateFunctionComponent (http://localhost:3000/_next/static/chunks/node_modules_react-dom_0bruynb._.js:5917:21)
    at beginWork (http://localhost:3000/_next/static/chunks/node_modules_react-dom_0bruynb._.js:6498:24)
    at runWithFiberInDEV (http://localhost:3000/_next/static/chunks/node_modules_react-dom_0bruynb._.js:886:74)
    at performUnitOfWork (http://localhost:3000/_next/static/chunks/node_modules_react-dom_0bruynb._.js:8894:97)
    at workLoopSync (http://localhost:3000/_next/static/chunks/node_modules_react-dom_0bruynb._.js:8788:40)
    at renderRootSync (http://localhost:3000/_next/static/chunks/node_modules_react-dom_0bruynb._.js:8772:13)
    at performWorkOnRoot (http://localhost:3000/_next/static/chunks/node_modules_react-dom_0bruynb._.js:8400:186)
    at performSyncWorkOnRoot (http://localhost:3000/_next/static/chunks/node_modules_react-dom_0bruynb._.js:9542:9)
    at flushSyncWorkAcrossRoots_impl (http://localhost:3000/_next/static/chunks/node_modules_react-dom_0bruynb._.js:9458:316)
    at processRootScheduleInMicrotask (http://localhost:3000/_next/static/chunks/node_modules_react-dom_0bruynb._.js:9479:106)
    at http://localhost:3000/_next/static/chunks/node_modules_react-dom_0bruynb._.js:9553:158 @ http://localhost:3000/_next/static/chunks/node_modules_next_dist_0k8zr~w._.js:1945
[   54612ms] [ERROR] Error: You have tried to read "wallets" on a WalletContext without providing one. Make sure to render a WalletProvider as an ancestor of the component that uses WalletContext.
    at logMissingProviderError (http://localhost:3000/_next/static/chunks/node_modules_0e4g8kj._.js:1621:19)
    at Object.get (http://localhost:3000/_next/static/chunks/node_modules_0e4g8kj._.js:1604:9)
    at useWalletMultiButton (http://localhost:3000/_next/static/chunks/node_modules_0e4g8kj._.js:1658:99)
    at BaseWalletMultiButton (http://localhost:3000/_next/static/chunks/node_modules_0e4g8kj._.js:1833:307)
    at Object.react_stack_bottom_frame (http://localhost:3000/_next/static/chunks/node_modules_react-dom_0bruynb._.js:13800:24)
    at renderWithHooks (http://localhost:3000/_next/static/chunks/node_modules_react-dom_0bruynb._.js:4464:24)
    at updateFunctionComponent (http://localhost:3000/_next/static/chunks/node_modules_react-dom_0bruynb._.js:5917:21)
    at beginWork (http://localhost:3000/_next/static/chunks/node_modules_react-dom_0bruynb._.js:6498:24)
    at runWithFiberInDEV (http://localhost:3000/_next/static/chunks/node_modules_react-dom_0bruynb._.js:886:74)
    at performUnitOfWork (http://localhost:3000/_next/static/chunks/node_modules_react-dom_0bruynb._.js:8894:97)
    at workLoopSync (http://localhost:3000/_next/static/chunks/node_modules_react-dom_0bruynb._.js:8788:40)
    at renderRootSync (http://localhost:3000/_next/static/chunks/node_modules_react-dom_0bruynb._.js:8772:13)
    at performWorkOnRoot (http://localhost:3000/_next/static/chunks/node_modules_react-dom_0bruynb._.js:8400:186)
    at performSyncWorkOnRoot (http://localhost:3000/_next/static/chunks/node_modules_react-dom_0bruynb._.js:9542:9)
    at flushSyncWorkAcrossRoots_impl (http://localhost:3000/_next/static/chunks/node_modules_react-dom_0bruynb._.js:9458:316)
    at processRootScheduleInMicrotask (http://localhost:3000/_next/static/chunks/node_modules_react-dom_0bruynb._.js:9479:106)
    at http://localhost:3000/_next/static/chunks/node_modules_react-dom_0bruynb._.js:9553:158 @ http://localhost:3000/_next/static/chunks/node_modules_next_dist_0k8zr~w._.js:1945
[   54612ms] [ERROR] Error: You have tried to read "publicKey" on a WalletContext without providing one. Make sure to render a WalletProvider as an ancestor of the component that uses WalletContext.
    at logMissingProviderError (http://localhost:3000/_next/static/chunks/node_modules_0e4g8kj._.js:1621:19)
    at Object.get (http://localhost:3000/_next/static/chunks/node_modules_0e4g8kj._.js:1616:9)
    at useWalletMultiButton (http://localhost:3000/_next/static/chunks/node_modules_0e4g8kj._.js:1658:72)
    at BaseWalletMultiButton (http://localhost:3000/_next/static/chunks/node_modules_0e4g8kj._.js:1833:307)
    at Object.react_stack_bottom_frame (http://localhost:3000/_next/static/chunks/node_modules_react-dom_0bruynb._.js:13800:24)
    at renderWithHooksAgain (http://localhost:3000/_next/static/chunks/node_modules_react-dom_0bruynb._.js:4519:24)
    at renderWithHooks (http://localhost:3000/_next/static/chunks/node_modules_react-dom_0bruynb._.js:4470:28)
    at updateFunctionComponent (http://localhost:3000/_next/static/chunks/node_modules_react-dom_0bruynb._.js:5917:21)
    at beginWork (http://localhost:3000/_next/static/chunks/node_modules_react-dom_0bruynb._.js:6498:24)
    at runWithFiberInDEV (http://localhost:3000/_next/static/chunks/node_modules_react-dom_0bruynb._.js:886:74)
    at performUnitOfWork (http://localhost:3000/_next/static/chunks/node_modules_react-dom_0bruynb._.js:8894:97)
    at workLoopSync (http://localhost:3000/_next/static/chunks/node_modules_react-dom_0bruynb._.js:8788:40)
    at renderRootSync (http://localhost:3000/_next/static/chunks/node_modules_react-dom_0bruynb._.js:8772:13)
    at performWorkOnRoot (http://localhost:3000/_next/static/chunks/node_modules_react-dom_0bruynb._.js:8400:186)
    at performSyncWorkOnRoot (http://localhost:3000/_next/static/chunks/node_modules_react-dom_0bruynb._.js:9542:9)
    at flushSyncWorkAcrossRoots_impl (http://localhost:3000/_next/static/chunks/node_modules_react-dom_0bruynb._.js:9458:316)
    at processRootScheduleInMicrotask (http://localhost:3000/_next/static/chunks/node_modules_react-dom_0bruynb._.js:9479:106)
    at http://localhost:3000/_next/static/chunks/node_modules_react-dom_0bruynb._.js:9553:158 @ http://localhost:3000/_next/static/chunks/node_modules_next_dist_0k8zr~w._.js:1945
[   54613ms] [ERROR] Error: You have tried to read "wallet" on a WalletContext without providing one. Make sure to render a WalletProvider as an ancestor of the component that uses WalletContext.
    at logMissingProviderError (http://localhost:3000/_next/static/chunks/node_modules_0e4g8kj._.js:1621:19)
    at Object.get (http://localhost:3000/_next/static/chunks/node_modules_0e4g8kj._.js:1610:9)
    at useWalletMultiButton (http://localhost:3000/_next/static/chunks/node_modules_0e4g8kj._.js:1658:91)
    at BaseWalletMultiButton (http://localhost:3000/_next/static/chunks/node_modules_0e4g8kj._.js:1833:307)
    at Object.react_stack_bottom_frame (http://localhost:3000/_next/static/chunks/node_modules_react-dom_0bruynb._.js:13800:24)
    at renderWithHooksAgain (http://localhost:3000/_next/static/chunks/node_modules_react-dom_0bruynb._.js:4519:24)
    at renderWithHooks (http://localhost:3000/_next/static/chunks/node_modules_react-dom_0bruynb._.js:4470:28)
    at updateFunctionComponent (http://localhost:3000/_next/static/chunks/node_modules_react-dom_0bruynb._.js:5917:21)
    at beginWork (http://localhost:3000/_next/static/chunks/node_modules_react-dom_0bruynb._.js:6498:24)
    at runWithFiberInDEV (http://localhost:3000/_next/static/chunks/node_modules_react-dom_0bruynb._.js:886:74)
    at performUnitOfWork (http://localhost:3000/_next/static/chunks/node_modules_react-dom_0bruynb._.js:8894:97)
    at workLoopSync (http://localhost:3000/_next/static/chunks/node_modules_react-dom_0bruynb._.js:8788:40)
    at renderRootSync (http://localhost:3000/_next/static/chunks/node_modules_react-dom_0bruynb._.js:8772:13)
    at performWorkOnRoot (http://localhost:3000/_next/static/chunks/node_modules_react-dom_0bruynb._.js:8400:186)
    at performSyncWorkOnRoot (http://localhost:3000/_next/static/chunks/node_modules_react-dom_0bruynb._.js:9542:9)
    at flushSyncWorkAcrossRoots_impl (http://localhost:3000/_next/static/chunks/node_modules_react-dom_0bruynb._.js:9458:316)
    at processRootScheduleInMicrotask (http://localhost:3000/_next/static/chunks/node_modules_react-dom_0bruynb._.js:9479:106)
    at http://localhost:3000/_next/static/chunks/node_modules_react-dom_0bruynb._.js:9553:158 @ http://localhost:3000/_next/static/chunks/node_modules_next_dist_0k8zr~w._.js:1945
[   54613ms] [ERROR] Error: You have tried to read "wallets" on a WalletContext without providing one. Make sure to render a WalletProvider as an ancestor of the component that uses WalletContext.
    at logMissingProviderError (http://localhost:3000/_next/static/chunks/node_modules_0e4g8kj._.js:1621:19)
    at Object.get (http://localhost:3000/_next/static/chunks/node_modules_0e4g8kj._.js:1604:9)
    at useWalletMultiButton (http://localhost:3000/_next/static/chunks/node_modules_0e4g8kj._.js:1658:99)
    at BaseWalletMultiButton (http://localhost:3000/_next/static/chunks/node_modules_0e4g8kj._.js:1833:307)
    at Object.react_stack_bottom_frame (http://localhost:3000/_next/static/chunks/node_modules_react-dom_0bruynb._.js:13800:24)
    at renderWithHooksAgain (http://localhost:3000/_next/static/chunks/node_modules_react-dom_0bruynb._.js:4519:24)
    at renderWithHooks (http://localhost:3000/_next/static/chunks/node_modules_react-dom_0bruynb._.js:4470:28)
    at updateFunctionComponent (http://localhost:3000/_next/static/chunks/node_modules_react-dom_0bruynb._.js:5917:21)
    at beginWork (http://localhost:3000/_next/static/chunks/node_modules_react-dom_0bruynb._.js:6498:24)
    at runWithFiberInDEV (http://localhost:3000/_next/static/chunks/node_modules_react-dom_0bruynb._.js:886:74)
    at performUnitOfWork (http://localhost:3000/_next/static/chunks/node_modules_react-dom_0bruynb._.js:8894:97)
    at workLoopSync (http://localhost:3000/_next/static/chunks/node_modules_react-dom_0bruynb._.js:8788:40)
    at renderRootSync (http://localhost:3000/_next/static/chunks/node_modules_react-dom_0bruynb._.js:8772:13)
    at performWorkOnRoot (http://localhost:3000/_next/static/chunks/node_modules_react-dom_0bruynb._.js:8400:186)
    at performSyncWorkOnRoot (http://localhost:3000/_next/static/chunks/node_modules_react-dom_0bruynb._.js:9542:9)
    at flushSyncWorkAcrossRoots_impl (http://localhost:3000/_next/static/chunks/node_modules_react-dom_0bruynb._.js:9458:316)
    at processRootScheduleInMicrotask (http://localhost:3000/_next/static/chunks/node_modules_react-dom_0bruynb._.js:9479:106)
    at http://localhost:3000/_next/static/chunks/node_modules_react-dom_0bruynb._.js:9553:158 @ http://localhost:3000/_next/static/chunks/node_modules_next_dist_0k8zr~w._.js:1945
[   54613ms] [ERROR] Error: You have tried to read "publicKey" on a WalletContext without providing one. Make sure to render a WalletProvider as an ancestor of the component that uses WalletContext.
    at logMissingProviderError (http://localhost:3000/_next/static/chunks/node_modules_0e4g8kj._.js:1621:19)
    at Object.get (http://localhost:3000/_next/static/chunks/node_modules_0e4g8kj._.js:1616:9)
    at PlaceBetModal (http://localhost:3000/_next/static/chunks/%5Broot-of-the-server%5D__01pr~vt._.js:2453:13)
    at Object.react_stack_bottom_frame (http://localhost:3000/_next/static/chunks/node_modules_react-dom_0bruynb._.js:13800:24)
    at renderWithHooks (http://localhost:3000/_next/static/chunks/node_modules_react-dom_0bruynb._.js:4464:24)
    at updateFunctionComponent (http://localhost:3000/_next/static/chunks/node_modules_react-dom_0bruynb._.js:5917:21)
    at beginWork (http://localhost:3000/_next/static/chunks/node_modules_react-dom_0bruynb._.js:6498:24)
    at runWithFiberInDEV (http://localhost:3000/_next/static/chunks/node_modules_react-dom_0bruynb._.js:886:74)
    at performUnitOfWork (http://localhost:3000/_next/static/chunks/node_modules_react-dom_0bruynb._.js:8894:97)
    at workLoopSync (http://localhost:3000/_next/static/chunks/node_modules_react-dom_0bruynb._.js:8788:40)
    at renderRootSync (http://localhost:3000/_next/static/chunks/node_modules_react-dom_0bruynb._.js:8772:13)
    at performWorkOnRoot (http://localhost:3000/_next/static/chunks/node_modules_react-dom_0bruynb._.js:8400:186)
    at performSyncWorkOnRoot (http://localhost:3000/_next/static/chunks/node_modules_react-dom_0bruynb._.js:9542:9)
    at flushSyncWorkAcrossRoots_impl (http://localhost:3000/_next/static/chunks/node_modules_react-dom_0bruynb._.js:9458:316)
    at processRootScheduleInMicrotask (http://localhost:3000/_next/static/chunks/node_modules_react-dom_0bruynb._.js:9479:106)
    at http://localhost:3000/_next/static/chunks/node_modules_react-dom_0bruynb._.js:9553:158 @ http://localhost:3000/_next/static/chunks/node_modules_next_dist_0k8zr~w._.js:1945
[   54614ms] [ERROR] Error: You have tried to read "publicKey" on a WalletContext without providing one. Make sure to render a WalletProvider as an ancestor of the component that uses WalletContext.
    at logMissingProviderError (http://localhost:3000/_next/static/chunks/node_modules_0e4g8kj._.js:1621:19)
    at Object.get (http://localhost:3000/_next/static/chunks/node_modules_0e4g8kj._.js:1616:9)
    at usePlaceBet (http://localhost:3000/_next/static/chunks/%5Broot-of-the-server%5D__01pr~vt._.js:2301:13)
    at PlaceBetModal (http://localhost:3000/_next/static/chunks/%5Broot-of-the-server%5D__01pr~vt._.js:2460:166)
    at Object.react_stack_bottom_frame (http://localhost:3000/_next/static/chunks/node_modules_react-dom_0bruynb._.js:13800:24)
    at renderWithHooks (http://localhost:3000/_next/static/chunks/node_modules_react-dom_0bruynb._.js:4464:24)
    at updateFunctionComponent (http://localhost:3000/_next/static/chunks/node_modules_react-dom_0bruynb._.js:5917:21)
    at beginWork (http://localhost:3000/_next/static/chunks/node_modules_react-dom_0bruynb._.js:6498:24)
    at runWithFiberInDEV (http://localhost:3000/_next/static/chunks/node_modules_react-dom_0bruynb._.js:886:74)
    at performUnitOfWork (http://localhost:3000/_next/static/chunks/node_modules_react-dom_0bruynb._.js:8894:97)
    at workLoopSync (http://localhost:3000/_next/static/chunks/node_modules_react-dom_0bruynb._.js:8788:40)
    at renderRootSync (http://localhost:3000/_next/static/chunks/node_modules_react-dom_0bruynb._.js:8772:13)
    at performWorkOnRoot (http://localhost:3000/_next/static/chunks/node_modules_react-dom_0bruynb._.js:8400:186)
    at performSyncWorkOnRoot (http://localhost:3000/_next/static/chunks/node_modules_react-dom_0bruynb._.js:9542:9)
    at flushSyncWorkAcrossRoots_impl (http://localhost:3000/_next/static/chunks/node_modules_react-dom_0bruynb._.js:9458:316)
    at processRootScheduleInMicrotask (http://localhost:3000/_next/static/chunks/node_modules_react-dom_0bruynb._.js:9479:106)
    at http://localhost:3000/_next/static/chunks/node_modules_react-dom_0bruynb._.js:9553:158 @ http://localhost:3000/_next/static/chunks/node_modules_next_dist_0k8zr~w._.js:1945
[   54614ms] [ERROR] Error: You have tried to read "publicKey" on a WalletContext without providing one. Make sure to render a WalletProvider as an ancestor of the component that uses WalletContext.
    at logMissingProviderError (http://localhost:3000/_next/static/chunks/node_modules_0e4g8kj._.js:1621:19)
    at Object.get (http://localhost:3000/_next/static/chunks/node_modules_0e4g8kj._.js:1616:9)
    at PlaceBetModal (http://localhost:3000/_next/static/chunks/%5Broot-of-the-server%5D__01pr~vt._.js:2453:13)
    at Object.react_stack_bottom_frame (http://localhost:3000/_next/static/chunks/node_modules_react-dom_0bruynb._.js:13800:24)
    at renderWithHooksAgain (http://localhost:3000/_next/static/chunks/node_modules_react-dom_0bruynb._.js:4519:24)
    at renderWithHooks (http://localhost:3000/_next/static/chunks/node_modules_react-dom_0bruynb._.js:4470:28)
    at updateFunctionComponent (http://localhost:3000/_next/static/chunks/node_modules_react-dom_0bruynb._.js:5917:21)
    at beginWork (http://localhost:3000/_next/static/chunks/node_modules_react-dom_0bruynb._.js:6498:24)
    at runWithFiberInDEV (http://localhost:3000/_next/static/chunks/node_modules_react-dom_0bruynb._.js:886:74)
    at performUnitOfWork (http://localhost:3000/_next/static/chunks/node_modules_react-dom_0bruynb._.js:8894:97)
    at workLoopSync (http://localhost:3000/_next/static/chunks/node_modules_react-dom_0bruynb._.js:8788:40)
    at renderRootSync (http://localhost:3000/_next/static/chunks/node_modules_react-dom_0bruynb._.js:8772:13)
    at performWorkOnRoot (http://localhost:3000/_next/static/chunks/node_modules_react-dom_0bruynb._.js:8400:186)
    at performSyncWorkOnRoot (http://localhost:3000/_next/static/chunks/node_modules_react-dom_0bruynb._.js:9542:9)
    at flushSyncWorkAcrossRoots_impl (http://localhost:3000/_next/static/chunks/node_modules_react-dom_0bruynb._.js:9458:316)
    at processRootScheduleInMicrotask (http://localhost:3000/_next/static/chunks/node_modules_react-dom_0bruynb._.js:9479:106)
    at http://localhost:3000/_next/static/chunks/node_modules_react-dom_0bruynb._.js:9553:158 @ http://localhost:3000/_next/static/chunks/node_modules_next_dist_0k8zr~w._.js:1945
[   54614ms] [ERROR] Error: You have tried to read "publicKey" on a WalletContext without providing one. Make sure to render a WalletProvider as an ancestor of the component that uses WalletContext.
    at logMissingProviderError (http://localhost:3000/_next/static/chunks/node_modules_0e4g8kj._.js:1621:19)
    at Object.get (http://localhost:3000/_next/static/chunks/node_modules_0e4g8kj._.js:1616:9)
    at usePlaceBet (http://localhost:3000/_next/static/chunks/%5Broot-of-the-server%5D__01pr~vt._.js:2301:13)
    at PlaceBetModal (http://localhost:3000/_next/static/chunks/%5Broot-of-the-server%5D__01pr~vt._.js:2460:166)
    at Object.react_stack_bottom_frame (http://localhost:3000/_next/static/chunks/node_modules_react-dom_0bruynb._.js:13800:24)
    at renderWithHooksAgain (http://localhost:3000/_next/static/chunks/node_modules_react-dom_0bruynb._.js:4519:24)
    at renderWithHooks (http://localhost:3000/_next/static/chunks/node_modules_react-dom_0bruynb._.js:4470:28)
    at updateFunctionComponent (http://localhost:3000/_next/static/chunks/node_modules_react-dom_0bruynb._.js:5917:21)
    at beginWork (http://localhost:3000/_next/static/chunks/node_modules_react-dom_0bruynb._.js:6498:24)
    at runWithFiberInDEV (http://localhost:3000/_next/static/chunks/node_modules_react-dom_0bruynb._.js:886:74)
    at performUnitOfWork (http://localhost:3000/_next/static/chunks/node_modules_react-dom_0bruynb._.js:8894:97)
    at workLoopSync (http://localhost:3000/_next/static/chunks/node_modules_react-dom_0bruynb._.js:8788:40)
    at renderRootSync (http://localhost:3000/_next/static/chunks/node_modules_react-dom_0bruynb._.js:8772:13)
    at performWorkOnRoot (http://localhost:3000/_next/static/chunks/node_modules_react-dom_0bruynb._.js:8400:186)
    at performSyncWorkOnRoot (http://localhost:3000/_next/static/chunks/node_modules_react-dom_0bruynb._.js:9542:9)
    at flushSyncWorkAcrossRoots_impl (http://localhost:3000/_next/static/chunks/node_modules_react-dom_0bruynb._.js:9458:316)
    at processRootScheduleInMicrotask (http://localhost:3000/_next/static/chunks/node_modules_react-dom_0bruynb._.js:9479:106)
    at http://localhost:3000/_next/static/chunks/node_modules_react-dom_0bruynb._.js:9553:158 @ http://localhost:3000/_next/static/chunks/node_modules_next_dist_0k8zr~w._.js:1945
[   55270ms] [ERROR] Error: You have tried to read "publicKey" on a WalletContext without providing one. Make sure to render a WalletProvider as an ancestor of the component that uses WalletContext.
    at logMissingProviderError (http://localhost:3000/_next/static/chunks/node_modules_0e4g8kj._.js:1621:19)
    at Object.get (http://localhost:3000/_next/static/chunks/node_modules_0e4g8kj._.js:1616:9)
    at SolanaConnectWallet (http://localhost:3000/_next/static/chunks/%5Broot-of-the-server%5D__01pr~vt._.js:486:13)
    at Object.react_stack_bottom_frame (http://localhost:3000/_next/static/chunks/node_modules_react-dom_0bruynb._.js:13800:24)
    at renderWithHooks (http://localhost:3000/_next/static/chunks/node_modules_react-dom_0bruynb._.js:4464:24)
    at updateFunctionComponent (http://localhost:3000/_next/static/chunks/node_modules_react-dom_0bruynb._.js:5917:21)
    at beginWork (http://localhost:3000/_next/static/chunks/node_modules_react-dom_0bruynb._.js:6498:24)
    at runWithFiberInDEV (http://localhost:3000/_next/static/chunks/node_modules_react-dom_0bruynb._.js:886:74)
    at performUnitOfWork (http://localhost:3000/_next/static/chunks/node_modules_react-dom_0bruynb._.js:8894:97)
    at workLoopConcurrentByScheduler (http://localhost:3000/_next/static/chunks/node_modules_react-dom_0bruynb._.js:8890:58)
    at renderRootConcurrent (http://localhost:3000/_next/static/chunks/node_modules_react-dom_0bruynb._.js:8873:71)
    at performWorkOnRoot (http://localhost:3000/_next/static/chunks/node_modules_react-dom_0bruynb._.js:8400:150)
    at performWorkOnRootViaSchedulerTask (http://localhost:3000/_next/static/chunks/node_modules_react-dom_0bruynb._.js:9534:9)
    at MessagePort.performWorkUntilDeadline (http://localhost:3000/_next/static/chunks/node_modules_11l9xip._.js:1335:64) @ http://localhost:3000/_next/static/chunks/node_modules_next_dist_0k8zr~w._.js:1945
[   55271ms] [ERROR] Error: You have tried to read "publicKey" on a WalletContext without providing one. Make sure to render a WalletProvider as an ancestor of the component that uses WalletContext.
    at logMissingProviderError (http://localhost:3000/_next/static/chunks/node_modules_0e4g8kj._.js:1621:19)
    at Object.get (http://localhost:3000/_next/static/chunks/node_modules_0e4g8kj._.js:1616:9)
    at SolanaConnectWallet (http://localhost:3000/_next/static/chunks/%5Broot-of-the-server%5D__01pr~vt._.js:486:13)
    at Object.react_stack_bottom_frame (http://localhost:3000/_next/static/chunks/node_modules_react-dom_0bruynb._.js:13800:24)
    at renderWithHooksAgain (http://localhost:3000/_next/static/chunks/node_modules_react-dom_0bruynb._.js:4519:24)
    at renderWithHooks (http://localhost:3000/_next/static/chunks/node_modules_react-dom_0bruynb._.js:4470:28)
    at updateFunctionComponent (http://localhost:3000/_next/static/chunks/node_modules_react-dom_0bruynb._.js:5917:21)
    at beginWork (http://localhost:3000/_next/static/chunks/node_modules_react-dom_0bruynb._.js:6498:24)
    at runWithFiberInDEV (http://localhost:3000/_next/static/chunks/node_modules_react-dom_0bruynb._.js:886:74)
    at performUnitOfWork (http://localhost:3000/_next/static/chunks/node_modules_react-dom_0bruynb._.js:8894:97)
    at workLoopConcurrentByScheduler (http://localhost:3000/_next/static/chunks/node_modules_react-dom_0bruynb._.js:8890:58)
    at renderRootConcurrent (http://localhost:3000/_next/static/chunks/node_modules_react-dom_0bruynb._.js:8873:71)
    at performWorkOnRoot (http://localhost:3000/_next/static/chunks/node_modules_react-dom_0bruynb._.js:8400:150)
    at performWorkOnRootViaSchedulerTask (http://localhost:3000/_next/static/chunks/node_modules_react-dom_0bruynb._.js:9534:9)
    at MessagePort.performWorkUntilDeadline (http://localhost:3000/_next/static/chunks/node_modules_11l9xip._.js:1335:64) @ http://localhost:3000/_next/static/chunks/node_modules_next_dist_0k8zr~w._.js:1945
[   55271ms] [ERROR] Error: You have tried to read "publicKey" on a WalletContext without providing one. Make sure to render a WalletProvider as an ancestor of the component that uses WalletContext.
    at logMissingProviderError (http://localhost:3000/_next/static/chunks/node_modules_0e4g8kj._.js:1621:19)
    at Object.get (http://localhost:3000/_next/static/chunks/node_modules_0e4g8kj._.js:1616:9)
    at useWalletMultiButton (http://localhost:3000/_next/static/chunks/node_modules_0e4g8kj._.js:1658:72)
    at BaseWalletMultiButton (http://localhost:3000/_next/static/chunks/node_modules_0e4g8kj._.js:1833:307)
    at Object.react_stack_bottom_frame (http://localhost:3000/_next/static/chunks/node_modules_react-dom_0bruynb._.js:13800:24)
    at renderWithHooks (http://localhost:3000/_next/static/chunks/node_modules_react-dom_0bruynb._.js:4464:24)
    at updateFunctionComponent (http://localhost:3000/_next/static/chunks/node_modules_react-dom_0bruynb._.js:5917:21)
    at beginWork (http://localhost:3000/_next/static/chunks/node_modules_react-dom_0bruynb._.js:6498:24)
    at runWithFiberInDEV (http://localhost:3000/_next/static/chunks/node_modules_react-dom_0bruynb._.js:886:74)
    at performUnitOfWork (http://localhost:3000/_next/static/chunks/node_modules_react-dom_0bruynb._.js:8894:97)
    at workLoopConcurrentByScheduler (http://localhost:3000/_next/static/chunks/node_modules_react-dom_0bruynb._.js:8890:58)
    at renderRootConcurrent (http://localhost:3000/_next/static/chunks/node_modules_react-dom_0bruynb._.js:8873:71)
    at performWorkOnRoot (http://localhost:3000/_next/static/chunks/node_modules_react-dom_0bruynb._.js:8400:150)
    at performWorkOnRootViaSchedulerTask (http://localhost:3000/_next/static/chunks/node_modules_react-dom_0bruynb._.js:9534:9)
    at MessagePort.performWorkUntilDeadline (http://localhost:3000/_next/static/chunks/node_modules_11l9xip._.js:1335:64) @ http://localhost:3000/_next/static/chunks/node_modules_next_dist_0k8zr~w._.js:1945
[   55271ms] [ERROR] Error: You have tried to read "wallet" on a WalletContext without providing one. Make sure to render a WalletProvider as an ancestor of the component that uses WalletContext.
    at logMissingProviderError (http://localhost:3000/_next/static/chunks/node_modules_0e4g8kj._.js:1621:19)
    at Object.get (http://localhost:3000/_next/static/chunks/node_modules_0e4g8kj._.js:1610:9)
    at useWalletMultiButton (http://localhost:3000/_next/static/chunks/node_modules_0e4g8kj._.js:1658:91)
    at BaseWalletMultiButton (http://localhost:3000/_next/static/chunks/node_modules_0e4g8kj._.js:1833:307)
    at Object.react_stack_bottom_frame (http://localhost:3000/_next/static/chunks/node_modules_react-dom_0bruynb._.js:13800:24)
    at renderWithHooks (http://localhost:3000/_next/static/chunks/node_modules_react-dom_0bruynb._.js:4464:24)
    at updateFunctionComponent (http://localhost:3000/_next/static/chunks/node_modules_react-dom_0bruynb._.js:5917:21)
    at beginWork (http://localhost:3000/_next/static/chunks/node_modules_react-dom_0bruynb._.js:6498:24)
    at runWithFiberInDEV (http://localhost:3000/_next/static/chunks/node_modules_react-dom_0bruynb._.js:886:74)
    at performUnitOfWork (http://localhost:3000/_next/static/chunks/node_modules_react-dom_0bruynb._.js:8894:97)
    at workLoopConcurrentByScheduler (http://localhost:3000/_next/static/chunks/node_modules_react-dom_0bruynb._.js:8890:58)
    at renderRootConcurrent (http://localhost:3000/_next/static/chunks/node_modules_react-dom_0bruynb._.js:8873:71)
    at performWorkOnRoot (http://localhost:3000/_next/static/chunks/node_modules_react-dom_0bruynb._.js:8400:150)
    at performWorkOnRootViaSchedulerTask (http://localhost:3000/_next/static/chunks/node_modules_react-dom_0bruynb._.js:9534:9)
    at MessagePort.performWorkUntilDeadline (http://localhost:3000/_next/static/chunks/node_modules_11l9xip._.js:1335:64) @ http://localhost:3000/_next/static/chunks/node_modules_next_dist_0k8zr~w._.js:1945
[   55271ms] [ERROR] Error: You have tried to read "wallets" on a WalletContext without providing one. Make sure to render a WalletProvider as an ancestor of the component that uses WalletContext.
    at logMissingProviderError (http://localhost:3000/_next/static/chunks/node_modules_0e4g8kj._.js:1621:19)
    at Object.get (http://localhost:3000/_next/static/chunks/node_modules_0e4g8kj._.js:1604:9)
    at useWalletMultiButton (http://localhost:3000/_next/static/chunks/node_modules_0e4g8kj._.js:1658:99)
    at BaseWalletMultiButton (http://localhost:3000/_next/static/chunks/node_modules_0e4g8kj._.js:1833:307)
    at Object.react_stack_bottom_frame (http://localhost:3000/_next/static/chunks/node_modules_react-dom_0bruynb._.js:13800:24)
    at renderWithHooks (http://localhost:3000/_next/static/chunks/node_modules_react-dom_0bruynb._.js:4464:24)
    at updateFunctionComponent (http://localhost:3000/_next/static/chunks/node_modules_react-dom_0bruynb._.js:5917:21)
    at beginWork (http://localhost:3000/_next/static/chunks/node_modules_react-dom_0bruynb._.js:6498:24)
    at runWithFiberInDEV (http://localhost:3000/_next/static/chunks/node_modules_react-dom_0bruynb._.js:886:74)
    at performUnitOfWork (http://localhost:3000/_next/static/chunks/node_modules_react-dom_0bruynb._.js:8894:97)
    at workLoopConcurrentByScheduler (http://localhost:3000/_next/static/chunks/node_modules_react-dom_0bruynb._.js:8890:58)
    at renderRootConcurrent (http://localhost:3000/_next/static/chunks/node_modules_react-dom_0bruynb._.js:8873:71)
    at performWorkOnRoot (http://localhost:3000/_next/static/chunks/node_modules_react-dom_0bruynb._.js:8400:150)
    at performWorkOnRootViaSchedulerTask (http://localhost:3000/_next/static/chunks/node_modules_react-dom_0bruynb._.js:9534:9)
    at MessagePort.performWorkUntilDeadline (http://localhost:3000/_next/static/chunks/node_modules_11l9xip._.js:1335:64) @ http://localhost:3000/_next/static/chunks/node_modules_next_dist_0k8zr~w._.js:1945
[   55272ms] [ERROR] Error: You have tried to read "publicKey" on a WalletContext without providing one. Make sure to render a WalletProvider as an ancestor of the component that uses WalletContext.
    at logMissingProviderError (http://localhost:3000/_next/static/chunks/node_modules_0e4g8kj._.js:1621:19)
    at Object.get (http://localhost:3000/_next/static/chunks/node_modules_0e4g8kj._.js:1616:9)
    at useWalletMultiButton (http://localhost:3000/_next/static/chunks/node_modules_0e4g8kj._.js:1658:72)
    at BaseWalletMultiButton (http://localhost:3000/_next/static/chunks/node_modules_0e4g8kj._.js:1833:307)
    at Object.react_stack_bottom_frame (http://localhost:3000/_next/static/chunks/node_modules_react-dom_0bruynb._.js:13800:24)
    at renderWithHooksAgain (http://localhost:3000/_next/static/chunks/node_modules_react-dom_0bruynb._.js:4519:24)
    at renderWithHooks (http://localhost:3000/_next/static/chunks/node_modules_react-dom_0bruynb._.js:4470:28)
    at updateFunctionComponent (http://localhost:3000/_next/static/chunks/node_modules_react-dom_0bruynb._.js:5917:21)
    at beginWork (http://localhost:3000/_next/static/chunks/node_modules_react-dom_0bruynb._.js:6498:24)
    at runWithFiberInDEV (http://localhost:3000/_next/static/chunks/node_modules_react-dom_0bruynb._.js:886:74)
    at performUnitOfWork (http://localhost:3000/_next/static/chunks/node_modules_react-dom_0bruynb._.js:8894:97)
    at workLoopConcurrentByScheduler (http://localhost:3000/_next/static/chunks/node_modules_react-dom_0bruynb._.js:8890:58)
    at renderRootConcurrent (http://localhost:3000/_next/static/chunks/node_modules_react-dom_0bruynb._.js:8873:71)
    at performWorkOnRoot (http://localhost:3000/_next/static/chunks/node_modules_react-dom_0bruynb._.js:8400:150)
    at performWorkOnRootViaSchedulerTask (http://localhost:3000/_next/static/chunks/node_modules_react-dom_0bruynb._.js:9534:9)
    at MessagePort.performWorkUntilDeadline (http://localhost:3000/_next/static/chunks/node_modules_11l9xip._.js:1335:64) @ http://localhost:3000/_next/static/chunks/node_modules_next_dist_0k8zr~w._.js:1945
[   55272ms] [ERROR] Error: You have tried to read "wallet" on a WalletContext without providing one. Make sure to render a WalletProvider as an ancestor of the component that uses WalletContext.
    at logMissingProviderError (http://localhost:3000/_next/static/chunks/node_modules_0e4g8kj._.js:1621:19)
    at Object.get (http://localhost:3000/_next/static/chunks/node_modules_0e4g8kj._.js:1610:9)
    at useWalletMultiButton (http://localhost:3000/_next/static/chunks/node_modules_0e4g8kj._.js:1658:91)
    at BaseWalletMultiButton (http://localhost:3000/_next/static/chunks/node_modules_0e4g8kj._.js:1833:307)
    at Object.react_stack_bottom_frame (http://localhost:3000/_next/static/chunks/node_modules_react-dom_0bruynb._.js:13800:24)
    at renderWithHooksAgain (http://localhost:3000/_next/static/chunks/node_modules_react-dom_0bruynb._.js:4519:24)
    at renderWithHooks (http://localhost:3000/_next/static/chunks/node_modules_react-dom_0bruynb._.js:4470:28)
    at updateFunctionComponent (http://localhost:3000/_next/static/chunks/node_modules_react-dom_0bruynb._.js:5917:21)
    at beginWork (http://localhost:3000/_next/static/chunks/node_modules_react-dom_0bruynb._.js:6498:24)
    at runWithFiberInDEV (http://localhost:3000/_next/static/chunks/node_modules_react-dom_0bruynb._.js:886:74)
    at performUnitOfWork (http://localhost:3000/_next/static/chunks/node_modules_react-dom_0bruynb._.js:8894:97)
    at workLoopConcurrentByScheduler (http://localhost:3000/_next/static/chunks/node_modules_react-dom_0bruynb._.js:8890:58)
    at renderRootConcurrent (http://localhost:3000/_next/static/chunks/node_modules_react-dom_0bruynb._.js:8873:71)
    at performWorkOnRoot (http://localhost:3000/_next/static/chunks/node_modules_react-dom_0bruynb._.js:8400:150)
    at performWorkOnRootViaSchedulerTask (http://localhost:3000/_next/static/chunks/node_modules_react-dom_0bruynb._.js:9534:9)
    at MessagePort.performWorkUntilDeadline (http://localhost:3000/_next/static/chunks/node_modules_11l9xip._.js:1335:64) @ http://localhost:3000/_next/static/chunks/node_modules_next_dist_0k8zr~w._.js:1945
[   55272ms] [ERROR] Error: You have tried to read "wallets" on a WalletContext without providing one. Make sure to render a WalletProvider as an ancestor of the component that uses WalletContext.
    at logMissingProviderError (http://localhost:3000/_next/static/chunks/node_modules_0e4g8kj._.js:1621:19)
    at Object.get (http://localhost:3000/_next/static/chunks/node_modules_0e4g8kj._.js:1604:9)
    at useWalletMultiButton (http://localhost:3000/_next/static/chunks/node_modules_0e4g8kj._.js:1658:99)
    at BaseWalletMultiButton (http://localhost:3000/_next/static/chunks/node_modules_0e4g8kj._.js:1833:307)
    at Object.react_stack_bottom_frame (http://localhost:3000/_next/static/chunks/node_modules_react-dom_0bruynb._.js:13800:24)
    at renderWithHooksAgain (http://localhost:3000/_next/static/chunks/node_modules_react-dom_0bruynb._.js:4519:24)
    at renderWithHooks (http://localhost:3000/_next/static/chunks/node_modules_react-dom_0bruynb._.js:4470:28)
    at updateFunctionComponent (http://localhost:3000/_next/static/chunks/node_modules_react-dom_0bruynb._.js:5917:21)
    at beginWork (http://localhost:3000/_next/static/chunks/node_modules_react-dom_0bruynb._.js:6498:24)
    at runWithFiberInDEV (http://localhost:3000/_next/static/chunks/node_modules_react-dom_0bruynb._.js:886:74)
    at performUnitOfWork (http://localhost:3000/_next/static/chunks/node_modules_react-dom_0bruynb._.js:8894:97)
    at workLoopConcurrentByScheduler (http://localhost:3000/_next/static/chunks/node_modules_react-dom_0bruynb._.js:8890:58)
    at renderRootConcurrent (http://localhost:3000/_next/static/chunks/node_modules_react-dom_0bruynb._.js:8873:71)
    at performWorkOnRoot (http://localhost:3000/_next/static/chunks/node_modules_react-dom_0bruynb._.js:8400:150)
    at performWorkOnRootViaSchedulerTask (http://localhost:3000/_next/static/chunks/node_modules_react-dom_0bruynb._.js:9534:9)
    at MessagePort.performWorkUntilDeadline (http://localhost:3000/_next/static/chunks/node_modules_11l9xip._.js:1335:64) @ http://localhost:3000/_next/static/chunks/node_modules_next_dist_0k8zr~w._.js:1945
[   55924ms] [ERROR] Error: You have tried to read "publicKey" on a WalletContext without providing one. Make sure to render a WalletProvider as an ancestor of the component that uses WalletContext.
    at logMissingProviderError (http://localhost:3000/_next/static/chunks/node_modules_0e4g8kj._.js:1621:19)
    at Object.get (http://localhost:3000/_next/static/chunks/node_modules_0e4g8kj._.js:1616:9)
    at SolanaConnectWallet (http://localhost:3000/_next/static/chunks/%5Broot-of-the-server%5D__01pr~vt._.js:486:13)
    at Object.react_stack_bottom_frame (http://localhost:3000/_next/static/chunks/node_modules_react-dom_0bruynb._.js:13800:24)
    at renderWithHooks (http://localhost:3000/_next/static/chunks/node_modules_react-dom_0bruynb._.js:4464:24)
    at updateFunctionComponent (http://localhost:3000/_next/static/chunks/node_modules_react-dom_0bruynb._.js:5917:21)
    at beginWork (http://localhost:3000/_next/static/chunks/node_modules_react-dom_0bruynb._.js:6498:24)
    at runWithFiberInDEV (http://localhost:3000/_next/static/chunks/node_modules_react-dom_0bruynb._.js:886:74)
    at performUnitOfWork (http://localhost:3000/_next/static/chunks/node_modules_react-dom_0bruynb._.js:8894:97)
    at workLoopSync (http://localhost:3000/_next/static/chunks/node_modules_react-dom_0bruynb._.js:8788:40)
    at renderRootSync (http://localhost:3000/_next/static/chunks/node_modules_react-dom_0bruynb._.js:8772:13)
    at performWorkOnRoot (http://localhost:3000/_next/static/chunks/node_modules_react-dom_0bruynb._.js:8400:186)
    at performWorkOnRootViaSchedulerTask (http://localhost:3000/_next/static/chunks/node_modules_react-dom_0bruynb._.js:9534:9)
    at MessagePort.performWorkUntilDeadline (http://localhost:3000/_next/static/chunks/node_modules_11l9xip._.js:1335:64) @ http://localhost:3000/_next/static/chunks/node_modules_next_dist_0k8zr~w._.js:1945
[   55925ms] [ERROR] Error: You have tried to read "publicKey" on a WalletContext without providing one. Make sure to render a WalletProvider as an ancestor of the component that uses WalletContext.
    at logMissingProviderError (http://localhost:3000/_next/static/chunks/node_modules_0e4g8kj._.js:1621:19)
    at Object.get (http://localhost:3000/_next/static/chunks/node_modules_0e4g8kj._.js:1616:9)
    at SolanaConnectWallet (http://localhost:3000/_next/static/chunks/%5Broot-of-the-server%5D__01pr~vt._.js:486:13)
    at Object.react_stack_bottom_frame (http://localhost:3000/_next/static/chunks/node_modules_react-dom_0bruynb._.js:13800:24)
    at renderWithHooksAgain (http://localhost:3000/_next/static/chunks/node_modules_react-dom_0bruynb._.js:4519:24)
    at renderWithHooks (http://localhost:3000/_next/static/chunks/node_modules_react-dom_0bruynb._.js:4470:28)
    at updateFunctionComponent (http://localhost:3000/_next/static/chunks/node_modules_react-dom_0bruynb._.js:5917:21)
    at beginWork (http://localhost:3000/_next/static/chunks/node_modules_react-dom_0bruynb._.js:6498:24)
    at runWithFiberInDEV (http://localhost:3000/_next/static/chunks/node_modules_react-dom_0bruynb._.js:886:74)
    at performUnitOfWork (http://localhost:3000/_next/static/chunks/node_modules_react-dom_0bruynb._.js:8894:97)
    at workLoopSync (http://localhost:3000/_next/static/chunks/node_modules_react-dom_0bruynb._.js:8788:40)
    at renderRootSync (http://localhost:3000/_next/static/chunks/node_modules_react-dom_0bruynb._.js:8772:13)
    at performWorkOnRoot (http://localhost:3000/_next/static/chunks/node_modules_react-dom_0bruynb._.js:8400:186)
    at performWorkOnRootViaSchedulerTask (http://localhost:3000/_next/static/chunks/node_modules_react-dom_0bruynb._.js:9534:9)
    at MessagePort.performWorkUntilDeadline (http://localhost:3000/_next/static/chunks/node_modules_11l9xip._.js:1335:64) @ http://localhost:3000/_next/static/chunks/node_modules_next_dist_0k8zr~w._.js:1945
[   55925ms] [ERROR] Error: You have tried to read "publicKey" on a WalletContext without providing one. Make sure to render a WalletProvider as an ancestor of the component that uses WalletContext.
    at logMissingProviderError (http://localhost:3000/_next/static/chunks/node_modules_0e4g8kj._.js:1621:19)
    at Object.get (http://localhost:3000/_next/static/chunks/node_modules_0e4g8kj._.js:1616:9)
    at useWalletMultiButton (http://localhost:3000/_next/static/chunks/node_modules_0e4g8kj._.js:1658:72)
    at BaseWalletMultiButton (http://localhost:3000/_next/static/chunks/node_modules_0e4g8kj._.js:1833:307)
    at Object.react_stack_bottom_frame (http://localhost:3000/_next/static/chunks/node_modules_react-dom_0bruynb._.js:13800:24)
    at renderWithHooks (http://localhost:3000/_next/static/chunks/node_modules_react-dom_0bruynb._.js:4464:24)
    at updateFunctionComponent (http://localhost:3000/_next/static/chunks/node_modules_react-dom_0bruynb._.js:5917:21)
    at beginWork (http://localhost:3000/_next/static/chunks/node_modules_react-dom_0bruynb._.js:6498:24)
    at runWithFiberInDEV (http://localhost:3000/_next/static/chunks/node_modules_react-dom_0bruynb._.js:886:74)
    at performUnitOfWork (http://localhost:3000/_next/static/chunks/node_modules_react-dom_0bruynb._.js:8894:97)
    at workLoopSync (http://localhost:3000/_next/static/chunks/node_modules_react-dom_0bruynb._.js:8788:40)
    at renderRootSync (http://localhost:3000/_next/static/chunks/node_modules_react-dom_0bruynb._.js:8772:13)
    at performWorkOnRoot (http://localhost:3000/_next/static/chunks/node_modules_react-dom_0bruynb._.js:8400:186)
    at performWorkOnRootViaSchedulerTask (http://localhost:3000/_next/static/chunks/node_modules_react-dom_0bruynb._.js:9534:9)
    at MessagePort.performWorkUntilDeadline (http://localhost:3000/_next/static/chunks/node_modules_11l9xip._.js:1335:64) @ http://localhost:3000/_next/static/chunks/node_modules_next_dist_0k8zr~w._.js:1945
[   55925ms] [ERROR] Error: You have tried to read "wallet" on a WalletContext without providing one. Make sure to render a WalletProvider as an ancestor of the component that uses WalletContext.
    at logMissingProviderError (http://localhost:3000/_next/static/chunks/node_modules_0e4g8kj._.js:1621:19)
    at Object.get (http://localhost:3000/_next/static/chunks/node_modules_0e4g8kj._.js:1610:9)
    at useWalletMultiButton (http://localhost:3000/_next/static/chunks/node_modules_0e4g8kj._.js:1658:91)
    at BaseWalletMultiButton (http://localhost:3000/_next/static/chunks/node_modules_0e4g8kj._.js:1833:307)
    at Object.react_stack_bottom_frame (http://localhost:3000/_next/static/chunks/node_modules_react-dom_0bruynb._.js:13800:24)
    at renderWithHooks (http://localhost:3000/_next/static/chunks/node_modules_react-dom_0bruynb._.js:4464:24)
    at updateFunctionComponent (http://localhost:3000/_next/static/chunks/node_modules_react-dom_0bruynb._.js:5917:21)
    at beginWork (http://localhost:3000/_next/static/chunks/node_modules_react-dom_0bruynb._.js:6498:24)
    at runWithFiberInDEV (http://localhost:3000/_next/static/chunks/node_modules_react-dom_0bruynb._.js:886:74)
    at performUnitOfWork (http://localhost:3000/_next/static/chunks/node_modules_react-dom_0bruynb._.js:8894:97)
    at workLoopSync (http://localhost:3000/_next/static/chunks/node_modules_react-dom_0bruynb._.js:8788:40)
    at renderRootSync (http://localhost:3000/_next/static/chunks/node_modules_react-dom_0bruynb._.js:8772:13)
    at performWorkOnRoot (http://localhost:3000/_next/static/chunks/node_modules_react-dom_0bruynb._.js:8400:186)
    at performWorkOnRootViaSchedulerTask (http://localhost:3000/_next/static/chunks/node_modules_react-dom_0bruynb._.js:9534:9)
    at MessagePort.performWorkUntilDeadline (http://localhost:3000/_next/static/chunks/node_modules_11l9xip._.js:1335:64) @ http://localhost:3000/_next/static/chunks/node_modules_next_dist_0k8zr~w._.js:1945
[   55925ms] [ERROR] Error: You have tried to read "wallets" on a WalletContext without providing one. Make sure to render a WalletProvider as an ancestor of the component that uses WalletContext.
    at logMissingProviderError (http://localhost:3000/_next/static/chunks/node_modules_0e4g8kj._.js:1621:19)
    at Object.get (http://localhost:3000/_next/static/chunks/node_modules_0e4g8kj._.js:1604:9)
    at useWalletMultiButton (http://localhost:3000/_next/static/chunks/node_modules_0e4g8kj._.js:1658:99)
    at BaseWalletMultiButton (http://localhost:3000/_next/static/chunks/node_modules_0e4g8kj._.js:1833:307)
    at Object.react_stack_bottom_frame (http://localhost:3000/_next/static/chunks/node_modules_react-dom_0bruynb._.js:13800:24)
    at renderWithHooks (http://localhost:3000/_next/static/chunks/node_modules_react-dom_0bruynb._.js:4464:24)
    at updateFunctionComponent (http://localhost:3000/_next/static/chunks/node_modules_react-dom_0bruynb._.js:5917:21)
    at beginWork (http://localhost:3000/_next/static/chunks/node_modules_react-dom_0bruynb._.js:6498:24)
    at runWithFiberInDEV (http://localhost:3000/_next/static/chunks/node_modules_react-dom_0bruynb._.js:886:74)
    at performUnitOfWork (http://localhost:3000/_next/static/chunks/node_modules_react-dom_0bruynb._.js:8894:97)
    at workLoopSync (http://localhost:3000/_next/static/chunks/node_modules_react-dom_0bruynb._.js:8788:40)
    at renderRootSync (http://localhost:3000/_next/static/chunks/node_modules_react-dom_0bruynb._.js:8772:13)
    at performWorkOnRoot (http://localhost:3000/_next/static/chunks/node_modules_react-dom_0bruynb._.js:8400:186)
    at performWorkOnRootViaSchedulerTask (http://localhost:3000/_next/static/chunks/node_modules_react-dom_0bruynb._.js:9534:9)
    at MessagePort.performWorkUntilDeadline (http://localhost:3000/_next/static/chunks/node_modules_11l9xip._.js:1335:64) @ http://localhost:3000/_next/static/chunks/node_modules_next_dist_0k8zr~w._.js:1945
[   55926ms] [ERROR] Error: You have tried to read "publicKey" on a WalletContext without providing one. Make sure to render a WalletProvider as an ancestor of the component that uses WalletContext.
    at logMissingProviderError (http://localhost:3000/_next/static/chunks/node_modules_0e4g8kj._.js:1621:19)
    at Object.get (http://localhost:3000/_next/static/chunks/node_modules_0e4g8kj._.js:1616:9)
    at useWalletMultiButton (http://localhost:3000/_next/static/chunks/node_modules_0e4g8kj._.js:1658:72)
    at BaseWalletMultiButton (http://localhost:3000/_next/static/chunks/node_modules_0e4g8kj._.js:1833:307)
    at Object.react_stack_bottom_frame (http://localhost:3000/_next/static/chunks/node_modules_react-dom_0bruynb._.js:13800:24)
    at renderWithHooksAgain (http://localhost:3000/_next/static/chunks/node_modules_react-dom_0bruynb._.js:4519:24)
    at renderWithHooks (http://localhost:3000/_next/static/chunks/node_modules_react-dom_0bruynb._.js:4470:28)
    at updateFunctionComponent (http://localhost:3000/_next/static/chunks/node_modules_react-dom_0bruynb._.js:5917:21)
    at beginWork (http://localhost:3000/_next/static/chunks/node_modules_react-dom_0bruynb._.js:6498:24)
    at runWithFiberInDEV (http://localhost:3000/_next/static/chunks/node_modules_react-dom_0bruynb._.js:886:74)
    at performUnitOfWork (http://localhost:3000/_next/static/chunks/node_modules_react-dom_0bruynb._.js:8894:97)
    at workLoopSync (http://localhost:3000/_next/static/chunks/node_modules_react-dom_0bruynb._.js:8788:40)
    at renderRootSync (http://localhost:3000/_next/static/chunks/node_modules_react-dom_0bruynb._.js:8772:13)
    at performWorkOnRoot (http://localhost:3000/_next/static/chunks/node_modules_react-dom_0bruynb._.js:8400:186)
    at performWorkOnRootViaSchedulerTask (http://localhost:3000/_next/static/chunks/node_modules_react-dom_0bruynb._.js:9534:9)
    at MessagePort.performWorkUntilDeadline (http://localhost:3000/_next/static/chunks/node_modules_11l9xip._.js:1335:64) @ http://localhost:3000/_next/static/chunks/node_modules_next_dist_0k8zr~w._.js:1945
[   55926ms] [ERROR] Error: You have tried to read "wallet" on a WalletContext without providing one. Make sure to render a WalletProvider as an ancestor of the component that uses WalletContext.
    at logMissingProviderError (http://localhost:3000/_next/static/chunks/node_modules_0e4g8kj._.js:1621:19)
    at Object.get (http://localhost:3000/_next/static/chunks/node_modules_0e4g8kj._.js:1610:9)
    at useWalletMultiButton (http://localhost:3000/_next/static/chunks/node_modules_0e4g8kj._.js:1658:91)
    at BaseWalletMultiButton (http://localhost:3000/_next/static/chunks/node_modules_0e4g8kj._.js:1833:307)
    at Object.react_stack_bottom_frame (http://localhost:3000/_next/static/chunks/node_modules_react-dom_0bruynb._.js:13800:24)
    at renderWithHooksAgain (http://localhost:3000/_next/static/chunks/node_modules_react-dom_0bruynb._.js:4519:24)
    at renderWithHooks (http://localhost:3000/_next/static/chunks/node_modules_react-dom_0bruynb._.js:4470:28)
    at updateFunctionComponent (http://localhost:3000/_next/static/chunks/node_modules_react-dom_0bruynb._.js:5917:21)
    at beginWork (http://localhost:3000/_next/static/chunks/node_modules_react-dom_0bruynb._.js:6498:24)
    at runWithFiberInDEV (http://localhost:3000/_next/static/chunks/node_modules_react-dom_0bruynb._.js:886:74)
    at performUnitOfWork (http://localhost:3000/_next/static/chunks/node_modules_react-dom_0bruynb._.js:8894:97)
    at workLoopSync (http://localhost:3000/_next/static/chunks/node_modules_react-dom_0bruynb._.js:8788:40)
    at renderRootSync (http://localhost:3000/_next/static/chunks/node_modules_react-dom_0bruynb._.js:8772:13)
    at performWorkOnRoot (http://localhost:3000/_next/static/chunks/node_modules_react-dom_0bruynb._.js:8400:186)
    at performWorkOnRootViaSchedulerTask (http://localhost:3000/_next/static/chunks/node_modules_react-dom_0bruynb._.js:9534:9)
    at MessagePort.performWorkUntilDeadline (http://localhost:3000/_next/static/chunks/node_modules_11l9xip._.js:1335:64) @ http://localhost:3000/_next/static/chunks/node_modules_next_dist_0k8zr~w._.js:1945
[   55926ms] [ERROR] Error: You have tried to read "wallets" on a WalletContext without providing one. Make sure to render a WalletProvider as an ancestor of the component that uses WalletContext.
    at logMissingProviderError (http://localhost:3000/_next/static/chunks/node_modules_0e4g8kj._.js:1621:19)
    at Object.get (http://localhost:3000/_next/static/chunks/node_modules_0e4g8kj._.js:1604:9)
    at useWalletMultiButton (http://localhost:3000/_next/static/chunks/node_modules_0e4g8kj._.js:1658:99)
    at BaseWalletMultiButton (http://localhost:3000/_next/static/chunks/node_modules_0e4g8kj._.js:1833:307)
    at Object.react_stack_bottom_frame (http://localhost:3000/_next/static/chunks/node_modules_react-dom_0bruynb._.js:13800:24)
    at renderWithHooksAgain (http://localhost:3000/_next/static/chunks/node_modules_react-dom_0bruynb._.js:4519:24)
    at renderWithHooks (http://localhost:3000/_next/static/chunks/node_modules_react-dom_0bruynb._.js:4470:28)
    at updateFunctionComponent (http://localhost:3000/_next/static/chunks/node_modules_react-dom_0bruynb._.js:5917:21)
    at beginWork (http://localhost:3000/_next/static/chunks/node_modules_react-dom_0bruynb._.js:6498:24)
    at runWithFiberInDEV (http://localhost:3000/_next/static/chunks/node_modules_react-dom_0bruynb._.js:886:74)
    at performUnitOfWork (http://localhost:3000/_next/static/chunks/node_modules_react-dom_0bruynb._.js:8894:97)
    at workLoopSync (http://localhost:3000/_next/static/chunks/node_modules_react-dom_0bruynb._.js:8788:40)
    at renderRootSync (http://localhost:3000/_next/static/chunks/node_modules_react-dom_0bruynb._.js:8772:13)
    at performWorkOnRoot (http://localhost:3000/_next/static/chunks/node_modules_react-dom_0bruynb._.js:8400:186)
    at performWorkOnRootViaSchedulerTask (http://localhost:3000/_next/static/chunks/node_modules_react-dom_0bruynb._.js:9534:9)
    at MessagePort.performWorkUntilDeadline (http://localhost:3000/_next/static/chunks/node_modules_11l9xip._.js:1335:64) @ http://localhost:3000/_next/static/chunks/node_modules_next_dist_0k8zr~w._.js:1945
[   60397ms] [ERROR] Error: You have tried to read "publicKey" on a WalletContext without providing one. Make sure to render a WalletProvider as an ancestor of the component that uses WalletContext.
    at logMissingProviderError (http://localhost:3000/_next/static/chunks/node_modules_0e4g8kj._.js:1621:19)
    at Object.get (http://localhost:3000/_next/static/chunks/node_modules_0e4g8kj._.js:1616:9)
    at SolanaConnectWallet (http://localhost:3000/_next/static/chunks/%5Broot-of-the-server%5D__01pr~vt._.js:486:13)
    at Object.react_stack_bottom_frame (http://localhost:3000/_next/static/chunks/node_modules_react-dom_0bruynb._.js:13800:24)
    at renderWithHooks (http://localhost:3000/_next/static/chunks/node_modules_react-dom_0bruynb._.js:4464:24)
    at updateFunctionComponent (http://localhost:3000/_next/static/chunks/node_modules_react-dom_0bruynb._.js:5917:21)
    at beginWork (http://localhost:3000/_next/static/chunks/node_modules_react-dom_0bruynb._.js:6498:24)
    at runWithFiberInDEV (http://localhost:3000/_next/static/chunks/node_modules_react-dom_0bruynb._.js:886:74)
    at performUnitOfWork (http://localhost:3000/_next/static/chunks/node_modules_react-dom_0bruynb._.js:8894:97)
    at workLoopConcurrentByScheduler (http://localhost:3000/_next/static/chunks/node_modules_react-dom_0bruynb._.js:8890:58)
    at renderRootConcurrent (http://localhost:3000/_next/static/chunks/node_modules_react-dom_0bruynb._.js:8873:71)
    at performWorkOnRoot (http://localhost:3000/_next/static/chunks/node_modules_react-dom_0bruynb._.js:8400:150)
    at performWorkOnRootViaSchedulerTask (http://localhost:3000/_next/static/chunks/node_modules_react-dom_0bruynb._.js:9534:9)
    at MessagePort.performWorkUntilDeadline (http://localhost:3000/_next/static/chunks/node_modules_11l9xip._.js:1335:64) @ http://localhost:3000/_next/static/chunks/node_modules_next_dist_0k8zr~w._.js:1945
[   60398ms] [ERROR] Error: You have tried to read "publicKey" on a WalletContext without providing one. Make sure to render a WalletProvider as an ancestor of the component that uses WalletContext.
    at logMissingProviderError (http://localhost:3000/_next/static/chunks/node_modules_0e4g8kj._.js:1621:19)
    at Object.get (http://localhost:3000/_next/static/chunks/node_modules_0e4g8kj._.js:1616:9)
    at SolanaConnectWallet (http://localhost:3000/_next/static/chunks/%5Broot-of-the-server%5D__01pr~vt._.js:486:13)
    at Object.react_stack_bottom_frame (http://localhost:3000/_next/static/chunks/node_modules_react-dom_0bruynb._.js:13800:24)
    at renderWithHooksAgain (http://localhost:3000/_next/static/chunks/node_modules_react-dom_0bruynb._.js:4519:24)
    at renderWithHooks (http://localhost:3000/_next/static/chunks/node_modules_react-dom_0bruynb._.js:4470:28)
    at updateFunctionComponent (http://localhost:3000/_next/static/chunks/node_modules_react-dom_0bruynb._.js:5917:21)
    at beginWork (http://localhost:3000/_next/static/chunks/node_modules_react-dom_0bruynb._.js:6498:24)
    at runWithFiberInDEV (http://localhost:3000/_next/static/chunks/node_modules_react-dom_0bruynb._.js:886:74)
    at performUnitOfWork (http://localhost:3000/_next/static/chunks/node_modules_react-dom_0bruynb._.js:8894:97)
    at workLoopConcurrentByScheduler (http://localhost:3000/_next/static/chunks/node_modules_react-dom_0bruynb._.js:8890:58)
    at renderRootConcurrent (http://localhost:3000/_next/static/chunks/node_modules_react-dom_0bruynb._.js:8873:71)
    at performWorkOnRoot (http://localhost:3000/_next/static/chunks/node_modules_react-dom_0bruynb._.js:8400:150)
    at performWorkOnRootViaSchedulerTask (http://localhost:3000/_next/static/chunks/node_modules_react-dom_0bruynb._.js:9534:9)
    at MessagePort.performWorkUntilDeadline (http://localhost:3000/_next/static/chunks/node_modules_11l9xip._.js:1335:64) @ http://localhost:3000/_next/static/chunks/node_modules_next_dist_0k8zr~w._.js:1945
[   60398ms] [ERROR] Error: You have tried to read "publicKey" on a WalletContext without providing one. Make sure to render a WalletProvider as an ancestor of the component that uses WalletContext.
    at logMissingProviderError (http://localhost:3000/_next/static/chunks/node_modules_0e4g8kj._.js:1621:19)
    at Object.get (http://localhost:3000/_next/static/chunks/node_modules_0e4g8kj._.js:1616:9)
    at useWalletMultiButton (http://localhost:3000/_next/static/chunks/node_modules_0e4g8kj._.js:1658:72)
    at BaseWalletMultiButton (http://localhost:3000/_next/static/chunks/node_modules_0e4g8kj._.js:1833:307)
    at Object.react_stack_bottom_frame (http://localhost:3000/_next/static/chunks/node_modules_react-dom_0bruynb._.js:13800:24)
    at renderWithHooks (http://localhost:3000/_next/static/chunks/node_modules_react-dom_0bruynb._.js:4464:24)
    at updateFunctionComponent (http://localhost:3000/_next/static/chunks/node_modules_react-dom_0bruynb._.js:5917:21)
    at beginWork (http://localhost:3000/_next/static/chunks/node_modules_react-dom_0bruynb._.js:6498:24)
    at runWithFiberInDEV (http://localhost:3000/_next/static/chunks/node_modules_react-dom_0bruynb._.js:886:74)
    at performUnitOfWork (http://localhost:3000/_next/static/chunks/node_modules_react-dom_0bruynb._.js:8894:97)
    at workLoopConcurrentByScheduler (http://localhost:3000/_next/static/chunks/node_modules_react-dom_0bruynb._.js:8890:58)
    at renderRootConcurrent (http://localhost:3000/_next/static/chunks/node_modules_react-dom_0bruynb._.js:8873:71)
    at performWorkOnRoot (http://localhost:3000/_next/static/chunks/node_modules_react-dom_0bruynb._.js:8400:150)
    at performWorkOnRootViaSchedulerTask (http://localhost:3000/_next/static/chunks/node_modules_react-dom_0bruynb._.js:9534:9)
    at MessagePort.performWorkUntilDeadline (http://localhost:3000/_next/static/chunks/node_modules_11l9xip._.js:1335:64) @ http://localhost:3000/_next/static/chunks/node_modules_next_dist_0k8zr~w._.js:1945
[   60398ms] [ERROR] Error: You have tried to read "wallet" on a WalletContext without providing one. Make sure to render a WalletProvider as an ancestor of the component that uses WalletContext.
    at logMissingProviderError (http://localhost:3000/_next/static/chunks/node_modules_0e4g8kj._.js:1621:19)
    at Object.get (http://localhost:3000/_next/static/chunks/node_modules_0e4g8kj._.js:1610:9)
    at useWalletMultiButton (http://localhost:3000/_next/static/chunks/node_modules_0e4g8kj._.js:1658:91)
    at BaseWalletMultiButton (http://localhost:3000/_next/static/chunks/node_modules_0e4g8kj._.js:1833:307)
    at Object.react_stack_bottom_frame (http://localhost:3000/_next/static/chunks/node_modules_react-dom_0bruynb._.js:13800:24)
    at renderWithHooks (http://localhost:3000/_next/static/chunks/node_modules_react-dom_0bruynb._.js:4464:24)
    at updateFunctionComponent (http://localhost:3000/_next/static/chunks/node_modules_react-dom_0bruynb._.js:5917:21)
    at beginWork (http://localhost:3000/_next/static/chunks/node_modules_react-dom_0bruynb._.js:6498:24)
    at runWithFiberInDEV (http://localhost:3000/_next/static/chunks/node_modules_react-dom_0bruynb._.js:886:74)
    at performUnitOfWork (http://localhost:3000/_next/static/chunks/node_modules_react-dom_0bruynb._.js:8894:97)
    at workLoopConcurrentByScheduler (http://localhost:3000/_next/static/chunks/node_modules_react-dom_0bruynb._.js:8890:58)
    at renderRootConcurrent (http://localhost:3000/_next/static/chunks/node_modules_react-dom_0bruynb._.js:8873:71)
    at performWorkOnRoot (http://localhost:3000/_next/static/chunks/node_modules_react-dom_0bruynb._.js:8400:150)
    at performWorkOnRootViaSchedulerTask (http://localhost:3000/_next/static/chunks/node_modules_react-dom_0bruynb._.js:9534:9)
    at MessagePort.performWorkUntilDeadline (http://localhost:3000/_next/static/chunks/node_modules_11l9xip._.js:1335:64) @ http://localhost:3000/_next/static/chunks/node_modules_next_dist_0k8zr~w._.js:1945
[   60398ms] [ERROR] Error: You have tried to read "wallets" on a WalletContext without providing one. Make sure to render a WalletProvider as an ancestor of the component that uses WalletContext.
    at logMissingProviderError (http://localhost:3000/_next/static/chunks/node_modules_0e4g8kj._.js:1621:19)
    at Object.get (http://localhost:3000/_next/static/chunks/node_modules_0e4g8kj._.js:1604:9)
    at useWalletMultiButton (http://localhost:3000/_next/static/chunks/node_modules_0e4g8kj._.js:1658:99)
    at BaseWalletMultiButton (http://localhost:3000/_next/static/chunks/node_modules_0e4g8kj._.js:1833:307)
    at Object.react_stack_bottom_frame (http://localhost:3000/_next/static/chunks/node_modules_react-dom_0bruynb._.js:13800:24)
    at renderWithHooks (http://localhost:3000/_next/static/chunks/node_modules_react-dom_0bruynb._.js:4464:24)
    at updateFunctionComponent (http://localhost:3000/_next/static/chunks/node_modules_react-dom_0bruynb._.js:5917:21)
    at beginWork (http://localhost:3000/_next/static/chunks/node_modules_react-dom_0bruynb._.js:6498:24)
    at runWithFiberInDEV (http://localhost:3000/_next/static/chunks/node_modules_react-dom_0bruynb._.js:886:74)
    at performUnitOfWork (http://localhost:3000/_next/static/chunks/node_modules_react-dom_0bruynb._.js:8894:97)
    at workLoopConcurrentByScheduler (http://localhost:3000/_next/static/chunks/node_modules_react-dom_0bruynb._.js:8890:58)
    at renderRootConcurrent (http://localhost:3000/_next/static/chunks/node_modules_react-dom_0bruynb._.js:8873:71)
    at performWorkOnRoot (http://localhost:3000/_next/static/chunks/node_modules_react-dom_0bruynb._.js:8400:150)
    at performWorkOnRootViaSchedulerTask (http://localhost:3000/_next/static/chunks/node_modules_react-dom_0bruynb._.js:9534:9)
    at MessagePort.performWorkUntilDeadline (http://localhost:3000/_next/static/chunks/node_modules_11l9xip._.js:1335:64) @ http://localhost:3000/_next/static/chunks/node_modules_next_dist_0k8zr~w._.js:1945
[   60399ms] [ERROR] Error: You have tried to read "publicKey" on a WalletContext without providing one. Make sure to render a WalletProvider as an ancestor of the component that uses WalletContext.
    at logMissingProviderError (http://localhost:3000/_next/static/chunks/node_modules_0e4g8kj._.js:1621:19)
    at Object.get (http://localhost:3000/_next/static/chunks/node_modules_0e4g8kj._.js:1616:9)
    at useWalletMultiButton (http://localhost:3000/_next/static/chunks/node_modules_0e4g8kj._.js:1658:72)
    at BaseWalletMultiButton (http://localhost:3000/_next/static/chunks/node_modules_0e4g8kj._.js:1833:307)
    at Object.react_stack_bottom_frame (http://localhost:3000/_next/static/chunks/node_modules_react-dom_0bruynb._.js:13800:24)
    at renderWithHooksAgain (http://localhost:3000/_next/static/chunks/node_modules_react-dom_0bruynb._.js:4519:24)
    at renderWithHooks (http://localhost:3000/_next/static/chunks/node_modules_react-dom_0bruynb._.js:4470:28)
    at updateFunctionComponent (http://localhost:3000/_next/static/chunks/node_modules_react-dom_0bruynb._.js:5917:21)
    at beginWork (http://localhost:3000/_next/static/chunks/node_modules_react-dom_0bruynb._.js:6498:24)
    at runWithFiberInDEV (http://localhost:3000/_next/static/chunks/node_modules_react-dom_0bruynb._.js:886:74)
    at performUnitOfWork (http://localhost:3000/_next/static/chunks/node_modules_react-dom_0bruynb._.js:8894:97)
    at workLoopConcurrentByScheduler (http://localhost:3000/_next/static/chunks/node_modules_react-dom_0bruynb._.js:8890:58)
    at renderRootConcurrent (http://localhost:3000/_next/static/chunks/node_modules_react-dom_0bruynb._.js:8873:71)
    at performWorkOnRoot (http://localhost:3000/_next/static/chunks/node_modules_react-dom_0bruynb._.js:8400:150)
    at performWorkOnRootViaSchedulerTask (http://localhost:3000/_next/static/chunks/node_modules_react-dom_0bruynb._.js:9534:9)
    at MessagePort.performWorkUntilDeadline (http://localhost:3000/_next/static/chunks/node_modules_11l9xip._.js:1335:64) @ http://localhost:3000/_next/static/chunks/node_modules_next_dist_0k8zr~w._.js:1945
[   60399ms] [ERROR] Error: You have tried to read "wallet" on a WalletContext without providing one. Make sure to render a WalletProvider as an ancestor of the component that uses WalletContext.
    at logMissingProviderError (http://localhost:3000/_next/static/chunks/node_modules_0e4g8kj._.js:1621:19)
    at Object.get (http://localhost:3000/_next/static/chunks/node_modules_0e4g8kj._.js:1610:9)
    at useWalletMultiButton (http://localhost:3000/_next/static/chunks/node_modules_0e4g8kj._.js:1658:91)
    at BaseWalletMultiButton (http://localhost:3000/_next/static/chunks/node_modules_0e4g8kj._.js:1833:307)
    at Object.react_stack_bottom_frame (http://localhost:3000/_next/static/chunks/node_modules_react-dom_0bruynb._.js:13800:24)
    at renderWithHooksAgain (http://localhost:3000/_next/static/chunks/node_modules_react-dom_0bruynb._.js:4519:24)
    at renderWithHooks (http://localhost:3000/_next/static/chunks/node_modules_react-dom_0bruynb._.js:4470:28)
    at updateFunctionComponent (http://localhost:3000/_next/static/chunks/node_modules_react-dom_0bruynb._.js:5917:21)
    at beginWork (http://localhost:3000/_next/static/chunks/node_modules_react-dom_0bruynb._.js:6498:24)
    at runWithFiberInDEV (http://localhost:3000/_next/static/chunks/node_modules_react-dom_0bruynb._.js:886:74)
    at performUnitOfWork (http://localhost:3000/_next/static/chunks/node_modules_react-dom_0bruynb._.js:8894:97)
    at workLoopConcurrentByScheduler (http://localhost:3000/_next/static/chunks/node_modules_react-dom_0bruynb._.js:8890:58)
    at renderRootConcurrent (http://localhost:3000/_next/static/chunks/node_modules_react-dom_0bruynb._.js:8873:71)
    at performWorkOnRoot (http://localhost:3000/_next/static/chunks/node_modules_react-dom_0bruynb._.js:8400:150)
    at performWorkOnRootViaSchedulerTask (http://localhost:3000/_next/static/chunks/node_modules_react-dom_0bruynb._.js:9534:9)
    at MessagePort.performWorkUntilDeadline (http://localhost:3000/_next/static/chunks/node_modules_11l9xip._.js:1335:64) @ http://localhost:3000/_next/static/chunks/node_modules_next_dist_0k8zr~w._.js:1945
[   60399ms] [ERROR] Error: You have tried to read "wallets" on a WalletContext without providing one. Make sure to render a WalletProvider as an ancestor of the component that uses WalletContext.
    at logMissingProviderError (http://localhost:3000/_next/static/chunks/node_modules_0e4g8kj._.js:1621:19)
    at Object.get (http://localhost:3000/_next/static/chunks/node_modules_0e4g8kj._.js:1604:9)
    at useWalletMultiButton (http://localhost:3000/_next/static/chunks/node_modules_0e4g8kj._.js:1658:99)
    at BaseWalletMultiButton (http://localhost:3000/_next/static/chunks/node_modules_0e4g8kj._.js:1833:307)
    at Object.react_stack_bottom_frame (http://localhost:3000/_next/static/chunks/node_modules_react-dom_0bruynb._.js:13800:24)
    at renderWithHooksAgain (http://localhost:3000/_next/static/chunks/node_modules_react-dom_0bruynb._.js:4519:24)
    at renderWithHooks (http://localhost:3000/_next/static/chunks/node_modules_react-dom_0bruynb._.js:4470:28)
    at updateFunctionComponent (http://localhost:3000/_next/static/chunks/node_modules_react-dom_0bruynb._.js:5917:21)
    at beginWork (http://localhost:3000/_next/static/chunks/node_modules_react-dom_0bruynb._.js:6498:24)
    at runWithFiberInDEV (http://localhost:3000/_next/static/chunks/node_modules_react-dom_0bruynb._.js:886:74)
    at performUnitOfWork (http://localhost:3000/_next/static/chunks/node_modules_react-dom_0bruynb._.js:8894:97)
    at workLoopConcurrentByScheduler (http://localhost:3000/_next/static/chunks/node_modules_react-dom_0bruynb._.js:8890:58)
    at renderRootConcurrent (http://localhost:3000/_next/static/chunks/node_modules_react-dom_0bruynb._.js:8873:71)
    at performWorkOnRoot (http://localhost:3000/_next/static/chunks/node_modules_react-dom_0bruynb._.js:8400:150)
    at performWorkOnRootViaSchedulerTask (http://localhost:3000/_next/static/chunks/node_modules_react-dom_0bruynb._.js:9534:9)
    at MessagePort.performWorkUntilDeadline (http://localhost:3000/_next/static/chunks/node_modules_11l9xip._.js:1335:64) @ http://localhost:3000/_next/static/chunks/node_modules_next_dist_0k8zr~w._.js:1945
[   60400ms] [ERROR] Error: You have tried to read "publicKey" on a WalletContext without providing one. Make sure to render a WalletProvider as an ancestor of the component that uses WalletContext.
    at logMissingProviderError (http://localhost:3000/_next/static/chunks/node_modules_0e4g8kj._.js:1621:19)
    at Object.get (http://localhost:3000/_next/static/chunks/node_modules_0e4g8kj._.js:1616:9)
    at PlaceBetModal (http://localhost:3000/_next/static/chunks/%5Broot-of-the-server%5D__01pr~vt._.js:2453:13)
    at Object.react_stack_bottom_frame (http://localhost:3000/_next/static/chunks/node_modules_react-dom_0bruynb._.js:13800:24)
    at renderWithHooks (http://localhost:3000/_next/static/chunks/node_modules_react-dom_0bruynb._.js:4464:24)
    at updateFunctionComponent (http://localhost:3000/_next/static/chunks/node_modules_react-dom_0bruynb._.js:5917:21)
    at beginWork (http://localhost:3000/_next/static/chunks/node_modules_react-dom_0bruynb._.js:6498:24)
    at runWithFiberInDEV (http://localhost:3000/_next/static/chunks/node_modules_react-dom_0bruynb._.js:886:74)
    at performUnitOfWork (http://localhost:3000/_next/static/chunks/node_modules_react-dom_0bruynb._.js:8894:97)
    at workLoopConcurrentByScheduler (http://localhost:3000/_next/static/chunks/node_modules_react-dom_0bruynb._.js:8890:58)
    at renderRootConcurrent (http://localhost:3000/_next/static/chunks/node_modules_react-dom_0bruynb._.js:8873:71)
    at performWorkOnRoot (http://localhost:3000/_next/static/chunks/node_modules_react-dom_0bruynb._.js:8400:150)
    at performWorkOnRootViaSchedulerTask (http://localhost:3000/_next/static/chunks/node_modules_react-dom_0bruynb._.js:9534:9)
    at MessagePort.performWorkUntilDeadline (http://localhost:3000/_next/static/chunks/node_modules_11l9xip._.js:1335:64) @ http://localhost:3000/_next/static/chunks/node_modules_next_dist_0k8zr~w._.js:1945
[   60400ms] [ERROR] Error: You have tried to read "publicKey" on a WalletContext without providing one. Make sure to render a WalletProvider as an ancestor of the component that uses WalletContext.
    at logMissingProviderError (http://localhost:3000/_next/static/chunks/node_modules_0e4g8kj._.js:1621:19)
    at Object.get (http://localhost:3000/_next/static/chunks/node_modules_0e4g8kj._.js:1616:9)
    at usePlaceBet (http://localhost:3000/_next/static/chunks/%5Broot-of-the-server%5D__01pr~vt._.js:2301:13)
    at PlaceBetModal (http://localhost:3000/_next/static/chunks/%5Broot-of-the-server%5D__01pr~vt._.js:2460:166)
    at Object.react_stack_bottom_frame (http://localhost:3000/_next/static/chunks/node_modules_react-dom_0bruynb._.js:13800:24)
    at renderWithHooks (http://localhost:3000/_next/static/chunks/node_modules_react-dom_0bruynb._.js:4464:24)
    at updateFunctionComponent (http://localhost:3000/_next/static/chunks/node_modules_react-dom_0bruynb._.js:5917:21)
    at beginWork (http://localhost:3000/_next/static/chunks/node_modules_react-dom_0bruynb._.js:6498:24)
    at runWithFiberInDEV (http://localhost:3000/_next/static/chunks/node_modules_react-dom_0bruynb._.js:886:74)
    at performUnitOfWork (http://localhost:3000/_next/static/chunks/node_modules_react-dom_0bruynb._.js:8894:97)
    at workLoopConcurrentByScheduler (http://localhost:3000/_next/static/chunks/node_modules_react-dom_0bruynb._.js:8890:58)
    at renderRootConcurrent (http://localhost:3000/_next/static/chunks/node_modules_react-dom_0bruynb._.js:8873:71)
    at performWorkOnRoot (http://localhost:3000/_next/static/chunks/node_modules_react-dom_0bruynb._.js:8400:150)
    at performWorkOnRootViaSchedulerTask (http://localhost:3000/_next/static/chunks/node_modules_react-dom_0bruynb._.js:9534:9)
    at MessagePort.performWorkUntilDeadline (http://localhost:3000/_next/static/chunks/node_modules_11l9xip._.js:1335:64) @ http://localhost:3000/_next/static/chunks/node_modules_next_dist_0k8zr~w._.js:1945
[   60400ms] [ERROR] Error: You have tried to read "publicKey" on a WalletContext without providing one. Make sure to render a WalletProvider as an ancestor of the component that uses WalletContext.
    at logMissingProviderError (http://localhost:3000/_next/static/chunks/node_modules_0e4g8kj._.js:1621:19)
    at Object.get (http://localhost:3000/_next/static/chunks/node_modules_0e4g8kj._.js:1616:9)
    at PlaceBetModal (http://localhost:3000/_next/static/chunks/%5Broot-of-the-server%5D__01pr~vt._.js:2453:13)
    at Object.react_stack_bottom_frame (http://localhost:3000/_next/static/chunks/node_modules_react-dom_0bruynb._.js:13800:24)
    at renderWithHooksAgain (http://localhost:3000/_next/static/chunks/node_modules_react-dom_0bruynb._.js:4519:24)
    at renderWithHooks (http://localhost:3000/_next/static/chunks/node_modules_react-dom_0bruynb._.js:4470:28)
    at updateFunctionComponent (http://localhost:3000/_next/static/chunks/node_modules_react-dom_0bruynb._.js:5917:21)
    at beginWork (http://localhost:3000/_next/static/chunks/node_modules_react-dom_0bruynb._.js:6498:24)
    at runWithFiberInDEV (http://localhost:3000/_next/static/chunks/node_modules_react-dom_0bruynb._.js:886:74)
    at performUnitOfWork (http://localhost:3000/_next/static/chunks/node_modules_react-dom_0bruynb._.js:8894:97)
    at workLoopConcurrentByScheduler (http://localhost:3000/_next/static/chunks/node_modules_react-dom_0bruynb._.js:8890:58)
    at renderRootConcurrent (http://localhost:3000/_next/static/chunks/node_modules_react-dom_0bruynb._.js:8873:71)
    at performWorkOnRoot (http://localhost:3000/_next/static/chunks/node_modules_react-dom_0bruynb._.js:8400:150)
    at performWorkOnRootViaSchedulerTask (http://localhost:3000/_next/static/chunks/node_modules_react-dom_0bruynb._.js:9534:9)
    at MessagePort.performWorkUntilDeadline (http://localhost:3000/_next/static/chunks/node_modules_11l9xip._.js:1335:64) @ http://localhost:3000/_next/static/chunks/node_modules_next_dist_0k8zr~w._.js:1945
[   60400ms] [ERROR] Error: You have tried to read "publicKey" on a WalletContext without providing one. Make sure to render a WalletProvider as an ancestor of the component that uses WalletContext.
    at logMissingProviderError (http://localhost:3000/_next/static/chunks/node_modules_0e4g8kj._.js:1621:19)
    at Object.get (http://localhost:3000/_next/static/chunks/node_modules_0e4g8kj._.js:1616:9)
    at usePlaceBet (http://localhost:3000/_next/static/chunks/%5Broot-of-the-server%5D__01pr~vt._.js:2301:13)
    at PlaceBetModal (http://localhost:3000/_next/static/chunks/%5Broot-of-the-server%5D__01pr~vt._.js:2460:166)
    at Object.react_stack_bottom_frame (http://localhost:3000/_next/static/chunks/node_modules_react-dom_0bruynb._.js:13800:24)
    at renderWithHooksAgain (http://localhost:3000/_next/static/chunks/node_modules_react-dom_0bruynb._.js:4519:24)
    at renderWithHooks (http://localhost:3000/_next/static/chunks/node_modules_react-dom_0bruynb._.js:4470:28)
    at updateFunctionComponent (http://localhost:3000/_next/static/chunks/node_modules_react-dom_0bruynb._.js:5917:21)
    at beginWork (http://localhost:3000/_next/static/chunks/node_modules_react-dom_0bruynb._.js:6498:24)
    at runWithFiberInDEV (http://localhost:3000/_next/static/chunks/node_modules_react-dom_0bruynb._.js:886:74)
    at performUnitOfWork (http://localhost:3000/_next/static/chunks/node_modules_react-dom_0bruynb._.js:8894:97)
    at workLoopConcurrentByScheduler (http://localhost:3000/_next/static/chunks/node_modules_react-dom_0bruynb._.js:8890:58)
    at renderRootConcurrent (http://localhost:3000/_next/static/chunks/node_modules_react-dom_0bruynb._.js:8873:71)
    at performWorkOnRoot (http://localhost:3000/_next/static/chunks/node_modules_react-dom_0bruynb._.js:8400:150)
    at performWorkOnRootViaSchedulerTask (http://localhost:3000/_next/static/chunks/node_modules_react-dom_0bruynb._.js:9534:9)
    at MessagePort.performWorkUntilDeadline (http://localhost:3000/_next/static/chunks/node_modules_11l9xip._.js:1335:64) @ http://localhost:3000/_next/static/chunks/node_modules_next_dist_0k8zr~w._.js:1945
[   60430ms] [ERROR] Error: You have tried to read "publicKey" on a WalletContext without providing one. Make sure to render a WalletProvider as an ancestor of the component that uses WalletContext.
    at logMissingProviderError (http://localhost:3000/_next/static/chunks/node_modules_0e4g8kj._.js:1621:19)
    at Object.get (http://localhost:3000/_next/static/chunks/node_modules_0e4g8kj._.js:1616:9)
    at SolanaConnectWallet (http://localhost:3000/_next/static/chunks/%5Broot-of-the-server%5D__01pr~vt._.js:486:13)
    at Object.react_stack_bottom_frame (http://localhost:3000/_next/static/chunks/node_modules_react-dom_0bruynb._.js:13800:24)
    at renderWithHooks (http://localhost:3000/_next/static/chunks/node_modules_react-dom_0bruynb._.js:4464:24)
    at updateFunctionComponent (http://localhost:3000/_next/static/chunks/node_modules_react-dom_0bruynb._.js:5917:21)
    at beginWork (http://localhost:3000/_next/static/chunks/node_modules_react-dom_0bruynb._.js:6498:24)
    at runWithFiberInDEV (http://localhost:3000/_next/static/chunks/node_modules_react-dom_0bruynb._.js:886:74)
    at performUnitOfWork (http://localhost:3000/_next/static/chunks/node_modules_react-dom_0bruynb._.js:8894:97)
    at workLoopSync (http://localhost:3000/_next/static/chunks/node_modules_react-dom_0bruynb._.js:8788:40)
    at renderRootSync (http://localhost:3000/_next/static/chunks/node_modules_react-dom_0bruynb._.js:8772:13)
    at performWorkOnRoot (http://localhost:3000/_next/static/chunks/node_modules_react-dom_0bruynb._.js:8400:186)
    at performWorkOnRootViaSchedulerTask (http://localhost:3000/_next/static/chunks/node_modules_react-dom_0bruynb._.js:9534:9)
    at MessagePort.performWorkUntilDeadline (http://localhost:3000/_next/static/chunks/node_modules_11l9xip._.js:1335:64) @ http://localhost:3000/_next/static/chunks/node_modules_next_dist_0k8zr~w._.js:1945
[   60430ms] [ERROR] Error: You have tried to read "publicKey" on a WalletContext without providing one. Make sure to render a WalletProvider as an ancestor of the component that uses WalletContext.
    at logMissingProviderError (http://localhost:3000/_next/static/chunks/node_modules_0e4g8kj._.js:1621:19)
    at Object.get (http://localhost:3000/_next/static/chunks/node_modules_0e4g8kj._.js:1616:9)
    at SolanaConnectWallet (http://localhost:3000/_next/static/chunks/%5Broot-of-the-server%5D__01pr~vt._.js:486:13)
    at Object.react_stack_bottom_frame (http://localhost:3000/_next/static/chunks/node_modules_react-dom_0bruynb._.js:13800:24)
    at renderWithHooksAgain (http://localhost:3000/_next/static/chunks/node_modules_react-dom_0bruynb._.js:4519:24)
    at renderWithHooks (http://localhost:3000/_next/static/chunks/node_modules_react-dom_0bruynb._.js:4470:28)
    at updateFunctionComponent (http://localhost:3000/_next/static/chunks/node_modules_react-dom_0bruynb._.js:5917:21)
    at beginWork (http://localhost:3000/_next/static/chunks/node_modules_react-dom_0bruynb._.js:6498:24)
    at runWithFiberInDEV (http://localhost:3000/_next/static/chunks/node_modules_react-dom_0bruynb._.js:886:74)
    at performUnitOfWork (http://localhost:3000/_next/static/chunks/node_modules_react-dom_0bruynb._.js:8894:97)
    at workLoopSync (http://localhost:3000/_next/static/chunks/node_modules_react-dom_0bruynb._.js:8788:40)
    at renderRootSync (http://localhost:3000/_next/static/chunks/node_modules_react-dom_0bruynb._.js:8772:13)
    at performWorkOnRoot (http://localhost:3000/_next/static/chunks/node_modules_react-dom_0bruynb._.js:8400:186)
    at performWorkOnRootViaSchedulerTask (http://localhost:3000/_next/static/chunks/node_modules_react-dom_0bruynb._.js:9534:9)
    at MessagePort.performWorkUntilDeadline (http://localhost:3000/_next/static/chunks/node_modules_11l9xip._.js:1335:64) @ http://localhost:3000/_next/static/chunks/node_modules_next_dist_0k8zr~w._.js:1945
[   60430ms] [ERROR] Error: You have tried to read "publicKey" on a WalletContext without providing one. Make sure to render a WalletProvider as an ancestor of the component that uses WalletContext.
    at logMissingProviderError (http://localhost:3000/_next/static/chunks/node_modules_0e4g8kj._.js:1621:19)
    at Object.get (http://localhost:3000/_next/static/chunks/node_modules_0e4g8kj._.js:1616:9)
    at useWalletMultiButton (http://localhost:3000/_next/static/chunks/node_modules_0e4g8kj._.js:1658:72)
    at BaseWalletMultiButton (http://localhost:3000/_next/static/chunks/node_modules_0e4g8kj._.js:1833:307)
    at Object.react_stack_bottom_frame (http://localhost:3000/_next/static/chunks/node_modules_react-dom_0bruynb._.js:13800:24)
    at renderWithHooks (http://localhost:3000/_next/static/chunks/node_modules_react-dom_0bruynb._.js:4464:24)
    at updateFunctionComponent (http://localhost:3000/_next/static/chunks/node_modules_react-dom_0bruynb._.js:5917:21)
    at beginWork (http://localhost:3000/_next/static/chunks/node_modules_react-dom_0bruynb._.js:6498:24)
    at runWithFiberInDEV (http://localhost:3000/_next/static/chunks/node_modules_react-dom_0bruynb._.js:886:74)
    at performUnitOfWork (http://localhost:3000/_next/static/chunks/node_modules_react-dom_0bruynb._.js:8894:97)
    at workLoopSync (http://localhost:3000/_next/static/chunks/node_modules_react-dom_0bruynb._.js:8788:40)
    at renderRootSync (http://localhost:3000/_next/static/chunks/node_modules_react-dom_0bruynb._.js:8772:13)
    at performWorkOnRoot (http://localhost:3000/_next/static/chunks/node_modules_react-dom_0bruynb._.js:8400:186)
    at performWorkOnRootViaSchedulerTask (http://localhost:3000/_next/static/chunks/node_modules_react-dom_0bruynb._.js:9534:9)
    at MessagePort.performWorkUntilDeadline (http://localhost:3000/_next/static/chunks/node_modules_11l9xip._.js:1335:64) @ http://localhost:3000/_next/static/chunks/node_modules_next_dist_0k8zr~w._.js:1945
[   60430ms] [ERROR] Error: You have tried to read "wallet" on a WalletContext without providing one. Make sure to render a WalletProvider as an ancestor of the component that uses WalletContext.
    at logMissingProviderError (http://localhost:3000/_next/static/chunks/node_modules_0e4g8kj._.js:1621:19)
    at Object.get (http://localhost:3000/_next/static/chunks/node_modules_0e4g8kj._.js:1610:9)
    at useWalletMultiButton (http://localhost:3000/_next/static/chunks/node_modules_0e4g8kj._.js:1658:91)
    at BaseWalletMultiButton (http://localhost:3000/_next/static/chunks/node_modules_0e4g8kj._.js:1833:307)
    at Object.react_stack_bottom_frame (http://localhost:3000/_next/static/chunks/node_modules_react-dom_0bruynb._.js:13800:24)
    at renderWithHooks (http://localhost:3000/_next/static/chunks/node_modules_react-dom_0bruynb._.js:4464:24)
    at updateFunctionComponent (http://localhost:3000/_next/static/chunks/node_modules_react-dom_0bruynb._.js:5917:21)
    at beginWork (http://localhost:3000/_next/static/chunks/node_modules_react-dom_0bruynb._.js:6498:24)
    at runWithFiberInDEV (http://localhost:3000/_next/static/chunks/node_modules_react-dom_0bruynb._.js:886:74)
    at performUnitOfWork (http://localhost:3000/_next/static/chunks/node_modules_react-dom_0bruynb._.js:8894:97)
    at workLoopSync (http://localhost:3000/_next/static/chunks/node_modules_react-dom_0bruynb._.js:8788:40)
    at renderRootSync (http://localhost:3000/_next/static/chunks/node_modules_react-dom_0bruynb._.js:8772:13)
    at performWorkOnRoot (http://localhost:3000/_next/static/chunks/node_modules_react-dom_0bruynb._.js:8400:186)
    at performWorkOnRootViaSchedulerTask (http://localhost:3000/_next/static/chunks/node_modules_react-dom_0bruynb._.js:9534:9)
    at MessagePort.performWorkUntilDeadline (http://localhost:3000/_next/static/chunks/node_modules_11l9xip._.js:1335:64) @ http://localhost:3000/_next/static/chunks/node_modules_next_dist_0k8zr~w._.js:1945
[   60431ms] [ERROR] Error: You have tried to read "wallets" on a WalletContext without providing one. Make sure to render a WalletProvider as an ancestor of the component that uses WalletContext.
    at logMissingProviderError (http://localhost:3000/_next/static/chunks/node_modules_0e4g8kj._.js:1621:19)
    at Object.get (http://localhost:3000/_next/static/chunks/node_modules_0e4g8kj._.js:1604:9)
    at useWalletMultiButton (http://localhost:3000/_next/static/chunks/node_modules_0e4g8kj._.js:1658:99)
    at BaseWalletMultiButton (http://localhost:3000/_next/static/chunks/node_modules_0e4g8kj._.js:1833:307)
    at Object.react_stack_bottom_frame (http://localhost:3000/_next/static/chunks/node_modules_react-dom_0bruynb._.js:13800:24)
    at renderWithHooks (http://localhost:3000/_next/static/chunks/node_modules_react-dom_0bruynb._.js:4464:24)
    at updateFunctionComponent (http://localhost:3000/_next/static/chunks/node_modules_react-dom_0bruynb._.js:5917:21)
    at beginWork (http://localhost:3000/_next/static/chunks/node_modules_react-dom_0bruynb._.js:6498:24)
    at runWithFiberInDEV (http://localhost:3000/_next/static/chunks/node_modules_react-dom_0bruynb._.js:886:74)
    at performUnitOfWork (http://localhost:3000/_next/static/chunks/node_modules_react-dom_0bruynb._.js:8894:97)
    at workLoopSync (http://localhost:3000/_next/static/chunks/node_modules_react-dom_0bruynb._.js:8788:40)
    at renderRootSync (http://localhost:3000/_next/static/chunks/node_modules_react-dom_0bruynb._.js:8772:13)
    at performWorkOnRoot (http://localhost:3000/_next/static/chunks/node_modules_react-dom_0bruynb._.js:8400:186)
    at performWorkOnRootViaSchedulerTask (http://localhost:3000/_next/static/chunks/node_modules_react-dom_0bruynb._.js:9534:9)
    at MessagePort.performWorkUntilDeadline (http://localhost:3000/_next/static/chunks/node_modules_11l9xip._.js:1335:64) @ http://localhost:3000/_next/static/chunks/node_modules_next_dist_0k8zr~w._.js:1945
[   60431ms] [ERROR] Error: You have tried to read "publicKey" on a WalletContext without providing one. Make sure to render a WalletProvider as an ancestor of the component that uses WalletContext.
    at logMissingProviderError (http://localhost:3000/_next/static/chunks/node_modules_0e4g8kj._.js:1621:19)
    at Object.get (http://localhost:3000/_next/static/chunks/node_modules_0e4g8kj._.js:1616:9)
    at useWalletMultiButton (http://localhost:3000/_next/static/chunks/node_modules_0e4g8kj._.js:1658:72)
    at BaseWalletMultiButton (http://localhost:3000/_next/static/chunks/node_modules_0e4g8kj._.js:1833:307)
    at Object.react_stack_bottom_frame (http://localhost:3000/_next/static/chunks/node_modules_react-dom_0bruynb._.js:13800:24)
    at renderWithHooksAgain (http://localhost:3000/_next/static/chunks/node_modules_react-dom_0bruynb._.js:4519:24)
    at renderWithHooks (http://localhost:3000/_next/static/chunks/node_modules_react-dom_0bruynb._.js:4470:28)
    at updateFunctionComponent (http://localhost:3000/_next/static/chunks/node_modules_react-dom_0bruynb._.js:5917:21)
    at beginWork (http://localhost:3000/_next/static/chunks/node_modules_react-dom_0bruynb._.js:6498:24)
    at runWithFiberInDEV (http://localhost:3000/_next/static/chunks/node_modules_react-dom_0bruynb._.js:886:74)
    at performUnitOfWork (http://localhost:3000/_next/static/chunks/node_modules_react-dom_0bruynb._.js:8894:97)
    at workLoopSync (http://localhost:3000/_next/static/chunks/node_modules_react-dom_0bruynb._.js:8788:40)
    at renderRootSync (http://localhost:3000/_next/static/chunks/node_modules_react-dom_0bruynb._.js:8772:13)
    at performWorkOnRoot (http://localhost:3000/_next/static/chunks/node_modules_react-dom_0bruynb._.js:8400:186)
    at performWorkOnRootViaSchedulerTask (http://localhost:3000/_next/static/chunks/node_modules_react-dom_0bruynb._.js:9534:9)
    at MessagePort.performWorkUntilDeadline (http://localhost:3000/_next/static/chunks/node_modules_11l9xip._.js:1335:64) @ http://localhost:3000/_next/static/chunks/node_modules_next_dist_0k8zr~w._.js:1945
[   60431ms] [ERROR] Error: You have tried to read "wallet" on a WalletContext without providing one. Make sure to render a WalletProvider as an ancestor of the component that uses WalletContext.
    at logMissingProviderError (http://localhost:3000/_next/static/chunks/node_modules_0e4g8kj._.js:1621:19)
    at Object.get (http://localhost:3000/_next/static/chunks/node_modules_0e4g8kj._.js:1610:9)
    at useWalletMultiButton (http://localhost:3000/_next/static/chunks/node_modules_0e4g8kj._.js:1658:91)
    at BaseWalletMultiButton (http://localhost:3000/_next/static/chunks/node_modules_0e4g8kj._.js:1833:307)
    at Object.react_stack_bottom_frame (http://localhost:3000/_next/static/chunks/node_modules_react-dom_0bruynb._.js:13800:24)
    at renderWithHooksAgain (http://localhost:3000/_next/static/chunks/node_modules_react-dom_0bruynb._.js:4519:24)
    at renderWithHooks (http://localhost:3000/_next/static/chunks/node_modules_react-dom_0bruynb._.js:4470:28)
    at updateFunctionComponent (http://localhost:3000/_next/static/chunks/node_modules_react-dom_0bruynb._.js:5917:21)
    at beginWork (http://localhost:3000/_next/static/chunks/node_modules_react-dom_0bruynb._.js:6498:24)
    at runWithFiberInDEV (http://localhost:3000/_next/static/chunks/node_modules_react-dom_0bruynb._.js:886:74)
    at performUnitOfWork (http://localhost:3000/_next/static/chunks/node_modules_react-dom_0bruynb._.js:8894:97)
    at workLoopSync (http://localhost:3000/_next/static/chunks/node_modules_react-dom_0bruynb._.js:8788:40)
    at renderRootSync (http://localhost:3000/_next/static/chunks/node_modules_react-dom_0bruynb._.js:8772:13)
    at performWorkOnRoot (http://localhost:3000/_next/static/chunks/node_modules_react-dom_0bruynb._.js:8400:186)
    at performWorkOnRootViaSchedulerTask (http://localhost:3000/_next/static/chunks/node_modules_react-dom_0bruynb._.js:9534:9)
    at MessagePort.performWorkUntilDeadline (http://localhost:3000/_next/static/chunks/node_modules_11l9xip._.js:1335:64) @ http://localhost:3000/_next/static/chunks/node_modules_next_dist_0k8zr~w._.js:1945
[   60431ms] [ERROR] Error: You have tried to read "wallets" on a WalletContext without providing one. Make sure to render a WalletProvider as an ancestor of the component that uses WalletContext.
    at logMissingProviderError (http://localhost:3000/_next/static/chunks/node_modules_0e4g8kj._.js:1621:19)
    at Object.get (http://localhost:3000/_next/static/chunks/node_modules_0e4g8kj._.js:1604:9)
    at useWalletMultiButton (http://localhost:3000/_next/static/chunks/node_modules_0e4g8kj._.js:1658:99)
    at BaseWalletMultiButton (http://localhost:3000/_next/static/chunks/node_modules_0e4g8kj._.js:1833:307)
    at Object.react_stack_bottom_frame (http://localhost:3000/_next/static/chunks/node_modules_react-dom_0bruynb._.js:13800:24)
    at renderWithHooksAgain (http://localhost:3000/_next/static/chunks/node_modules_react-dom_0bruynb._.js:4519:24)
    at renderWithHooks (http://localhost:3000/_next/static/chunks/node_modules_react-dom_0bruynb._.js:4470:28)
    at updateFunctionComponent (http://localhost:3000/_next/static/chunks/node_modules_react-dom_0bruynb._.js:5917:21)
    at beginWork (http://localhost:3000/_next/static/chunks/node_modules_react-dom_0bruynb._.js:6498:24)
    at runWithFiberInDEV (http://localhost:3000/_next/static/chunks/node_modules_react-dom_0bruynb._.js:886:74)
    at performUnitOfWork (http://localhost:3000/_next/static/chunks/node_modules_react-dom_0bruynb._.js:8894:97)
    at workLoopSync (http://localhost:3000/_next/static/chunks/node_modules_react-dom_0bruynb._.js:8788:40)
    at renderRootSync (http://localhost:3000/_next/static/chunks/node_modules_react-dom_0bruynb._.js:8772:13)
    at performWorkOnRoot (http://localhost:3000/_next/static/chunks/node_modules_react-dom_0bruynb._.js:8400:186)
    at performWorkOnRootViaSchedulerTask (http://localhost:3000/_next/static/chunks/node_modules_react-dom_0bruynb._.js:9534:9)
    at MessagePort.performWorkUntilDeadline (http://localhost:3000/_next/static/chunks/node_modules_11l9xip._.js:1335:64) @ http://localhost:3000/_next/static/chunks/node_modules_next_dist_0k8zr~w._.js:1945
[   60431ms] [ERROR] Error: You have tried to read "publicKey" on a WalletContext without providing one. Make sure to render a WalletProvider as an ancestor of the component that uses WalletContext.
    at logMissingProviderError (http://localhost:3000/_next/static/chunks/node_modules_0e4g8kj._.js:1621:19)
    at Object.get (http://localhost:3000/_next/static/chunks/node_modules_0e4g8kj._.js:1616:9)
    at PlaceBetModal (http://localhost:3000/_next/static/chunks/%5Broot-of-the-server%5D__01pr~vt._.js:2453:13)
    at Object.react_stack_bottom_frame (http://localhost:3000/_next/static/chunks/node_modules_react-dom_0bruynb._.js:13800:24)
    at renderWithHooks (http://localhost:3000/_next/static/chunks/node_modules_react-dom_0bruynb._.js:4464:24)
    at updateFunctionComponent (http://localhost:3000/_next/static/chunks/node_modules_react-dom_0bruynb._.js:5917:21)
    at beginWork (http://localhost:3000/_next/static/chunks/node_modules_react-dom_0bruynb._.js:6498:24)
    at runWithFiberInDEV (http://localhost:3000/_next/static/chunks/node_modules_react-dom_0bruynb._.js:886:74)
    at performUnitOfWork (http://localhost:3000/_next/static/chunks/node_modules_react-dom_0bruynb._.js:8894:97)
    at workLoopSync (http://localhost:3000/_next/static/chunks/node_modules_react-dom_0bruynb._.js:8788:40)
    at renderRootSync (http://localhost:3000/_next/static/chunks/node_modules_react-dom_0bruynb._.js:8772:13)
    at performWorkOnRoot (http://localhost:3000/_next/static/chunks/node_modules_react-dom_0bruynb._.js:8400:186)
    at performWorkOnRootViaSchedulerTask (http://localhost:3000/_next/static/chunks/node_modules_react-dom_0bruynb._.js:9534:9)
    at MessagePort.performWorkUntilDeadline (http://localhost:3000/_next/static/chunks/node_modules_11l9xip._.js:1335:64) @ http://localhost:3000/_next/static/chunks/node_modules_next_dist_0k8zr~w._.js:1945
[   60431ms] [ERROR] Error: You have tried to read "publicKey" on a WalletContext without providing one. Make sure to render a WalletProvider as an ancestor of the component that uses WalletContext.
    at logMissingProviderError (http://localhost:3000/_next/static/chunks/node_modules_0e4g8kj._.js:1621:19)
    at Object.get (http://localhost:3000/_next/static/chunks/node_modules_0e4g8kj._.js:1616:9)
    at usePlaceBet (http://localhost:3000/_next/static/chunks/%5Broot-of-the-server%5D__01pr~vt._.js:2301:13)
    at PlaceBetModal (http://localhost:3000/_next/static/chunks/%5Broot-of-the-server%5D__01pr~vt._.js:2460:166)
    at Object.react_stack_bottom_frame (http://localhost:3000/_next/static/chunks/node_modules_react-dom_0bruynb._.js:13800:24)
    at renderWithHooks (http://localhost:3000/_next/static/chunks/node_modules_react-dom_0bruynb._.js:4464:24)
    at updateFunctionComponent (http://localhost:3000/_next/static/chunks/node_modules_react-dom_0bruynb._.js:5917:21)
    at beginWork (http://localhost:3000/_next/static/chunks/node_modules_react-dom_0bruynb._.js:6498:24)
    at runWithFiberInDEV (http://localhost:3000/_next/static/chunks/node_modules_react-dom_0bruynb._.js:886:74)
    at performUnitOfWork (http://localhost:3000/_next/static/chunks/node_modules_react-dom_0bruynb._.js:8894:97)
    at workLoopSync (http://localhost:3000/_next/static/chunks/node_modules_react-dom_0bruynb._.js:8788:40)
    at renderRootSync (http://localhost:3000/_next/static/chunks/node_modules_react-dom_0bruynb._.js:8772:13)
    at performWorkOnRoot (http://localhost:3000/_next/static/chunks/node_modules_react-dom_0bruynb._.js:8400:186)
    at performWorkOnRootViaSchedulerTask (http://localhost:3000/_next/static/chunks/node_modules_react-dom_0bruynb._.js:9534:9)
    at MessagePort.performWorkUntilDeadline (http://localhost:3000/_next/static/chunks/node_modules_11l9xip._.js:1335:64) @ http://localhost:3000/_next/static/chunks/node_modules_next_dist_0k8zr~w._.js:1945
[   60431ms] [ERROR] Error: You have tried to read "publicKey" on a WalletContext without providing one. Make sure to render a WalletProvider as an ancestor of the component that uses WalletContext.
    at logMissingProviderError (http://localhost:3000/_next/static/chunks/node_modules_0e4g8kj._.js:1621:19)
    at Object.get (http://localhost:3000/_next/static/chunks/node_modules_0e4g8kj._.js:1616:9)
    at PlaceBetModal (http://localhost:3000/_next/static/chunks/%5Broot-of-the-server%5D__01pr~vt._.js:2453:13)
    at Object.react_stack_bottom_frame (http://localhost:3000/_next/static/chunks/node_modules_react-dom_0bruynb._.js:13800:24)
    at renderWithHooksAgain (http://localhost:3000/_next/static/chunks/node_modules_react-dom_0bruynb._.js:4519:24)
    at renderWithHooks (http://localhost:3000/_next/static/chunks/node_modules_react-dom_0bruynb._.js:4470:28)
    at updateFunctionComponent (http://localhost:3000/_next/static/chunks/node_modules_react-dom_0bruynb._.js:5917:21)
    at beginWork (http://localhost:3000/_next/static/chunks/node_modules_react-dom_0bruynb._.js:6498:24)
    at runWithFiberInDEV (http://localhost:3000/_next/static/chunks/node_modules_react-dom_0bruynb._.js:886:74)
    at performUnitOfWork (http://localhost:3000/_next/static/chunks/node_modules_react-dom_0bruynb._.js:8894:97)
    at workLoopSync (http://localhost:3000/_next/static/chunks/node_modules_react-dom_0bruynb._.js:8788:40)
    at renderRootSync (http://localhost:3000/_next/static/chunks/node_modules_react-dom_0bruynb._.js:8772:13)
    at performWorkOnRoot (http://localhost:3000/_next/static/chunks/node_modules_react-dom_0bruynb._.js:8400:186)
    at performWorkOnRootViaSchedulerTask (http://localhost:3000/_next/static/chunks/node_modules_react-dom_0bruynb._.js:9534:9)
    at MessagePort.performWorkUntilDeadline (http://localhost:3000/_next/static/chunks/node_modules_11l9xip._.js:1335:64) @ http://localhost:3000/_next/static/chunks/node_modules_next_dist_0k8zr~w._.js:1945
[   60431ms] [ERROR] Error: You have tried to read "publicKey" on a WalletContext without providing one. Make sure to render a WalletProvider as an ancestor of the component that uses WalletContext.
    at logMissingProviderError (http://localhost:3000/_next/static/chunks/node_modules_0e4g8kj._.js:1621:19)
    at Object.get (http://localhost:3000/_next/static/chunks/node_modules_0e4g8kj._.js:1616:9)
    at usePlaceBet (http://localhost:3000/_next/static/chunks/%5Broot-of-the-server%5D__01pr~vt._.js:2301:13)
    at PlaceBetModal (http://localhost:3000/_next/static/chunks/%5Broot-of-the-server%5D__01pr~vt._.js:2460:166)
    at Object.react_stack_bottom_frame (http://localhost:3000/_next/static/chunks/node_modules_react-dom_0bruynb._.js:13800:24)
    at renderWithHooksAgain (http://localhost:3000/_next/static/chunks/node_modules_react-dom_0bruynb._.js:4519:24)
    at renderWithHooks (http://localhost:3000/_next/static/chunks/node_modules_react-dom_0bruynb._.js:4470:28)
    at updateFunctionComponent (http://localhost:3000/_next/static/chunks/node_modules_react-dom_0bruynb._.js:5917:21)
    at beginWork (http://localhost:3000/_next/static/chunks/node_modules_react-dom_0bruynb._.js:6498:24)
    at runWithFiberInDEV (http://localhost:3000/_next/static/chunks/node_modules_react-dom_0bruynb._.js:886:74)
    at performUnitOfWork (http://localhost:3000/_next/static/chunks/node_modules_react-dom_0bruynb._.js:8894:97)
    at workLoopSync (http://localhost:3000/_next/static/chunks/node_modules_react-dom_0bruynb._.js:8788:40)
    at renderRootSync (http://localhost:3000/_next/static/chunks/node_modules_react-dom_0bruynb._.js:8772:13)
    at performWorkOnRoot (http://localhost:3000/_next/static/chunks/node_modules_react-dom_0bruynb._.js:8400:186)
    at performWorkOnRootViaSchedulerTask (http://localhost:3000/_next/static/chunks/node_modules_react-dom_0bruynb._.js:9534:9)
    at MessagePort.performWorkUntilDeadline (http://localhost:3000/_next/static/chunks/node_modules_11l9xip._.js:1335:64) @ http://localhost:3000/_next/static/chunks/node_modules_next_dist_0k8zr~w._.js:1945
[   61021ms] [ERROR] Error: You have tried to read "publicKey" on a WalletContext without providing one. Make sure to render a WalletProvider as an ancestor of the component that uses WalletContext.
    at logMissingProviderError (http://localhost:3000/_next/static/chunks/node_modules_0e4g8kj._.js:1621:19)
    at Object.get (http://localhost:3000/_next/static/chunks/node_modules_0e4g8kj._.js:1616:9)
    at SolanaConnectWallet (http://localhost:3000/_next/static/chunks/%5Broot-of-the-server%5D__01pr~vt._.js:486:13)
    at Object.react_stack_bottom_frame (http://localhost:3000/_next/static/chunks/node_modules_react-dom_0bruynb._.js:13800:24)
    at renderWithHooks (http://localhost:3000/_next/static/chunks/node_modules_react-dom_0bruynb._.js:4464:24)
    at updateFunctionComponent (http://localhost:3000/_next/static/chunks/node_modules_react-dom_0bruynb._.js:5917:21)
    at beginWork (http://localhost:3000/_next/static/chunks/node_modules_react-dom_0bruynb._.js:6498:24)
    at runWithFiberInDEV (http://localhost:3000/_next/static/chunks/node_modules_react-dom_0bruynb._.js:886:74)
    at performUnitOfWork (http://localhost:3000/_next/static/chunks/node_modules_react-dom_0bruynb._.js:8894:97)
    at workLoopSync (http://localhost:3000/_next/static/chunks/node_modules_react-dom_0bruynb._.js:8788:40)
    at renderRootSync (http://localhost:3000/_next/static/chunks/node_modules_react-dom_0bruynb._.js:8772:13)
    at performWorkOnRoot (http://localhost:3000/_next/static/chunks/node_modules_react-dom_0bruynb._.js:8400:186)
    at performWorkOnRootViaSchedulerTask (http://localhost:3000/_next/static/chunks/node_modules_react-dom_0bruynb._.js:9534:9)
    at MessagePort.performWorkUntilDeadline (http://localhost:3000/_next/static/chunks/node_modules_11l9xip._.js:1335:64) @ http://localhost:3000/_next/static/chunks/node_modules_next_dist_0k8zr~w._.js:1945
[   61022ms] [ERROR] Error: You have tried to read "publicKey" on a WalletContext without providing one. Make sure to render a WalletProvider as an ancestor of the component that uses WalletContext.
    at logMissingProviderError (http://localhost:3000/_next/static/chunks/node_modules_0e4g8kj._.js:1621:19)
    at Object.get (http://localhost:3000/_next/static/chunks/node_modules_0e4g8kj._.js:1616:9)
    at SolanaConnectWallet (http://localhost:3000/_next/static/chunks/%5Broot-of-the-server%5D__01pr~vt._.js:486:13)
    at Object.react_stack_bottom_frame (http://localhost:3000/_next/static/chunks/node_modules_react-dom_0bruynb._.js:13800:24)
    at renderWithHooksAgain (http://localhost:3000/_next/static/chunks/node_modules_react-dom_0bruynb._.js:4519:24)
    at renderWithHooks (http://localhost:3000/_next/static/chunks/node_modules_react-dom_0bruynb._.js:4470:28)
    at updateFunctionComponent (http://localhost:3000/_next/static/chunks/node_modules_react-dom_0bruynb._.js:5917:21)
    at beginWork (http://localhost:3000/_next/static/chunks/node_modules_react-dom_0bruynb._.js:6498:24)
    at runWithFiberInDEV (http://localhost:3000/_next/static/chunks/node_modules_react-dom_0bruynb._.js:886:74)
    at performUnitOfWork (http://localhost:3000/_next/static/chunks/node_modules_react-dom_0bruynb._.js:8894:97)
    at workLoopSync (http://localhost:3000/_next/static/chunks/node_modules_react-dom_0bruynb._.js:8788:40)
    at renderRootSync (http://localhost:3000/_next/static/chunks/node_modules_react-dom_0bruynb._.js:8772:13)
    at performWorkOnRoot (http://localhost:3000/_next/static/chunks/node_modules_react-dom_0bruynb._.js:8400:186)
    at performWorkOnRootViaSchedulerTask (http://localhost:3000/_next/static/chunks/node_modules_react-dom_0bruynb._.js:9534:9)
    at MessagePort.performWorkUntilDeadline (http://localhost:3000/_next/static/chunks/node_modules_11l9xip._.js:1335:64) @ http://localhost:3000/_next/static/chunks/node_modules_next_dist_0k8zr~w._.js:1945
[   61022ms] [ERROR] Error: You have tried to read "publicKey" on a WalletContext without providing one. Make sure to render a WalletProvider as an ancestor of the component that uses WalletContext.
    at logMissingProviderError (http://localhost:3000/_next/static/chunks/node_modules_0e4g8kj._.js:1621:19)
    at Object.get (http://localhost:3000/_next/static/chunks/node_modules_0e4g8kj._.js:1616:9)
    at useWalletMultiButton (http://localhost:3000/_next/static/chunks/node_modules_0e4g8kj._.js:1658:72)
    at BaseWalletMultiButton (http://localhost:3000/_next/static/chunks/node_modules_0e4g8kj._.js:1833:307)
    at Object.react_stack_bottom_frame (http://localhost:3000/_next/static/chunks/node_modules_react-dom_0bruynb._.js:13800:24)
    at renderWithHooks (http://localhost:3000/_next/static/chunks/node_modules_react-dom_0bruynb._.js:4464:24)
    at updateFunctionComponent (http://localhost:3000/_next/static/chunks/node_modules_react-dom_0bruynb._.js:5917:21)
    at beginWork (http://localhost:3000/_next/static/chunks/node_modules_react-dom_0bruynb._.js:6498:24)
    at runWithFiberInDEV (http://localhost:3000/_next/static/chunks/node_modules_react-dom_0bruynb._.js:886:74)
    at performUnitOfWork (http://localhost:3000/_next/static/chunks/node_modules_react-dom_0bruynb._.js:8894:97)
    at workLoopSync (http://localhost:3000/_next/static/chunks/node_modules_react-dom_0bruynb._.js:8788:40)
    at renderRootSync (http://localhost:3000/_next/static/chunks/node_modules_react-dom_0bruynb._.js:8772:13)
    at performWorkOnRoot (http://localhost:3000/_next/static/chunks/node_modules_react-dom_0bruynb._.js:8400:186)
    at performWorkOnRootViaSchedulerTask (http://localhost:3000/_next/static/chunks/node_modules_react-dom_0bruynb._.js:9534:9)
    at MessagePort.performWorkUntilDeadline (http://localhost:3000/_next/static/chunks/node_modules_11l9xip._.js:1335:64) @ http://localhost:3000/_next/static/chunks/node_modules_next_dist_0k8zr~w._.js:1945
[   61022ms] [ERROR] Error: You have tried to read "wallet" on a WalletContext without providing one. Make sure to render a WalletProvider as an ancestor of the component that uses WalletContext.
    at logMissingProviderError (http://localhost:3000/_next/static/chunks/node_modules_0e4g8kj._.js:1621:19)
    at Object.get (http://localhost:3000/_next/static/chunks/node_modules_0e4g8kj._.js:1610:9)
    at useWalletMultiButton (http://localhost:3000/_next/static/chunks/node_modules_0e4g8kj._.js:1658:91)
    at BaseWalletMultiButton (http://localhost:3000/_next/static/chunks/node_modules_0e4g8kj._.js:1833:307)
    at Object.react_stack_bottom_frame (http://localhost:3000/_next/static/chunks/node_modules_react-dom_0bruynb._.js:13800:24)
    at renderWithHooks (http://localhost:3000/_next/static/chunks/node_modules_react-dom_0bruynb._.js:4464:24)
    at updateFunctionComponent (http://localhost:3000/_next/static/chunks/node_modules_react-dom_0bruynb._.js:5917:21)
    at beginWork (http://localhost:3000/_next/static/chunks/node_modules_react-dom_0bruynb._.js:6498:24)
    at runWithFiberInDEV (http://localhost:3000/_next/static/chunks/node_modules_react-dom_0bruynb._.js:886:74)
    at performUnitOfWork (http://localhost:3000/_next/static/chunks/node_modules_react-dom_0bruynb._.js:8894:97)
    at workLoopSync (http://localhost:3000/_next/static/chunks/node_modules_react-dom_0bruynb._.js:8788:40)
    at renderRootSync (http://localhost:3000/_next/static/chunks/node_modules_react-dom_0bruynb._.js:8772:13)
    at performWorkOnRoot (http://localhost:3000/_next/static/chunks/node_modules_react-dom_0bruynb._.js:8400:186)
    at performWorkOnRootViaSchedulerTask (http://localhost:3000/_next/static/chunks/node_modules_react-dom_0bruynb._.js:9534:9)
    at MessagePort.performWorkUntilDeadline (http://localhost:3000/_next/static/chunks/node_modules_11l9xip._.js:1335:64) @ http://localhost:3000/_next/static/chunks/node_modules_next_dist_0k8zr~w._.js:1945
[   61022ms] [ERROR] Error: You have tried to read "wallets" on a WalletContext without providing one. Make sure to render a WalletProvider as an ancestor of the component that uses WalletContext.
    at logMissingProviderError (http://localhost:3000/_next/static/chunks/node_modules_0e4g8kj._.js:1621:19)
    at Object.get (http://localhost:3000/_next/static/chunks/node_modules_0e4g8kj._.js:1604:9)
    at useWalletMultiButton (http://localhost:3000/_next/static/chunks/node_modules_0e4g8kj._.js:1658:99)
    at BaseWalletMultiButton (http://localhost:3000/_next/static/chunks/node_modules_0e4g8kj._.js:1833:307)
    at Object.react_stack_bottom_frame (http://localhost:3000/_next/static/chunks/node_modules_react-dom_0bruynb._.js:13800:24)
    at renderWithHooks (http://localhost:3000/_next/static/chunks/node_modules_react-dom_0bruynb._.js:4464:24)
    at updateFunctionComponent (http://localhost:3000/_next/static/chunks/node_modules_react-dom_0bruynb._.js:5917:21)
    at beginWork (http://localhost:3000/_next/static/chunks/node_modules_react-dom_0bruynb._.js:6498:24)
    at runWithFiberInDEV (http://localhost:3000/_next/static/chunks/node_modules_react-dom_0bruynb._.js:886:74)
    at performUnitOfWork (http://localhost:3000/_next/static/chunks/node_modules_react-dom_0bruynb._.js:8894:97)
    at workLoopSync (http://localhost:3000/_next/static/chunks/node_modules_react-dom_0bruynb._.js:8788:40)
    at renderRootSync (http://localhost:3000/_next/static/chunks/node_modules_react-dom_0bruynb._.js:8772:13)
    at performWorkOnRoot (http://localhost:3000/_next/static/chunks/node_modules_react-dom_0bruynb._.js:8400:186)
    at performWorkOnRootViaSchedulerTask (http://localhost:3000/_next/static/chunks/node_modules_react-dom_0bruynb._.js:9534:9)
    at MessagePort.performWorkUntilDeadline (http://localhost:3000/_next/static/chunks/node_modules_11l9xip._.js:1335:64) @ http://localhost:3000/_next/static/chunks/node_modules_next_dist_0k8zr~w._.js:1945
[   61022ms] [ERROR] Error: You have tried to read "publicKey" on a WalletContext without providing one. Make sure to render a WalletProvider as an ancestor of the component that uses WalletContext.
    at logMissingProviderError (http://localhost:3000/_next/static/chunks/node_modules_0e4g8kj._.js:1621:19)
    at Object.get (http://localhost:3000/_next/static/chunks/node_modules_0e4g8kj._.js:1616:9)
    at useWalletMultiButton (http://localhost:3000/_next/static/chunks/node_modules_0e4g8kj._.js:1658:72)
    at BaseWalletMultiButton (http://localhost:3000/_next/static/chunks/node_modules_0e4g8kj._.js:1833:307)
    at Object.react_stack_bottom_frame (http://localhost:3000/_next/static/chunks/node_modules_react-dom_0bruynb._.js:13800:24)
    at renderWithHooksAgain (http://localhost:3000/_next/static/chunks/node_modules_react-dom_0bruynb._.js:4519:24)
    at renderWithHooks (http://localhost:3000/_next/static/chunks/node_modules_react-dom_0bruynb._.js:4470:28)
    at updateFunctionComponent (http://localhost:3000/_next/static/chunks/node_modules_react-dom_0bruynb._.js:5917:21)
    at beginWork (http://localhost:3000/_next/static/chunks/node_modules_react-dom_0bruynb._.js:6498:24)
    at runWithFiberInDEV (http://localhost:3000/_next/static/chunks/node_modules_react-dom_0bruynb._.js:886:74)
    at performUnitOfWork (http://localhost:3000/_next/static/chunks/node_modules_react-dom_0bruynb._.js:8894:97)
    at workLoopSync (http://localhost:3000/_next/static/chunks/node_modules_react-dom_0bruynb._.js:8788:40)
    at renderRootSync (http://localhost:3000/_next/static/chunks/node_modules_react-dom_0bruynb._.js:8772:13)
    at performWorkOnRoot (http://localhost:3000/_next/static/chunks/node_modules_react-dom_0bruynb._.js:8400:186)
    at performWorkOnRootViaSchedulerTask (http://localhost:3000/_next/static/chunks/node_modules_react-dom_0bruynb._.js:9534:9)
    at MessagePort.performWorkUntilDeadline (http://localhost:3000/_next/static/chunks/node_modules_11l9xip._.js:1335:64) @ http://localhost:3000/_next/static/chunks/node_modules_next_dist_0k8zr~w._.js:1945
[   61023ms] [ERROR] Error: You have tried to read "wallet" on a WalletContext without providing one. Make sure to render a WalletProvider as an ancestor of the component that uses WalletContext.
    at logMissingProviderError (http://localhost:3000/_next/static/chunks/node_modules_0e4g8kj._.js:1621:19)
    at Object.get (http://localhost:3000/_next/static/chunks/node_modules_0e4g8kj._.js:1610:9)
    at useWalletMultiButton (http://localhost:3000/_next/static/chunks/node_modules_0e4g8kj._.js:1658:91)
    at BaseWalletMultiButton (http://localhost:3000/_next/static/chunks/node_modules_0e4g8kj._.js:1833:307)
    at Object.react_stack_bottom_frame (http://localhost:3000/_next/static/chunks/node_modules_react-dom_0bruynb._.js:13800:24)
    at renderWithHooksAgain (http://localhost:3000/_next/static/chunks/node_modules_react-dom_0bruynb._.js:4519:24)
    at renderWithHooks (http://localhost:3000/_next/static/chunks/node_modules_react-dom_0bruynb._.js:4470:28)
    at updateFunctionComponent (http://localhost:3000/_next/static/chunks/node_modules_react-dom_0bruynb._.js:5917:21)
    at beginWork (http://localhost:3000/_next/static/chunks/node_modules_react-dom_0bruynb._.js:6498:24)
    at runWithFiberInDEV (http://localhost:3000/_next/static/chunks/node_modules_react-dom_0bruynb._.js:886:74)
    at performUnitOfWork (http://localhost:3000/_next/static/chunks/node_modules_react-dom_0bruynb._.js:8894:97)
    at workLoopSync (http://localhost:3000/_next/static/chunks/node_modules_react-dom_0bruynb._.js:8788:40)
    at renderRootSync (http://localhost:3000/_next/static/chunks/node_modules_react-dom_0bruynb._.js:8772:13)
    at performWorkOnRoot (http://localhost:3000/_next/static/chunks/node_modules_react-dom_0bruynb._.js:8400:186)
    at performWorkOnRootViaSchedulerTask (http://localhost:3000/_next/static/chunks/node_modules_react-dom_0bruynb._.js:9534:9)
    at MessagePort.performWorkUntilDeadline (http://localhost:3000/_next/static/chunks/node_modules_11l9xip._.js:1335:64) @ http://localhost:3000/_next/static/chunks/node_modules_next_dist_0k8zr~w._.js:1945
[   61024ms] [ERROR] Error: You have tried to read "wallets" on a WalletContext without providing one. Make sure to render a WalletProvider as an ancestor of the component that uses WalletContext.
    at logMissingProviderError (http://localhost:3000/_next/static/chunks/node_modules_0e4g8kj._.js:1621:19)
    at Object.get (http://localhost:3000/_next/static/chunks/node_modules_0e4g8kj._.js:1604:9)
    at useWalletMultiButton (http://localhost:3000/_next/static/chunks/node_modules_0e4g8kj._.js:1658:99)
    at BaseWalletMultiButton (http://localhost:3000/_next/static/chunks/node_modules_0e4g8kj._.js:1833:307)
    at Object.react_stack_bottom_frame (http://localhost:3000/_next/static/chunks/node_modules_react-dom_0bruynb._.js:13800:24)
    at renderWithHooksAgain (http://localhost:3000/_next/static/chunks/node_modules_react-dom_0bruynb._.js:4519:24)
    at renderWithHooks (http://localhost:3000/_next/static/chunks/node_modules_react-dom_0bruynb._.js:4470:28)
    at updateFunctionComponent (http://localhost:3000/_next/static/chunks/node_modules_react-dom_0bruynb._.js:5917:21)
    at beginWork (http://localhost:3000/_next/static/chunks/node_modules_react-dom_0bruynb._.js:6498:24)
    at runWithFiberInDEV (http://localhost:3000/_next/static/chunks/node_modules_react-dom_0bruynb._.js:886:74)
    at performUnitOfWork (http://localhost:3000/_next/static/chunks/node_modules_react-dom_0bruynb._.js:8894:97)
    at workLoopSync (http://localhost:3000/_next/static/chunks/node_modules_react-dom_0bruynb._.js:8788:40)
    at renderRootSync (http://localhost:3000/_next/static/chunks/node_modules_react-dom_0bruynb._.js:8772:13)
    at performWorkOnRoot (http://localhost:3000/_next/static/chunks/node_modules_react-dom_0bruynb._.js:8400:186)
    at performWorkOnRootViaSchedulerTask (http://localhost:3000/_next/static/chunks/node_modules_react-dom_0bruynb._.js:9534:9)
    at MessagePort.performWorkUntilDeadline (http://localhost:3000/_next/static/chunks/node_modules_11l9xip._.js:1335:64) @ http://localhost:3000/_next/static/chunks/node_modules_next_dist_0k8zr~w._.js:1945
[   61024ms] [ERROR] Error: You have tried to read "publicKey" on a WalletContext without providing one. Make sure to render a WalletProvider as an ancestor of the component that uses WalletContext.
    at logMissingProviderError (http://localhost:3000/_next/static/chunks/node_modules_0e4g8kj._.js:1621:19)
    at Object.get (http://localhost:3000/_next/static/chunks/node_modules_0e4g8kj._.js:1616:9)
    at PlaceBetModal (http://localhost:3000/_next/static/chunks/%5Broot-of-the-server%5D__01pr~vt._.js:2453:13)
    at Object.react_stack_bottom_frame (http://localhost:3000/_next/static/chunks/node_modules_react-dom_0bruynb._.js:13800:24)
    at renderWithHooks (http://localhost:3000/_next/static/chunks/node_modules_react-dom_0bruynb._.js:4464:24)
    at updateFunctionComponent (http://localhost:3000/_next/static/chunks/node_modules_react-dom_0bruynb._.js:5917:21)
    at beginWork (http://localhost:3000/_next/static/chunks/node_modules_react-dom_0bruynb._.js:6498:24)
    at runWithFiberInDEV (http://localhost:3000/_next/static/chunks/node_modules_react-dom_0bruynb._.js:886:74)
    at performUnitOfWork (http://localhost:3000/_next/static/chunks/node_modules_react-dom_0bruynb._.js:8894:97)
    at workLoopSync (http://localhost:3000/_next/static/chunks/node_modules_react-dom_0bruynb._.js:8788:40)
    at renderRootSync (http://localhost:3000/_next/static/chunks/node_modules_react-dom_0bruynb._.js:8772:13)
    at performWorkOnRoot (http://localhost:3000/_next/static/chunks/node_modules_react-dom_0bruynb._.js:8400:186)
    at performWorkOnRootViaSchedulerTask (http://localhost:3000/_next/static/chunks/node_modules_react-dom_0bruynb._.js:9534:9)
    at MessagePort.performWorkUntilDeadline (http://localhost:3000/_next/static/chunks/node_modules_11l9xip._.js:1335:64) @ http://localhost:3000/_next/static/chunks/node_modules_next_dist_0k8zr~w._.js:1945
[   61024ms] [ERROR] Error: You have tried to read "publicKey" on a WalletContext without providing one. Make sure to render a WalletProvider as an ancestor of the component that uses WalletContext.
    at logMissingProviderError (http://localhost:3000/_next/static/chunks/node_modules_0e4g8kj._.js:1621:19)
    at Object.get (http://localhost:3000/_next/static/chunks/node_modules_0e4g8kj._.js:1616:9)
    at usePlaceBet (http://localhost:3000/_next/static/chunks/%5Broot-of-the-server%5D__01pr~vt._.js:2301:13)
    at PlaceBetModal (http://localhost:3000/_next/static/chunks/%5Broot-of-the-server%5D__01pr~vt._.js:2460:166)
    at Object.react_stack_bottom_frame (http://localhost:3000/_next/static/chunks/node_modules_react-dom_0bruynb._.js:13800:24)
    at renderWithHooks (http://localhost:3000/_next/static/chunks/node_modules_react-dom_0bruynb._.js:4464:24)
    at updateFunctionComponent (http://localhost:3000/_next/static/chunks/node_modules_react-dom_0bruynb._.js:5917:21)
    at beginWork (http://localhost:3000/_next/static/chunks/node_modules_react-dom_0bruynb._.js:6498:24)
    at runWithFiberInDEV (http://localhost:3000/_next/static/chunks/node_modules_react-dom_0bruynb._.js:886:74)
    at performUnitOfWork (http://localhost:3000/_next/static/chunks/node_modules_react-dom_0bruynb._.js:8894:97)
    at workLoopSync (http://localhost:3000/_next/static/chunks/node_modules_react-dom_0bruynb._.js:8788:40)
    at renderRootSync (http://localhost:3000/_next/static/chunks/node_modules_react-dom_0bruynb._.js:8772:13)
    at performWorkOnRoot (http://localhost:3000/_next/static/chunks/node_modules_react-dom_0bruynb._.js:8400:186)
    at performWorkOnRootViaSchedulerTask (http://localhost:3000/_next/static/chunks/node_modules_react-dom_0bruynb._.js:9534:9)
    at MessagePort.performWorkUntilDeadline (http://localhost:3000/_next/static/chunks/node_modules_11l9xip._.js:1335:64) @ http://localhost:3000/_next/static/chunks/node_modules_next_dist_0k8zr~w._.js:1945
[   61024ms] [ERROR] Error: You have tried to read "publicKey" on a WalletContext without providing one. Make sure to render a WalletProvider as an ancestor of the component that uses WalletContext.
    at logMissingProviderError (http://localhost:3000/_next/static/chunks/node_modules_0e4g8kj._.js:1621:19)
    at Object.get (http://localhost:3000/_next/static/chunks/node_modules_0e4g8kj._.js:1616:9)
    at PlaceBetModal (http://localhost:3000/_next/static/chunks/%5Broot-of-the-server%5D__01pr~vt._.js:2453:13)
    at Object.react_stack_bottom_frame (http://localhost:3000/_next/static/chunks/node_modules_react-dom_0bruynb._.js:13800:24)
    at renderWithHooksAgain (http://localhost:3000/_next/static/chunks/node_modules_react-dom_0bruynb._.js:4519:24)
    at renderWithHooks (http://localhost:3000/_next/static/chunks/node_modules_react-dom_0bruynb._.js:4470:28)
    at updateFunctionComponent (http://localhost:3000/_next/static/chunks/node_modules_react-dom_0bruynb._.js:5917:21)
    at beginWork (http://localhost:3000/_next/static/chunks/node_modules_react-dom_0bruynb._.js:6498:24)
    at runWithFiberInDEV (http://localhost:3000/_next/static/chunks/node_modules_react-dom_0bruynb._.js:886:74)
    at performUnitOfWork (http://localhost:3000/_next/static/chunks/node_modules_react-dom_0bruynb._.js:8894:97)
    at workLoopSync (http://localhost:3000/_next/static/chunks/node_modules_react-dom_0bruynb._.js:8788:40)
    at renderRootSync (http://localhost:3000/_next/static/chunks/node_modules_react-dom_0bruynb._.js:8772:13)
    at performWorkOnRoot (http://localhost:3000/_next/static/chunks/node_modules_react-dom_0bruynb._.js:8400:186)
    at performWorkOnRootViaSchedulerTask (http://localhost:3000/_next/static/chunks/node_modules_react-dom_0bruynb._.js:9534:9)
    at MessagePort.performWorkUntilDeadline (http://localhost:3000/_next/static/chunks/node_modules_11l9xip._.js:1335:64) @ http://localhost:3000/_next/static/chunks/node_modules_next_dist_0k8zr~w._.js:1945
[   61025ms] [ERROR] Error: You have tried to read "publicKey" on a WalletContext without providing one. Make sure to render a WalletProvider as an ancestor of the component that uses WalletContext.
    at logMissingProviderError (http://localhost:3000/_next/static/chunks/node_modules_0e4g8kj._.js:1621:19)
    at Object.get (http://localhost:3000/_next/static/chunks/node_modules_0e4g8kj._.js:1616:9)
    at usePlaceBet (http://localhost:3000/_next/static/chunks/%5Broot-of-the-server%5D__01pr~vt._.js:2301:13)
    at PlaceBetModal (http://localhost:3000/_next/static/chunks/%5Broot-of-the-server%5D__01pr~vt._.js:2460:166)
    at Object.react_stack_bottom_frame (http://localhost:3000/_next/static/chunks/node_modules_react-dom_0bruynb._.js:13800:24)
    at renderWithHooksAgain (http://localhost:3000/_next/static/chunks/node_modules_react-dom_0bruynb._.js:4519:24)
    at renderWithHooks (http://localhost:3000/_next/static/chunks/node_modules_react-dom_0bruynb._.js:4470:28)
    at updateFunctionComponent (http://localhost:3000/_next/static/chunks/node_modules_react-dom_0bruynb._.js:5917:21)
    at beginWork (http://localhost:3000/_next/static/chunks/node_modules_react-dom_0bruynb._.js:6498:24)
    at runWithFiberInDEV (http://localhost:3000/_next/static/chunks/node_modules_react-dom_0bruynb._.js:886:74)
    at performUnitOfWork (http://localhost:3000/_next/static/chunks/node_modules_react-dom_0bruynb._.js:8894:97)
    at workLoopSync (http://localhost:3000/_next/static/chunks/node_modules_react-dom_0bruynb._.js:8788:40)
    at renderRootSync (http://localhost:3000/_next/static/chunks/node_modules_react-dom_0bruynb._.js:8772:13)
    at performWorkOnRoot (http://localhost:3000/_next/static/chunks/node_modules_react-dom_0bruynb._.js:8400:186)
    at performWorkOnRootViaSchedulerTask (http://localhost:3000/_next/static/chunks/node_modules_react-dom_0bruynb._.js:9534:9)
    at MessagePort.performWorkUntilDeadline (http://localhost:3000/_next/static/chunks/node_modules_11l9xip._.js:1335:64) @ http://localhost:3000/_next/static/chunks/node_modules_next_dist_0k8zr~w._.js:1945
[   61225ms] [ERROR] Error: You have tried to read "publicKey" on a WalletContext without providing one. Make sure to render a WalletProvider as an ancestor of the component that uses WalletContext.
    at logMissingProviderError (http://localhost:3000/_next/static/chunks/node_modules_0e4g8kj._.js:1621:19)
    at Object.get (http://localhost:3000/_next/static/chunks/node_modules_0e4g8kj._.js:1616:9)
    at SolanaConnectWallet (http://localhost:3000/_next/static/chunks/%5Broot-of-the-server%5D__01pr~vt._.js:486:13)
    at Object.react_stack_bottom_frame (http://localhost:3000/_next/static/chunks/node_modules_react-dom_0bruynb._.js:13800:24)
    at renderWithHooks (http://localhost:3000/_next/static/chunks/node_modules_react-dom_0bruynb._.js:4464:24)
    at updateFunctionComponent (http://localhost:3000/_next/static/chunks/node_modules_react-dom_0bruynb._.js:5917:21)
    at beginWork (http://localhost:3000/_next/static/chunks/node_modules_react-dom_0bruynb._.js:6498:24)
    at runWithFiberInDEV (http://localhost:3000/_next/static/chunks/node_modules_react-dom_0bruynb._.js:886:74)
    at performUnitOfWork (http://localhost:3000/_next/static/chunks/node_modules_react-dom_0bruynb._.js:8894:97)
    at workLoopSync (http://localhost:3000/_next/static/chunks/node_modules_react-dom_0bruynb._.js:8788:40)
    at renderRootSync (http://localhost:3000/_next/static/chunks/node_modules_react-dom_0bruynb._.js:8772:13)
    at performWorkOnRoot (http://localhost:3000/_next/static/chunks/node_modules_react-dom_0bruynb._.js:8400:186)
    at performWorkOnRootViaSchedulerTask (http://localhost:3000/_next/static/chunks/node_modules_react-dom_0bruynb._.js:9534:9)
    at MessagePort.performWorkUntilDeadline (http://localhost:3000/_next/static/chunks/node_modules_11l9xip._.js:1335:64) @ http://localhost:3000/_next/static/chunks/node_modules_next_dist_0k8zr~w._.js:1945
[   61226ms] [ERROR] Error: You have tried to read "publicKey" on a WalletContext without providing one. Make sure to render a WalletProvider as an ancestor of the component that uses WalletContext.
    at logMissingProviderError (http://localhost:3000/_next/static/chunks/node_modules_0e4g8kj._.js:1621:19)
    at Object.get (http://localhost:3000/_next/static/chunks/node_modules_0e4g8kj._.js:1616:9)
    at SolanaConnectWallet (http://localhost:3000/_next/static/chunks/%5Broot-of-the-server%5D__01pr~vt._.js:486:13)
    at Object.react_stack_bottom_frame (http://localhost:3000/_next/static/chunks/node_modules_react-dom_0bruynb._.js:13800:24)
    at renderWithHooksAgain (http://localhost:3000/_next/static/chunks/node_modules_react-dom_0bruynb._.js:4519:24)
    at renderWithHooks (http://localhost:3000/_next/static/chunks/node_modules_react-dom_0bruynb._.js:4470:28)
    at updateFunctionComponent (http://localhost:3000/_next/static/chunks/node_modules_react-dom_0bruynb._.js:5917:21)
    at beginWork (http://localhost:3000/_next/static/chunks/node_modules_react-dom_0bruynb._.js:6498:24)
    at runWithFiberInDEV (http://localhost:3000/_next/static/chunks/node_modules_react-dom_0bruynb._.js:886:74)
    at performUnitOfWork (http://localhost:3000/_next/static/chunks/node_modules_react-dom_0bruynb._.js:8894:97)
    at workLoopSync (http://localhost:3000/_next/static/chunks/node_modules_react-dom_0bruynb._.js:8788:40)
    at renderRootSync (http://localhost:3000/_next/static/chunks/node_modules_react-dom_0bruynb._.js:8772:13)
    at performWorkOnRoot (http://localhost:3000/_next/static/chunks/node_modules_react-dom_0bruynb._.js:8400:186)
    at performWorkOnRootViaSchedulerTask (http://localhost:3000/_next/static/chunks/node_modules_react-dom_0bruynb._.js:9534:9)
    at MessagePort.performWorkUntilDeadline (http://localhost:3000/_next/static/chunks/node_modules_11l9xip._.js:1335:64) @ http://localhost:3000/_next/static/chunks/node_modules_next_dist_0k8zr~w._.js:1945
[   61226ms] [ERROR] Error: You have tried to read "publicKey" on a WalletContext without providing one. Make sure to render a WalletProvider as an ancestor of the component that uses WalletContext.
    at logMissingProviderError (http://localhost:3000/_next/static/chunks/node_modules_0e4g8kj._.js:1621:19)
    at Object.get (http://localhost:3000/_next/static/chunks/node_modules_0e4g8kj._.js:1616:9)
    at useWalletMultiButton (http://localhost:3000/_next/static/chunks/node_modules_0e4g8kj._.js:1658:72)
    at BaseWalletMultiButton (http://localhost:3000/_next/static/chunks/node_modules_0e4g8kj._.js:1833:307)
    at Object.react_stack_bottom_frame (http://localhost:3000/_next/static/chunks/node_modules_react-dom_0bruynb._.js:13800:24)
    at renderWithHooks (http://localhost:3000/_next/static/chunks/node_modules_react-dom_0bruynb._.js:4464:24)
    at updateFunctionComponent (http://localhost:3000/_next/static/chunks/node_modules_react-dom_0bruynb._.js:5917:21)
    at beginWork (http://localhost:3000/_next/static/chunks/node_modules_react-dom_0bruynb._.js:6498:24)
    at runWithFiberInDEV (http://localhost:3000/_next/static/chunks/node_modules_react-dom_0bruynb._.js:886:74)
    at performUnitOfWork (http://localhost:3000/_next/static/chunks/node_modules_react-dom_0bruynb._.js:8894:97)
    at workLoopSync (http://localhost:3000/_next/static/chunks/node_modules_react-dom_0bruynb._.js:8788:40)
    at renderRootSync (http://localhost:3000/_next/static/chunks/node_modules_react-dom_0bruynb._.js:8772:13)
    at performWorkOnRoot (http://localhost:3000/_next/static/chunks/node_modules_react-dom_0bruynb._.js:8400:186)
    at performWorkOnRootViaSchedulerTask (http://localhost:3000/_next/static/chunks/node_modules_react-dom_0bruynb._.js:9534:9)
    at MessagePort.performWorkUntilDeadline (http://localhost:3000/_next/static/chunks/node_modules_11l9xip._.js:1335:64) @ http://localhost:3000/_next/static/chunks/node_modules_next_dist_0k8zr~w._.js:1945
[   61226ms] [ERROR] Error: You have tried to read "wallet" on a WalletContext without providing one. Make sure to render a WalletProvider as an ancestor of the component that uses WalletContext.
    at logMissingProviderError (http://localhost:3000/_next/static/chunks/node_modules_0e4g8kj._.js:1621:19)
    at Object.get (http://localhost:3000/_next/static/chunks/node_modules_0e4g8kj._.js:1610:9)
    at useWalletMultiButton (http://localhost:3000/_next/static/chunks/node_modules_0e4g8kj._.js:1658:91)
    at BaseWalletMultiButton (http://localhost:3000/_next/static/chunks/node_modules_0e4g8kj._.js:1833:307)
    at Object.react_stack_bottom_frame (http://localhost:3000/_next/static/chunks/node_modules_react-dom_0bruynb._.js:13800:24)
    at renderWithHooks (http://localhost:3000/_next/static/chunks/node_modules_react-dom_0bruynb._.js:4464:24)
    at updateFunctionComponent (http://localhost:3000/_next/static/chunks/node_modules_react-dom_0bruynb._.js:5917:21)
    at beginWork (http://localhost:3000/_next/static/chunks/node_modules_react-dom_0bruynb._.js:6498:24)
    at runWithFiberInDEV (http://localhost:3000/_next/static/chunks/node_modules_react-dom_0bruynb._.js:886:74)
    at performUnitOfWork (http://localhost:3000/_next/static/chunks/node_modules_react-dom_0bruynb._.js:8894:97)
    at workLoopSync (http://localhost:3000/_next/static/chunks/node_modules_react-dom_0bruynb._.js:8788:40)
    at renderRootSync (http://localhost:3000/_next/static/chunks/node_modules_react-dom_0bruynb._.js:8772:13)
    at performWorkOnRoot (http://localhost:3000/_next/static/chunks/node_modules_react-dom_0bruynb._.js:8400:186)
    at performWorkOnRootViaSchedulerTask (http://localhost:3000/_next/static/chunks/node_modules_react-dom_0bruynb._.js:9534:9)
    at MessagePort.performWorkUntilDeadline (http://localhost:3000/_next/static/chunks/node_modules_11l9xip._.js:1335:64) @ http://localhost:3000/_next/static/chunks/node_modules_next_dist_0k8zr~w._.js:1945
[   61226ms] [ERROR] Error: You have tried to read "wallets" on a WalletContext without providing one. Make sure to render a WalletProvider as an ancestor of the component that uses WalletContext.
    at logMissingProviderError (http://localhost:3000/_next/static/chunks/node_modules_0e4g8kj._.js:1621:19)
    at Object.get (http://localhost:3000/_next/static/chunks/node_modules_0e4g8kj._.js:1604:9)
    at useWalletMultiButton (http://localhost:3000/_next/static/chunks/node_modules_0e4g8kj._.js:1658:99)
    at BaseWalletMultiButton (http://localhost:3000/_next/static/chunks/node_modules_0e4g8kj._.js:1833:307)
    at Object.react_stack_bottom_frame (http://localhost:3000/_next/static/chunks/node_modules_react-dom_0bruynb._.js:13800:24)
    at renderWithHooks (http://localhost:3000/_next/static/chunks/node_modules_react-dom_0bruynb._.js:4464:24)
    at updateFunctionComponent (http://localhost:3000/_next/static/chunks/node_modules_react-dom_0bruynb._.js:5917:21)
    at beginWork (http://localhost:3000/_next/static/chunks/node_modules_react-dom_0bruynb._.js:6498:24)
    at runWithFiberInDEV (http://localhost:3000/_next/static/chunks/node_modules_react-dom_0bruynb._.js:886:74)
    at performUnitOfWork (http://localhost:3000/_next/static/chunks/node_modules_react-dom_0bruynb._.js:8894:97)
    at workLoopSync (http://localhost:3000/_next/static/chunks/node_modules_react-dom_0bruynb._.js:8788:40)
    at renderRootSync (http://localhost:3000/_next/static/chunks/node_modules_react-dom_0bruynb._.js:8772:13)
    at performWorkOnRoot (http://localhost:3000/_next/static/chunks/node_modules_react-dom_0bruynb._.js:8400:186)
    at performWorkOnRootViaSchedulerTask (http://localhost:3000/_next/static/chunks/node_modules_react-dom_0bruynb._.js:9534:9)
    at MessagePort.performWorkUntilDeadline (http://localhost:3000/_next/static/chunks/node_modules_11l9xip._.js:1335:64) @ http://localhost:3000/_next/static/chunks/node_modules_next_dist_0k8zr~w._.js:1945
[   61227ms] [ERROR] Error: You have tried to read "publicKey" on a WalletContext without providing one. Make sure to render a WalletProvider as an ancestor of the component that uses WalletContext.
    at logMissingProviderError (http://localhost:3000/_next/static/chunks/node_modules_0e4g8kj._.js:1621:19)
    at Object.get (http://localhost:3000/_next/static/chunks/node_modules_0e4g8kj._.js:1616:9)
    at useWalletMultiButton (http://localhost:3000/_next/static/chunks/node_modules_0e4g8kj._.js:1658:72)
    at BaseWalletMultiButton (http://localhost:3000/_next/static/chunks/node_modules_0e4g8kj._.js:1833:307)
    at Object.react_stack_bottom_frame (http://localhost:3000/_next/static/chunks/node_modules_react-dom_0bruynb._.js:13800:24)
    at renderWithHooksAgain (http://localhost:3000/_next/static/chunks/node_modules_react-dom_0bruynb._.js:4519:24)
    at renderWithHooks (http://localhost:3000/_next/static/chunks/node_modules_react-dom_0bruynb._.js:4470:28)
    at updateFunctionComponent (http://localhost:3000/_next/static/chunks/node_modules_react-dom_0bruynb._.js:5917:21)
    at beginWork (http://localhost:3000/_next/static/chunks/node_modules_react-dom_0bruynb._.js:6498:24)
    at runWithFiberInDEV (http://localhost:3000/_next/static/chunks/node_modules_react-dom_0bruynb._.js:886:74)
    at performUnitOfWork (http://localhost:3000/_next/static/chunks/node_modules_react-dom_0bruynb._.js:8894:97)
    at workLoopSync (http://localhost:3000/_next/static/chunks/node_modules_react-dom_0bruynb._.js:8788:40)
    at renderRootSync (http://localhost:3000/_next/static/chunks/node_modules_react-dom_0bruynb._.js:8772:13)
    at performWorkOnRoot (http://localhost:3000/_next/static/chunks/node_modules_react-dom_0bruynb._.js:8400:186)
    at performWorkOnRootViaSchedulerTask (http://localhost:3000/_next/static/chunks/node_modules_react-dom_0bruynb._.js:9534:9)
    at MessagePort.performWorkUntilDeadline (http://localhost:3000/_next/static/chunks/node_modules_11l9xip._.js:1335:64) @ http://localhost:3000/_next/static/chunks/node_modules_next_dist_0k8zr~w._.js:1945
[   61227ms] [ERROR] Error: You have tried to read "wallet" on a WalletContext without providing one. Make sure to render a WalletProvider as an ancestor of the component that uses WalletContext.
    at logMissingProviderError (http://localhost:3000/_next/static/chunks/node_modules_0e4g8kj._.js:1621:19)
    at Object.get (http://localhost:3000/_next/static/chunks/node_modules_0e4g8kj._.js:1610:9)
    at useWalletMultiButton (http://localhost:3000/_next/static/chunks/node_modules_0e4g8kj._.js:1658:91)
    at BaseWalletMultiButton (http://localhost:3000/_next/static/chunks/node_modules_0e4g8kj._.js:1833:307)
    at Object.react_stack_bottom_frame (http://localhost:3000/_next/static/chunks/node_modules_react-dom_0bruynb._.js:13800:24)
    at renderWithHooksAgain (http://localhost:3000/_next/static/chunks/node_modules_react-dom_0bruynb._.js:4519:24)
    at renderWithHooks (http://localhost:3000/_next/static/chunks/node_modules_react-dom_0bruynb._.js:4470:28)
    at updateFunctionComponent (http://localhost:3000/_next/static/chunks/node_modules_react-dom_0bruynb._.js:5917:21)
    at beginWork (http://localhost:3000/_next/static/chunks/node_modules_react-dom_0bruynb._.js:6498:24)
    at runWithFiberInDEV (http://localhost:3000/_next/static/chunks/node_modules_react-dom_0bruynb._.js:886:74)
    at performUnitOfWork (http://localhost:3000/_next/static/chunks/node_modules_react-dom_0bruynb._.js:8894:97)
    at workLoopSync (http://localhost:3000/_next/static/chunks/node_modules_react-dom_0bruynb._.js:8788:40)
    at renderRootSync (http://localhost:3000/_next/static/chunks/node_modules_react-dom_0bruynb._.js:8772:13)
    at performWorkOnRoot (http://localhost:3000/_next/static/chunks/node_modules_react-dom_0bruynb._.js:8400:186)
    at performWorkOnRootViaSchedulerTask (http://localhost:3000/_next/static/chunks/node_modules_react-dom_0bruynb._.js:9534:9)
    at MessagePort.performWorkUntilDeadline (http://localhost:3000/_next/static/chunks/node_modules_11l9xip._.js:1335:64) @ http://localhost:3000/_next/static/chunks/node_modules_next_dist_0k8zr~w._.js:1945
[   61227ms] [ERROR] Error: You have tried to read "wallets" on a WalletContext without providing one. Make sure to render a WalletProvider as an ancestor of the component that uses WalletContext.
    at logMissingProviderError (http://localhost:3000/_next/static/chunks/node_modules_0e4g8kj._.js:1621:19)
    at Object.get (http://localhost:3000/_next/static/chunks/node_modules_0e4g8kj._.js:1604:9)
    at useWalletMultiButton (http://localhost:3000/_next/static/chunks/node_modules_0e4g8kj._.js:1658:99)
    at BaseWalletMultiButton (http://localhost:3000/_next/static/chunks/node_modules_0e4g8kj._.js:1833:307)
    at Object.react_stack_bottom_frame (http://localhost:3000/_next/static/chunks/node_modules_react-dom_0bruynb._.js:13800:24)
    at renderWithHooksAgain (http://localhost:3000/_next/static/chunks/node_modules_react-dom_0bruynb._.js:4519:24)
    at renderWithHooks (http://localhost:3000/_next/static/chunks/node_modules_react-dom_0bruynb._.js:4470:28)
    at updateFunctionComponent (http://localhost:3000/_next/static/chunks/node_modules_react-dom_0bruynb._.js:5917:21)
    at beginWork (http://localhost:3000/_next/static/chunks/node_modules_react-dom_0bruynb._.js:6498:24)
    at runWithFiberInDEV (http://localhost:3000/_next/static/chunks/node_modules_react-dom_0bruynb._.js:886:74)
    at performUnitOfWork (http://localhost:3000/_next/static/chunks/node_modules_react-dom_0bruynb._.js:8894:97)
    at workLoopSync (http://localhost:3000/_next/static/chunks/node_modules_react-dom_0bruynb._.js:8788:40)
    at renderRootSync (http://localhost:3000/_next/static/chunks/node_modules_react-dom_0bruynb._.js:8772:13)
    at performWorkOnRoot (http://localhost:3000/_next/static/chunks/node_modules_react-dom_0bruynb._.js:8400:186)
    at performWorkOnRootViaSchedulerTask (http://localhost:3000/_next/static/chunks/node_modules_react-dom_0bruynb._.js:9534:9)
    at MessagePort.performWorkUntilDeadline (http://localhost:3000/_next/static/chunks/node_modules_11l9xip._.js:1335:64) @ http://localhost:3000/_next/static/chunks/node_modules_next_dist_0k8zr~w._.js:1945
[   61228ms] [ERROR] Error: You have tried to read "publicKey" on a WalletContext without providing one. Make sure to render a WalletProvider as an ancestor of the component that uses WalletContext.
    at logMissingProviderError (http://localhost:3000/_next/static/chunks/node_modules_0e4g8kj._.js:1621:19)
    at Object.get (http://localhost:3000/_next/static/chunks/node_modules_0e4g8kj._.js:1616:9)
    at PlaceBetModal (http://localhost:3000/_next/static/chunks/%5Broot-of-the-server%5D__01pr~vt._.js:2453:13)
    at Object.react_stack_bottom_frame (http://localhost:3000/_next/static/chunks/node_modules_react-dom_0bruynb._.js:13800:24)
    at renderWithHooks (http://localhost:3000/_next/static/chunks/node_modules_react-dom_0bruynb._.js:4464:24)
    at updateFunctionComponent (http://localhost:3000/_next/static/chunks/node_modules_react-dom_0bruynb._.js:5917:21)
    at beginWork (http://localhost:3000/_next/static/chunks/node_modules_react-dom_0bruynb._.js:6498:24)
    at runWithFiberInDEV (http://localhost:3000/_next/static/chunks/node_modules_react-dom_0bruynb._.js:886:74)
    at performUnitOfWork (http://localhost:3000/_next/static/chunks/node_modules_react-dom_0bruynb._.js:8894:97)
    at workLoopSync (http://localhost:3000/_next/static/chunks/node_modules_react-dom_0bruynb._.js:8788:40)
    at renderRootSync (http://localhost:3000/_next/static/chunks/node_modules_react-dom_0bruynb._.js:8772:13)
    at performWorkOnRoot (http://localhost:3000/_next/static/chunks/node_modules_react-dom_0bruynb._.js:8400:186)
    at performWorkOnRootViaSchedulerTask (http://localhost:3000/_next/static/chunks/node_modules_react-dom_0bruynb._.js:9534:9)
    at MessagePort.performWorkUntilDeadline (http://localhost:3000/_next/static/chunks/node_modules_11l9xip._.js:1335:64) @ http://localhost:3000/_next/static/chunks/node_modules_next_dist_0k8zr~w._.js:1945
[   61228ms] [ERROR] Error: You have tried to read "publicKey" on a WalletContext without providing one. Make sure to render a WalletProvider as an ancestor of the component that uses WalletContext.
    at logMissingProviderError (http://localhost:3000/_next/static/chunks/node_modules_0e4g8kj._.js:1621:19)
    at Object.get (http://localhost:3000/_next/static/chunks/node_modules_0e4g8kj._.js:1616:9)
    at usePlaceBet (http://localhost:3000/_next/static/chunks/%5Broot-of-the-server%5D__01pr~vt._.js:2301:13)
    at PlaceBetModal (http://localhost:3000/_next/static/chunks/%5Broot-of-the-server%5D__01pr~vt._.js:2460:166)
    at Object.react_stack_bottom_frame (http://localhost:3000/_next/static/chunks/node_modules_react-dom_0bruynb._.js:13800:24)
    at renderWithHooks (http://localhost:3000/_next/static/chunks/node_modules_react-dom_0bruynb._.js:4464:24)
    at updateFunctionComponent (http://localhost:3000/_next/static/chunks/node_modules_react-dom_0bruynb._.js:5917:21)
    at beginWork (http://localhost:3000/_next/static/chunks/node_modules_react-dom_0bruynb._.js:6498:24)
    at runWithFiberInDEV (http://localhost:3000/_next/static/chunks/node_modules_react-dom_0bruynb._.js:886:74)
    at performUnitOfWork (http://localhost:3000/_next/static/chunks/node_modules_react-dom_0bruynb._.js:8894:97)
    at workLoopSync (http://localhost:3000/_next/static/chunks/node_modules_react-dom_0bruynb._.js:8788:40)
    at renderRootSync (http://localhost:3000/_next/static/chunks/node_modules_react-dom_0bruynb._.js:8772:13)
    at performWorkOnRoot (http://localhost:3000/_next/static/chunks/node_modules_react-dom_0bruynb._.js:8400:186)
    at performWorkOnRootViaSchedulerTask (http://localhost:3000/_next/static/chunks/node_modules_react-dom_0bruynb._.js:9534:9)
    at MessagePort.performWorkUntilDeadline (http://localhost:3000/_next/static/chunks/node_modules_11l9xip._.js:1335:64) @ http://localhost:3000/_next/static/chunks/node_modules_next_dist_0k8zr~w._.js:1945
[   61228ms] [ERROR] Error: You have tried to read "publicKey" on a WalletContext without providing one. Make sure to render a WalletProvider as an ancestor of the component that uses WalletContext.
    at logMissingProviderError (http://localhost:3000/_next/static/chunks/node_modules_0e4g8kj._.js:1621:19)
    at Object.get (http://localhost:3000/_next/static/chunks/node_modules_0e4g8kj._.js:1616:9)
    at PlaceBetModal (http://localhost:3000/_next/static/chunks/%5Broot-of-the-server%5D__01pr~vt._.js:2453:13)
    at Object.react_stack_bottom_frame (http://localhost:3000/_next/static/chunks/node_modules_react-dom_0bruynb._.js:13800:24)
    at renderWithHooksAgain (http://localhost:3000/_next/static/chunks/node_modules_react-dom_0bruynb._.js:4519:24)
    at renderWithHooks (http://localhost:3000/_next/static/chunks/node_modules_react-dom_0bruynb._.js:4470:28)
    at updateFunctionComponent (http://localhost:3000/_next/static/chunks/node_modules_react-dom_0bruynb._.js:5917:21)
    at beginWork (http://localhost:3000/_next/static/chunks/node_modules_react-dom_0bruynb._.js:6498:24)
    at runWithFiberInDEV (http://localhost:3000/_next/static/chunks/node_modules_react-dom_0bruynb._.js:886:74)
    at performUnitOfWork (http://localhost:3000/_next/static/chunks/node_modules_react-dom_0bruynb._.js:8894:97)
    at workLoopSync (http://localhost:3000/_next/static/chunks/node_modules_react-dom_0bruynb._.js:8788:40)
    at renderRootSync (http://localhost:3000/_next/static/chunks/node_modules_react-dom_0bruynb._.js:8772:13)
    at performWorkOnRoot (http://localhost:3000/_next/static/chunks/node_modules_react-dom_0bruynb._.js:8400:186)
    at performWorkOnRootViaSchedulerTask (http://localhost:3000/_next/static/chunks/node_modules_react-dom_0bruynb._.js:9534:9)
    at MessagePort.performWorkUntilDeadline (http://localhost:3000/_next/static/chunks/node_modules_11l9xip._.js:1335:64) @ http://localhost:3000/_next/static/chunks/node_modules_next_dist_0k8zr~w._.js:1945
[   61229ms] [ERROR] Error: You have tried to read "publicKey" on a WalletContext without providing one. Make sure to render a WalletProvider as an ancestor of the component that uses WalletContext.
    at logMissingProviderError (http://localhost:3000/_next/static/chunks/node_modules_0e4g8kj._.js:1621:19)
    at Object.get (http://localhost:3000/_next/static/chunks/node_modules_0e4g8kj._.js:1616:9)
    at usePlaceBet (http://localhost:3000/_next/static/chunks/%5Broot-of-the-server%5D__01pr~vt._.js:2301:13)
    at PlaceBetModal (http://localhost:3000/_next/static/chunks/%5Broot-of-the-server%5D__01pr~vt._.js:2460:166)
    at Object.react_stack_bottom_frame (http://localhost:3000/_next/static/chunks/node_modules_react-dom_0bruynb._.js:13800:24)
    at renderWithHooksAgain (http://localhost:3000/_next/static/chunks/node_modules_react-dom_0bruynb._.js:4519:24)
    at renderWithHooks (http://localhost:3000/_next/static/chunks/node_modules_react-dom_0bruynb._.js:4470:28)
    at updateFunctionComponent (http://localhost:3000/_next/static/chunks/node_modules_react-dom_0bruynb._.js:5917:21)
    at beginWork (http://localhost:3000/_next/static/chunks/node_modules_react-dom_0bruynb._.js:6498:24)
    at runWithFiberInDEV (http://localhost:3000/_next/static/chunks/node_modules_react-dom_0bruynb._.js:886:74)
    at performUnitOfWork (http://localhost:3000/_next/static/chunks/node_modules_react-dom_0bruynb._.js:8894:97)
    at workLoopSync (http://localhost:3000/_next/static/chunks/node_modules_react-dom_0bruynb._.js:8788:40)
    at renderRootSync (http://localhost:3000/_next/static/chunks/node_modules_react-dom_0bruynb._.js:8772:13)
    at performWorkOnRoot (http://localhost:3000/_next/static/chunks/node_modules_react-dom_0bruynb._.js:8400:186)
    at performWorkOnRootViaSchedulerTask (http://localhost:3000/_next/static/chunks/node_modules_react-dom_0bruynb._.js:9534:9)
    at MessagePort.performWorkUntilDeadline (http://localhost:3000/_next/static/chunks/node_modules_11l9xip._.js:1335:64) @ http://localhost:3000/_next/static/chunks/node_modules_next_dist_0k8zr~w._.js:1945
[   61927ms] [ERROR] Error: You have tried to read "publicKey" on a WalletContext without providing one. Make sure to render a WalletProvider as an ancestor of the component that uses WalletContext.
    at logMissingProviderError (http://localhost:3000/_next/static/chunks/node_modules_0e4g8kj._.js:1621:19)
    at Object.get (http://localhost:3000/_next/static/chunks/node_modules_0e4g8kj._.js:1616:9)
    at SolanaConnectWallet (http://localhost:3000/_next/static/chunks/%5Broot-of-the-server%5D__01pr~vt._.js:486:13)
    at Object.react_stack_bottom_frame (http://localhost:3000/_next/static/chunks/node_modules_react-dom_0bruynb._.js:13800:24)
    at renderWithHooks (http://localhost:3000/_next/static/chunks/node_modules_react-dom_0bruynb._.js:4464:24)
    at updateFunctionComponent (http://localhost:3000/_next/static/chunks/node_modules_react-dom_0bruynb._.js:5917:21)
    at beginWork (http://localhost:3000/_next/static/chunks/node_modules_react-dom_0bruynb._.js:6498:24)
    at runWithFiberInDEV (http://localhost:3000/_next/static/chunks/node_modules_react-dom_0bruynb._.js:886:74)
    at performUnitOfWork (http://localhost:3000/_next/static/chunks/node_modules_react-dom_0bruynb._.js:8894:97)
    at workLoopConcurrentByScheduler (http://localhost:3000/_next/static/chunks/node_modules_react-dom_0bruynb._.js:8890:58)
    at renderRootConcurrent (http://localhost:3000/_next/static/chunks/node_modules_react-dom_0bruynb._.js:8873:71)
    at performWorkOnRoot (http://localhost:3000/_next/static/chunks/node_modules_react-dom_0bruynb._.js:8400:150)
    at performWorkOnRootViaSchedulerTask (http://localhost:3000/_next/static/chunks/node_modules_react-dom_0bruynb._.js:9534:9)
    at MessagePort.performWorkUntilDeadline (http://localhost:3000/_next/static/chunks/node_modules_11l9xip._.js:1335:64) @ http://localhost:3000/_next/static/chunks/node_modules_next_dist_0k8zr~w._.js:1945
[   61927ms] [ERROR] Error: You have tried to read "publicKey" on a WalletContext without providing one. Make sure to render a WalletProvider as an ancestor of the component that uses WalletContext.
    at logMissingProviderError (http://localhost:3000/_next/static/chunks/node_modules_0e4g8kj._.js:1621:19)
    at Object.get (http://localhost:3000/_next/static/chunks/node_modules_0e4g8kj._.js:1616:9)
    at SolanaConnectWallet (http://localhost:3000/_next/static/chunks/%5Broot-of-the-server%5D__01pr~vt._.js:486:13)
    at Object.react_stack_bottom_frame (http://localhost:3000/_next/static/chunks/node_modules_react-dom_0bruynb._.js:13800:24)
    at renderWithHooksAgain (http://localhost:3000/_next/static/chunks/node_modules_react-dom_0bruynb._.js:4519:24)
    at renderWithHooks (http://localhost:3000/_next/static/chunks/node_modules_react-dom_0bruynb._.js:4470:28)
    at updateFunctionComponent (http://localhost:3000/_next/static/chunks/node_modules_react-dom_0bruynb._.js:5917:21)
    at beginWork (http://localhost:3000/_next/static/chunks/node_modules_react-dom_0bruynb._.js:6498:24)
    at runWithFiberInDEV (http://localhost:3000/_next/static/chunks/node_modules_react-dom_0bruynb._.js:886:74)
    at performUnitOfWork (http://localhost:3000/_next/static/chunks/node_modules_react-dom_0bruynb._.js:8894:97)
    at workLoopConcurrentByScheduler (http://localhost:3000/_next/static/chunks/node_modules_react-dom_0bruynb._.js:8890:58)
    at renderRootConcurrent (http://localhost:3000/_next/static/chunks/node_modules_react-dom_0bruynb._.js:8873:71)
    at performWorkOnRoot (http://localhost:3000/_next/static/chunks/node_modules_react-dom_0bruynb._.js:8400:150)
    at performWorkOnRootViaSchedulerTask (http://localhost:3000/_next/static/chunks/node_modules_react-dom_0bruynb._.js:9534:9)
    at MessagePort.performWorkUntilDeadline (http://localhost:3000/_next/static/chunks/node_modules_11l9xip._.js:1335:64) @ http://localhost:3000/_next/static/chunks/node_modules_next_dist_0k8zr~w._.js:1945
[   61927ms] [ERROR] Error: You have tried to read "publicKey" on a WalletContext without providing one. Make sure to render a WalletProvider as an ancestor of the component that uses WalletContext.
    at logMissingProviderError (http://localhost:3000/_next/static/chunks/node_modules_0e4g8kj._.js:1621:19)
    at Object.get (http://localhost:3000/_next/static/chunks/node_modules_0e4g8kj._.js:1616:9)
    at useWalletMultiButton (http://localhost:3000/_next/static/chunks/node_modules_0e4g8kj._.js:1658:72)
    at BaseWalletMultiButton (http://localhost:3000/_next/static/chunks/node_modules_0e4g8kj._.js:1833:307)
    at Object.react_stack_bottom_frame (http://localhost:3000/_next/static/chunks/node_modules_react-dom_0bruynb._.js:13800:24)
    at renderWithHooks (http://localhost:3000/_next/static/chunks/node_modules_react-dom_0bruynb._.js:4464:24)
    at updateFunctionComponent (http://localhost:3000/_next/static/chunks/node_modules_react-dom_0bruynb._.js:5917:21)
    at beginWork (http://localhost:3000/_next/static/chunks/node_modules_react-dom_0bruynb._.js:6498:24)
    at runWithFiberInDEV (http://localhost:3000/_next/static/chunks/node_modules_react-dom_0bruynb._.js:886:74)
    at performUnitOfWork (http://localhost:3000/_next/static/chunks/node_modules_react-dom_0bruynb._.js:8894:97)
    at workLoopConcurrentByScheduler (http://localhost:3000/_next/static/chunks/node_modules_react-dom_0bruynb._.js:8890:58)
    at renderRootConcurrent (http://localhost:3000/_next/static/chunks/node_modules_react-dom_0bruynb._.js:8873:71)
    at performWorkOnRoot (http://localhost:3000/_next/static/chunks/node_modules_react-dom_0bruynb._.js:8400:150)
    at performWorkOnRootViaSchedulerTask (http://localhost:3000/_next/static/chunks/node_modules_react-dom_0bruynb._.js:9534:9)
    at MessagePort.performWorkUntilDeadline (http://localhost:3000/_next/static/chunks/node_modules_11l9xip._.js:1335:64) @ http://localhost:3000/_next/static/chunks/node_modules_next_dist_0k8zr~w._.js:1945
[   61928ms] [ERROR] Error: You have tried to read "wallet" on a WalletContext without providing one. Make sure to render a WalletProvider as an ancestor of the component that uses WalletContext.
    at logMissingProviderError (http://localhost:3000/_next/static/chunks/node_modules_0e4g8kj._.js:1621:19)
    at Object.get (http://localhost:3000/_next/static/chunks/node_modules_0e4g8kj._.js:1610:9)
    at useWalletMultiButton (http://localhost:3000/_next/static/chunks/node_modules_0e4g8kj._.js:1658:91)
    at BaseWalletMultiButton (http://localhost:3000/_next/static/chunks/node_modules_0e4g8kj._.js:1833:307)
    at Object.react_stack_bottom_frame (http://localhost:3000/_next/static/chunks/node_modules_react-dom_0bruynb._.js:13800:24)
    at renderWithHooks (http://localhost:3000/_next/static/chunks/node_modules_react-dom_0bruynb._.js:4464:24)
    at updateFunctionComponent (http://localhost:3000/_next/static/chunks/node_modules_react-dom_0bruynb._.js:5917:21)
    at beginWork (http://localhost:3000/_next/static/chunks/node_modules_react-dom_0bruynb._.js:6498:24)
    at runWithFiberInDEV (http://localhost:3000/_next/static/chunks/node_modules_react-dom_0bruynb._.js:886:74)
    at performUnitOfWork (http://localhost:3000/_next/static/chunks/node_modules_react-dom_0bruynb._.js:8894:97)
    at workLoopConcurrentByScheduler (http://localhost:3000/_next/static/chunks/node_modules_react-dom_0bruynb._.js:8890:58)
    at renderRootConcurrent (http://localhost:3000/_next/static/chunks/node_modules_react-dom_0bruynb._.js:8873:71)
    at performWorkOnRoot (http://localhost:3000/_next/static/chunks/node_modules_react-dom_0bruynb._.js:8400:150)
    at performWorkOnRootViaSchedulerTask (http://localhost:3000/_next/static/chunks/node_modules_react-dom_0bruynb._.js:9534:9)
    at MessagePort.performWorkUntilDeadline (http://localhost:3000/_next/static/chunks/node_modules_11l9xip._.js:1335:64) @ http://localhost:3000/_next/static/chunks/node_modules_next_dist_0k8zr~w._.js:1945
[   61928ms] [ERROR] Error: You have tried to read "wallets" on a WalletContext without providing one. Make sure to render a WalletProvider as an ancestor of the component that uses WalletContext.
    at logMissingProviderError (http://localhost:3000/_next/static/chunks/node_modules_0e4g8kj._.js:1621:19)
    at Object.get (http://localhost:3000/_next/static/chunks/node_modules_0e4g8kj._.js:1604:9)
    at useWalletMultiButton (http://localhost:3000/_next/static/chunks/node_modules_0e4g8kj._.js:1658:99)
    at BaseWalletMultiButton (http://localhost:3000/_next/static/chunks/node_modules_0e4g8kj._.js:1833:307)
    at Object.react_stack_bottom_frame (http://localhost:3000/_next/static/chunks/node_modules_react-dom_0bruynb._.js:13800:24)
    at renderWithHooks (http://localhost:3000/_next/static/chunks/node_modules_react-dom_0bruynb._.js:4464:24)
    at updateFunctionComponent (http://localhost:3000/_next/static/chunks/node_modules_react-dom_0bruynb._.js:5917:21)
    at beginWork (http://localhost:3000/_next/static/chunks/node_modules_react-dom_0bruynb._.js:6498:24)
    at runWithFiberInDEV (http://localhost:3000/_next/static/chunks/node_modules_react-dom_0bruynb._.js:886:74)
    at performUnitOfWork (http://localhost:3000/_next/static/chunks/node_modules_react-dom_0bruynb._.js:8894:97)
    at workLoopConcurrentByScheduler (http://localhost:3000/_next/static/chunks/node_modules_react-dom_0bruynb._.js:8890:58)
    at renderRootConcurrent (http://localhost:3000/_next/static/chunks/node_modules_react-dom_0bruynb._.js:8873:71)
    at performWorkOnRoot (http://localhost:3000/_next/static/chunks/node_modules_react-dom_0bruynb._.js:8400:150)
    at performWorkOnRootViaSchedulerTask (http://localhost:3000/_next/static/chunks/node_modules_react-dom_0bruynb._.js:9534:9)
    at MessagePort.performWorkUntilDeadline (http://localhost:3000/_next/static/chunks/node_modules_11l9xip._.js:1335:64) @ http://localhost:3000/_next/static/chunks/node_modules_next_dist_0k8zr~w._.js:1945
[   61928ms] [ERROR] Error: You have tried to read "publicKey" on a WalletContext without providing one. Make sure to render a WalletProvider as an ancestor of the component that uses WalletContext.
    at logMissingProviderError (http://localhost:3000/_next/static/chunks/node_modules_0e4g8kj._.js:1621:19)
    at Object.get (http://localhost:3000/_next/static/chunks/node_modules_0e4g8kj._.js:1616:9)
    at useWalletMultiButton (http://localhost:3000/_next/static/chunks/node_modules_0e4g8kj._.js:1658:72)
    at BaseWalletMultiButton (http://localhost:3000/_next/static/chunks/node_modules_0e4g8kj._.js:1833:307)
    at Object.react_stack_bottom_frame (http://localhost:3000/_next/static/chunks/node_modules_react-dom_0bruynb._.js:13800:24)
    at renderWithHooksAgain (http://localhost:3000/_next/static/chunks/node_modules_react-dom_0bruynb._.js:4519:24)
    at renderWithHooks (http://localhost:3000/_next/static/chunks/node_modules_react-dom_0bruynb._.js:4470:28)
    at updateFunctionComponent (http://localhost:3000/_next/static/chunks/node_modules_react-dom_0bruynb._.js:5917:21)
    at beginWork (http://localhost:3000/_next/static/chunks/node_modules_react-dom_0bruynb._.js:6498:24)
    at runWithFiberInDEV (http://localhost:3000/_next/static/chunks/node_modules_react-dom_0bruynb._.js:886:74)
    at performUnitOfWork (http://localhost:3000/_next/static/chunks/node_modules_react-dom_0bruynb._.js:8894:97)
    at workLoopConcurrentByScheduler (http://localhost:3000/_next/static/chunks/node_modules_react-dom_0bruynb._.js:8890:58)
    at renderRootConcurrent (http://localhost:3000/_next/static/chunks/node_modules_react-dom_0bruynb._.js:8873:71)
    at performWorkOnRoot (http://localhost:3000/_next/static/chunks/node_modules_react-dom_0bruynb._.js:8400:150)
    at performWorkOnRootViaSchedulerTask (http://localhost:3000/_next/static/chunks/node_modules_react-dom_0bruynb._.js:9534:9)
    at MessagePort.performWorkUntilDeadline (http://localhost:3000/_next/static/chunks/node_modules_11l9xip._.js:1335:64) @ http://localhost:3000/_next/static/chunks/node_modules_next_dist_0k8zr~w._.js:1945
[   61928ms] [ERROR] Error: You have tried to read "wallet" on a WalletContext without providing one. Make sure to render a WalletProvider as an ancestor of the component that uses WalletContext.
    at logMissingProviderError (http://localhost:3000/_next/static/chunks/node_modules_0e4g8kj._.js:1621:19)
    at Object.get (http://localhost:3000/_next/static/chunks/node_modules_0e4g8kj._.js:1610:9)
    at useWalletMultiButton (http://localhost:3000/_next/static/chunks/node_modules_0e4g8kj._.js:1658:91)
    at BaseWalletMultiButton (http://localhost:3000/_next/static/chunks/node_modules_0e4g8kj._.js:1833:307)
    at Object.react_stack_bottom_frame (http://localhost:3000/_next/static/chunks/node_modules_react-dom_0bruynb._.js:13800:24)
    at renderWithHooksAgain (http://localhost:3000/_next/static/chunks/node_modules_react-dom_0bruynb._.js:4519:24)
    at renderWithHooks (http://localhost:3000/_next/static/chunks/node_modules_react-dom_0bruynb._.js:4470:28)
    at updateFunctionComponent (http://localhost:3000/_next/static/chunks/node_modules_react-dom_0bruynb._.js:5917:21)
    at beginWork (http://localhost:3000/_next/static/chunks/node_modules_react-dom_0bruynb._.js:6498:24)
    at runWithFiberInDEV (http://localhost:3000/_next/static/chunks/node_modules_react-dom_0bruynb._.js:886:74)
    at performUnitOfWork (http://localhost:3000/_next/static/chunks/node_modules_react-dom_0bruynb._.js:8894:97)
    at workLoopConcurrentByScheduler (http://localhost:3000/_next/static/chunks/node_modules_react-dom_0bruynb._.js:8890:58)
    at renderRootConcurrent (http://localhost:3000/_next/static/chunks/node_modules_react-dom_0bruynb._.js:8873:71)
    at performWorkOnRoot (http://localhost:3000/_next/static/chunks/node_modules_react-dom_0bruynb._.js:8400:150)
    at performWorkOnRootViaSchedulerTask (http://localhost:3000/_next/static/chunks/node_modules_react-dom_0bruynb._.js:9534:9)
    at MessagePort.performWorkUntilDeadline (http://localhost:3000/_next/static/chunks/node_modules_11l9xip._.js:1335:64) @ http://localhost:3000/_next/static/chunks/node_modules_next_dist_0k8zr~w._.js:1945
[   61928ms] [ERROR] Error: You have tried to read "wallets" on a WalletContext without providing one. Make sure to render a WalletProvider as an ancestor of the component that uses WalletContext.
    at logMissingProviderError (http://localhost:3000/_next/static/chunks/node_modules_0e4g8kj._.js:1621:19)
    at Object.get (http://localhost:3000/_next/static/chunks/node_modules_0e4g8kj._.js:1604:9)
    at useWalletMultiButton (http://localhost:3000/_next/static/chunks/node_modules_0e4g8kj._.js:1658:99)
    at BaseWalletMultiButton (http://localhost:3000/_next/static/chunks/node_modules_0e4g8kj._.js:1833:307)
    at Object.react_stack_bottom_frame (http://localhost:3000/_next/static/chunks/node_modules_react-dom_0bruynb._.js:13800:24)
    at renderWithHooksAgain (http://localhost:3000/_next/static/chunks/node_modules_react-dom_0bruynb._.js:4519:24)
    at renderWithHooks (http://localhost:3000/_next/static/chunks/node_modules_react-dom_0bruynb._.js:4470:28)
    at updateFunctionComponent (http://localhost:3000/_next/static/chunks/node_modules_react-dom_0bruynb._.js:5917:21)
    at beginWork (http://localhost:3000/_next/static/chunks/node_modules_react-dom_0bruynb._.js:6498:24)
    at runWithFiberInDEV (http://localhost:3000/_next/static/chunks/node_modules_react-dom_0bruynb._.js:886:74)
    at performUnitOfWork (http://localhost:3000/_next/static/chunks/node_modules_react-dom_0bruynb._.js:8894:97)
    at workLoopConcurrentByScheduler (http://localhost:3000/_next/static/chunks/node_modules_react-dom_0bruynb._.js:8890:58)
    at renderRootConcurrent (http://localhost:3000/_next/static/chunks/node_modules_react-dom_0bruynb._.js:8873:71)
    at performWorkOnRoot (http://localhost:3000/_next/static/chunks/node_modules_react-dom_0bruynb._.js:8400:150)
    at performWorkOnRootViaSchedulerTask (http://localhost:3000/_next/static/chunks/node_modules_react-dom_0bruynb._.js:9534:9)
    at MessagePort.performWorkUntilDeadline (http://localhost:3000/_next/static/chunks/node_modules_11l9xip._.js:1335:64) @ http://localhost:3000/_next/static/chunks/node_modules_next_dist_0k8zr~w._.js:1945
[   62154ms] [ERROR] Error: You have tried to read "publicKey" on a WalletContext without providing one. Make sure to render a WalletProvider as an ancestor of the component that uses WalletContext.
    at logMissingProviderError (http://localhost:3000/_next/static/chunks/node_modules_0e4g8kj._.js:1621:19)
    at Object.get (http://localhost:3000/_next/static/chunks/node_modules_0e4g8kj._.js:1616:9)
    at SolanaConnectWallet (http://localhost:3000/_next/static/chunks/%5Broot-of-the-server%5D__01pr~vt._.js:486:13)
    at Object.react_stack_bottom_frame (http://localhost:3000/_next/static/chunks/node_modules_react-dom_0bruynb._.js:13800:24)
    at renderWithHooks (http://localhost:3000/_next/static/chunks/node_modules_react-dom_0bruynb._.js:4464:24)
    at updateFunctionComponent (http://localhost:3000/_next/static/chunks/node_modules_react-dom_0bruynb._.js:5917:21)
    at beginWork (http://localhost:3000/_next/static/chunks/node_modules_react-dom_0bruynb._.js:6498:24)
    at runWithFiberInDEV (http://localhost:3000/_next/static/chunks/node_modules_react-dom_0bruynb._.js:886:74)
    at performUnitOfWork (http://localhost:3000/_next/static/chunks/node_modules_react-dom_0bruynb._.js:8894:97)
    at workLoopSync (http://localhost:3000/_next/static/chunks/node_modules_react-dom_0bruynb._.js:8788:40)
    at renderRootSync (http://localhost:3000/_next/static/chunks/node_modules_react-dom_0bruynb._.js:8772:13)
    at performWorkOnRoot (http://localhost:3000/_next/static/chunks/node_modules_react-dom_0bruynb._.js:8400:186)
    at performWorkOnRootViaSchedulerTask (http://localhost:3000/_next/static/chunks/node_modules_react-dom_0bruynb._.js:9534:9)
    at MessagePort.performWorkUntilDeadline (http://localhost:3000/_next/static/chunks/node_modules_11l9xip._.js:1335:64) @ http://localhost:3000/_next/static/chunks/node_modules_next_dist_0k8zr~w._.js:1945
[   62154ms] [ERROR] Error: You have tried to read "publicKey" on a WalletContext without providing one. Make sure to render a WalletProvider as an ancestor of the component that uses WalletContext.
    at logMissingProviderError (http://localhost:3000/_next/static/chunks/node_modules_0e4g8kj._.js:1621:19)
    at Object.get (http://localhost:3000/_next/static/chunks/node_modules_0e4g8kj._.js:1616:9)
    at SolanaConnectWallet (http://localhost:3000/_next/static/chunks/%5Broot-of-the-server%5D__01pr~vt._.js:486:13)
    at Object.react_stack_bottom_frame (http://localhost:3000/_next/static/chunks/node_modules_react-dom_0bruynb._.js:13800:24)
    at renderWithHooksAgain (http://localhost:3000/_next/static/chunks/node_modules_react-dom_0bruynb._.js:4519:24)
    at renderWithHooks (http://localhost:3000/_next/static/chunks/node_modules_react-dom_0bruynb._.js:4470:28)
    at updateFunctionComponent (http://localhost:3000/_next/static/chunks/node_modules_react-dom_0bruynb._.js:5917:21)
    at beginWork (http://localhost:3000/_next/static/chunks/node_modules_react-dom_0bruynb._.js:6498:24)
    at runWithFiberInDEV (http://localhost:3000/_next/static/chunks/node_modules_react-dom_0bruynb._.js:886:74)
    at performUnitOfWork (http://localhost:3000/_next/static/chunks/node_modules_react-dom_0bruynb._.js:8894:97)
    at workLoopSync (http://localhost:3000/_next/static/chunks/node_modules_react-dom_0bruynb._.js:8788:40)
    at renderRootSync (http://localhost:3000/_next/static/chunks/node_modules_react-dom_0bruynb._.js:8772:13)
    at performWorkOnRoot (http://localhost:3000/_next/static/chunks/node_modules_react-dom_0bruynb._.js:8400:186)
    at performWorkOnRootViaSchedulerTask (http://localhost:3000/_next/static/chunks/node_modules_react-dom_0bruynb._.js:9534:9)
    at MessagePort.performWorkUntilDeadline (http://localhost:3000/_next/static/chunks/node_modules_11l9xip._.js:1335:64) @ http://localhost:3000/_next/static/chunks/node_modules_next_dist_0k8zr~w._.js:1945
[   62155ms] [ERROR] Error: You have tried to read "publicKey" on a WalletContext without providing one. Make sure to render a WalletProvider as an ancestor of the component that uses WalletContext.
    at logMissingProviderError (http://localhost:3000/_next/static/chunks/node_modules_0e4g8kj._.js:1621:19)
    at Object.get (http://localhost:3000/_next/static/chunks/node_modules_0e4g8kj._.js:1616:9)
    at useWalletMultiButton (http://localhost:3000/_next/static/chunks/node_modules_0e4g8kj._.js:1658:72)
    at BaseWalletMultiButton (http://localhost:3000/_next/static/chunks/node_modules_0e4g8kj._.js:1833:307)
    at Object.react_stack_bottom_frame (http://localhost:3000/_next/static/chunks/node_modules_react-dom_0bruynb._.js:13800:24)
    at renderWithHooks (http://localhost:3000/_next/static/chunks/node_modules_react-dom_0bruynb._.js:4464:24)
    at updateFunctionComponent (http://localhost:3000/_next/static/chunks/node_modules_react-dom_0bruynb._.js:5917:21)
    at beginWork (http://localhost:3000/_next/static/chunks/node_modules_react-dom_0bruynb._.js:6498:24)
    at runWithFiberInDEV (http://localhost:3000/_next/static/chunks/node_modules_react-dom_0bruynb._.js:886:74)
    at performUnitOfWork (http://localhost:3000/_next/static/chunks/node_modules_react-dom_0bruynb._.js:8894:97)
    at workLoopSync (http://localhost:3000/_next/static/chunks/node_modules_react-dom_0bruynb._.js:8788:40)
    at renderRootSync (http://localhost:3000/_next/static/chunks/node_modules_react-dom_0bruynb._.js:8772:13)
    at performWorkOnRoot (http://localhost:3000/_next/static/chunks/node_modules_react-dom_0bruynb._.js:8400:186)
    at performWorkOnRootViaSchedulerTask (http://localhost:3000/_next/static/chunks/node_modules_react-dom_0bruynb._.js:9534:9)
    at MessagePort.performWorkUntilDeadline (http://localhost:3000/_next/static/chunks/node_modules_11l9xip._.js:1335:64) @ http://localhost:3000/_next/static/chunks/node_modules_next_dist_0k8zr~w._.js:1945
[   62155ms] [ERROR] Error: You have tried to read "wallet" on a WalletContext without providing one. Make sure to render a WalletProvider as an ancestor of the component that uses WalletContext.
    at logMissingProviderError (http://localhost:3000/_next/static/chunks/node_modules_0e4g8kj._.js:1621:19)
    at Object.get (http://localhost:3000/_next/static/chunks/node_modules_0e4g8kj._.js:1610:9)
    at useWalletMultiButton (http://localhost:3000/_next/static/chunks/node_modules_0e4g8kj._.js:1658:91)
    at BaseWalletMultiButton (http://localhost:3000/_next/static/chunks/node_modules_0e4g8kj._.js:1833:307)
    at Object.react_stack_bottom_frame (http://localhost:3000/_next/static/chunks/node_modules_react-dom_0bruynb._.js:13800:24)
    at renderWithHooks (http://localhost:3000/_next/static/chunks/node_modules_react-dom_0bruynb._.js:4464:24)
    at updateFunctionComponent (http://localhost:3000/_next/static/chunks/node_modules_react-dom_0bruynb._.js:5917:21)
    at beginWork (http://localhost:3000/_next/static/chunks/node_modules_react-dom_0bruynb._.js:6498:24)
    at runWithFiberInDEV (http://localhost:3000/_next/static/chunks/node_modules_react-dom_0bruynb._.js:886:74)
    at performUnitOfWork (http://localhost:3000/_next/static/chunks/node_modules_react-dom_0bruynb._.js:8894:97)
    at workLoopSync (http://localhost:3000/_next/static/chunks/node_modules_react-dom_0bruynb._.js:8788:40)
    at renderRootSync (http://localhost:3000/_next/static/chunks/node_modules_react-dom_0bruynb._.js:8772:13)
    at performWorkOnRoot (http://localhost:3000/_next/static/chunks/node_modules_react-dom_0bruynb._.js:8400:186)
    at performWorkOnRootViaSchedulerTask (http://localhost:3000/_next/static/chunks/node_modules_react-dom_0bruynb._.js:9534:9)
    at MessagePort.performWorkUntilDeadline (http://localhost:3000/_next/static/chunks/node_modules_11l9xip._.js:1335:64) @ http://localhost:3000/_next/static/chunks/node_modules_next_dist_0k8zr~w._.js:1945
[   62155ms] [ERROR] Error: You have tried to read "wallets" on a WalletContext without providing one. Make sure to render a WalletProvider as an ancestor of the component that uses WalletContext.
    at logMissingProviderError (http://localhost:3000/_next/static/chunks/node_modules_0e4g8kj._.js:1621:19)
    at Object.get (http://localhost:3000/_next/static/chunks/node_modules_0e4g8kj._.js:1604:9)
    at useWalletMultiButton (http://localhost:3000/_next/static/chunks/node_modules_0e4g8kj._.js:1658:99)
    at BaseWalletMultiButton (http://localhost:3000/_next/static/chunks/node_modules_0e4g8kj._.js:1833:307)
    at Object.react_stack_bottom_frame (http://localhost:3000/_next/static/chunks/node_modules_react-dom_0bruynb._.js:13800:24)
    at renderWithHooks (http://localhost:3000/_next/static/chunks/node_modules_react-dom_0bruynb._.js:4464:24)
    at updateFunctionComponent (http://localhost:3000/_next/static/chunks/node_modules_react-dom_0bruynb._.js:5917:21)
    at beginWork (http://localhost:3000/_next/static/chunks/node_modules_react-dom_0bruynb._.js:6498:24)
    at runWithFiberInDEV (http://localhost:3000/_next/static/chunks/node_modules_react-dom_0bruynb._.js:886:74)
    at performUnitOfWork (http://localhost:3000/_next/static/chunks/node_modules_react-dom_0bruynb._.js:8894:97)
    at workLoopSync (http://localhost:3000/_next/static/chunks/node_modules_react-dom_0bruynb._.js:8788:40)
    at renderRootSync (http://localhost:3000/_next/static/chunks/node_modules_react-dom_0bruynb._.js:8772:13)
    at performWorkOnRoot (http://localhost:3000/_next/static/chunks/node_modules_react-dom_0bruynb._.js:8400:186)
    at performWorkOnRootViaSchedulerTask (http://localhost:3000/_next/static/chunks/node_modules_react-dom_0bruynb._.js:9534:9)
    at MessagePort.performWorkUntilDeadline (http://localhost:3000/_next/static/chunks/node_modules_11l9xip._.js:1335:64) @ http://localhost:3000/_next/static/chunks/node_modules_next_dist_0k8zr~w._.js:1945
[   62155ms] [ERROR] Error: You have tried to read "publicKey" on a WalletContext without providing one. Make sure to render a WalletProvider as an ancestor of the component that uses WalletContext.
    at logMissingProviderError (http://localhost:3000/_next/static/chunks/node_modules_0e4g8kj._.js:1621:19)
    at Object.get (http://localhost:3000/_next/static/chunks/node_modules_0e4g8kj._.js:1616:9)
    at useWalletMultiButton (http://localhost:3000/_next/static/chunks/node_modules_0e4g8kj._.js:1658:72)
    at BaseWalletMultiButton (http://localhost:3000/_next/static/chunks/node_modules_0e4g8kj._.js:1833:307)
    at Object.react_stack_bottom_frame (http://localhost:3000/_next/static/chunks/node_modules_react-dom_0bruynb._.js:13800:24)
    at renderWithHooksAgain (http://localhost:3000/_next/static/chunks/node_modules_react-dom_0bruynb._.js:4519:24)
    at renderWithHooks (http://localhost:3000/_next/static/chunks/node_modules_react-dom_0bruynb._.js:4470:28)
    at updateFunctionComponent (http://localhost:3000/_next/static/chunks/node_modules_react-dom_0bruynb._.js:5917:21)
    at beginWork (http://localhost:3000/_next/static/chunks/node_modules_react-dom_0bruynb._.js:6498:24)
    at runWithFiberInDEV (http://localhost:3000/_next/static/chunks/node_modules_react-dom_0bruynb._.js:886:74)
    at performUnitOfWork (http://localhost:3000/_next/static/chunks/node_modules_react-dom_0bruynb._.js:8894:97)
    at workLoopSync (http://localhost:3000/_next/static/chunks/node_modules_react-dom_0bruynb._.js:8788:40)
    at renderRootSync (http://localhost:3000/_next/static/chunks/node_modules_react-dom_0bruynb._.js:8772:13)
    at performWorkOnRoot (http://localhost:3000/_next/static/chunks/node_modules_react-dom_0bruynb._.js:8400:186)
    at performWorkOnRootViaSchedulerTask (http://localhost:3000/_next/static/chunks/node_modules_react-dom_0bruynb._.js:9534:9)
    at MessagePort.performWorkUntilDeadline (http://localhost:3000/_next/static/chunks/node_modules_11l9xip._.js:1335:64) @ http://localhost:3000/_next/static/chunks/node_modules_next_dist_0k8zr~w._.js:1945
[   62155ms] [ERROR] Error: You have tried to read "wallet" on a WalletContext without providing one. Make sure to render a WalletProvider as an ancestor of the component that uses WalletContext.
    at logMissingProviderError (http://localhost:3000/_next/static/chunks/node_modules_0e4g8kj._.js:1621:19)
    at Object.get (http://localhost:3000/_next/static/chunks/node_modules_0e4g8kj._.js:1610:9)
    at useWalletMultiButton (http://localhost:3000/_next/static/chunks/node_modules_0e4g8kj._.js:1658:91)
    at BaseWalletMultiButton (http://localhost:3000/_next/static/chunks/node_modules_0e4g8kj._.js:1833:307)
    at Object.react_stack_bottom_frame (http://localhost:3000/_next/static/chunks/node_modules_react-dom_0bruynb._.js:13800:24)
    at renderWithHooksAgain (http://localhost:3000/_next/static/chunks/node_modules_react-dom_0bruynb._.js:4519:24)
    at renderWithHooks (http://localhost:3000/_next/static/chunks/node_modules_react-dom_0bruynb._.js:4470:28)
    at updateFunctionComponent (http://localhost:3000/_next/static/chunks/node_modules_react-dom_0bruynb._.js:5917:21)
    at beginWork (http://localhost:3000/_next/static/chunks/node_modules_react-dom_0bruynb._.js:6498:24)
    at runWithFiberInDEV (http://localhost:3000/_next/static/chunks/node_modules_react-dom_0bruynb._.js:886:74)
    at performUnitOfWork (http://localhost:3000/_next/static/chunks/node_modules_react-dom_0bruynb._.js:8894:97)
    at workLoopSync (http://localhost:3000/_next/static/chunks/node_modules_react-dom_0bruynb._.js:8788:40)
    at renderRootSync (http://localhost:3000/_next/static/chunks/node_modules_react-dom_0bruynb._.js:8772:13)
    at performWorkOnRoot (http://localhost:3000/_next/static/chunks/node_modules_react-dom_0bruynb._.js:8400:186)
    at performWorkOnRootViaSchedulerTask (http://localhost:3000/_next/static/chunks/node_modules_react-dom_0bruynb._.js:9534:9)
    at MessagePort.performWorkUntilDeadline (http://localhost:3000/_next/static/chunks/node_modules_11l9xip._.js:1335:64) @ http://localhost:3000/_next/static/chunks/node_modules_next_dist_0k8zr~w._.js:1945
[   62156ms] [ERROR] Error: You have tried to read "wallets" on a WalletContext without providing one. Make sure to render a WalletProvider as an ancestor of the component that uses WalletContext.
    at logMissingProviderError (http://localhost:3000/_next/static/chunks/node_modules_0e4g8kj._.js:1621:19)
    at Object.get (http://localhost:3000/_next/static/chunks/node_modules_0e4g8kj._.js:1604:9)
    at useWalletMultiButton (http://localhost:3000/_next/static/chunks/node_modules_0e4g8kj._.js:1658:99)
    at BaseWalletMultiButton (http://localhost:3000/_next/static/chunks/node_modules_0e4g8kj._.js:1833:307)
    at Object.react_stack_bottom_frame (http://localhost:3000/_next/static/chunks/node_modules_react-dom_0bruynb._.js:13800:24)
    at renderWithHooksAgain (http://localhost:3000/_next/static/chunks/node_modules_react-dom_0bruynb._.js:4519:24)
    at renderWithHooks (http://localhost:3000/_next/static/chunks/node_modules_react-dom_0bruynb._.js:4470:28)
    at updateFunctionComponent (http://localhost:3000/_next/static/chunks/node_modules_react-dom_0bruynb._.js:5917:21)
    at beginWork (http://localhost:3000/_next/static/chunks/node_modules_react-dom_0bruynb._.js:6498:24)
    at runWithFiberInDEV (http://localhost:3000/_next/static/chunks/node_modules_react-dom_0bruynb._.js:886:74)
    at performUnitOfWork (http://localhost:3000/_next/static/chunks/node_modules_react-dom_0bruynb._.js:8894:97)
    at workLoopSync (http://localhost:3000/_next/static/chunks/node_modules_react-dom_0bruynb._.js:8788:40)
    at renderRootSync (http://localhost:3000/_next/static/chunks/node_modules_react-dom_0bruynb._.js:8772:13)
    at performWorkOnRoot (http://localhost:3000/_next/static/chunks/node_modules_react-dom_0bruynb._.js:8400:186)
    at performWorkOnRootViaSchedulerTask (http://localhost:3000/_next/static/chunks/node_modules_react-dom_0bruynb._.js:9534:9)
    at MessagePort.performWorkUntilDeadline (http://localhost:3000/_next/static/chunks/node_modules_11l9xip._.js:1335:64) @ http://localhost:3000/_next/static/chunks/node_modules_next_dist_0k8zr~w._.js:1945
[   63301ms] [ERROR] Error: You have tried to read "publicKey" on a WalletContext without providing one. Make sure to render a WalletProvider as an ancestor of the component that uses WalletContext.
    at logMissingProviderError (http://localhost:3000/_next/static/chunks/node_modules_0e4g8kj._.js:1621:19)
    at Object.get (http://localhost:3000/_next/static/chunks/node_modules_0e4g8kj._.js:1616:9)
    at ExplorerHome (http://localhost:3000/_next/static/chunks/%5Broot-of-the-server%5D__13abmsj._.js:2109:13)
    at Object.react_stack_bottom_frame (http://localhost:3000/_next/static/chunks/node_modules_react-dom_0bruynb._.js:13800:24)
    at renderWithHooks (http://localhost:3000/_next/static/chunks/node_modules_react-dom_0bruynb._.js:4464:24)
    at updateFunctionComponent (http://localhost:3000/_next/static/chunks/node_modules_react-dom_0bruynb._.js:5917:21)
    at beginWork (http://localhost:3000/_next/static/chunks/node_modules_react-dom_0bruynb._.js:6498:24)
    at runWithFiberInDEV (http://localhost:3000/_next/static/chunks/node_modules_react-dom_0bruynb._.js:886:74)
    at performUnitOfWork (http://localhost:3000/_next/static/chunks/node_modules_react-dom_0bruynb._.js:8894:97)
    at workLoopConcurrentByScheduler (http://localhost:3000/_next/static/chunks/node_modules_react-dom_0bruynb._.js:8890:58)
    at renderRootConcurrent (http://localhost:3000/_next/static/chunks/node_modules_react-dom_0bruynb._.js:8873:71)
    at performWorkOnRoot (http://localhost:3000/_next/static/chunks/node_modules_react-dom_0bruynb._.js:8400:150)
    at performWorkOnRootViaSchedulerTask (http://localhost:3000/_next/static/chunks/node_modules_react-dom_0bruynb._.js:9534:9)
    at MessagePort.performWorkUntilDeadline (http://localhost:3000/_next/static/chunks/node_modules_11l9xip._.js:1335:64) @ http://localhost:3000/_next/static/chunks/node_modules_next_dist_0k8zr~w._.js:1945
[   63302ms] [ERROR] Error: You have tried to read "publicKey" on a WalletContext without providing one. Make sure to render a WalletProvider as an ancestor of the component that uses WalletContext.
    at logMissingProviderError (http://localhost:3000/_next/static/chunks/node_modules_0e4g8kj._.js:1621:19)
    at Object.get (http://localhost:3000/_next/static/chunks/node_modules_0e4g8kj._.js:1616:9)
    at ExplorerHome (http://localhost:3000/_next/static/chunks/%5Broot-of-the-server%5D__13abmsj._.js:2109:13)
    at Object.react_stack_bottom_frame (http://localhost:3000/_next/static/chunks/node_modules_react-dom_0bruynb._.js:13800:24)
    at renderWithHooksAgain (http://localhost:3000/_next/static/chunks/node_modules_react-dom_0bruynb._.js:4519:24)
    at renderWithHooks (http://localhost:3000/_next/static/chunks/node_modules_react-dom_0bruynb._.js:4470:28)
    at updateFunctionComponent (http://localhost:3000/_next/static/chunks/node_modules_react-dom_0bruynb._.js:5917:21)
    at beginWork (http://localhost:3000/_next/static/chunks/node_modules_react-dom_0bruynb._.js:6498:24)
    at runWithFiberInDEV (http://localhost:3000/_next/static/chunks/node_modules_react-dom_0bruynb._.js:886:74)
    at performUnitOfWork (http://localhost:3000/_next/static/chunks/node_modules_react-dom_0bruynb._.js:8894:97)
    at workLoopConcurrentByScheduler (http://localhost:3000/_next/static/chunks/node_modules_react-dom_0bruynb._.js:8890:58)
    at renderRootConcurrent (http://localhost:3000/_next/static/chunks/node_modules_react-dom_0bruynb._.js:8873:71)
    at performWorkOnRoot (http://localhost:3000/_next/static/chunks/node_modules_react-dom_0bruynb._.js:8400:150)
    at performWorkOnRootViaSchedulerTask (http://localhost:3000/_next/static/chunks/node_modules_react-dom_0bruynb._.js:9534:9)
    at MessagePort.performWorkUntilDeadline (http://localhost:3000/_next/static/chunks/node_modules_11l9xip._.js:1335:64) @ http://localhost:3000/_next/static/chunks/node_modules_next_dist_0k8zr~w._.js:1945
[   63304ms] [ERROR] Error: You have tried to read "publicKey" on a WalletContext without providing one. Make sure to render a WalletProvider as an ancestor of the component that uses WalletContext.
    at logMissingProviderError (http://localhost:3000/_next/static/chunks/node_modules_0e4g8kj._.js:1621:19)
    at Object.get (http://localhost:3000/_next/static/chunks/node_modules_0e4g8kj._.js:1616:9)
    at SolanaConnectWallet (http://localhost:3000/_next/static/chunks/%5Broot-of-the-server%5D__01pr~vt._.js:486:13)
    at Object.react_stack_bottom_frame (http://localhost:3000/_next/static/chunks/node_modules_react-dom_0bruynb._.js:13800:24)
    at renderWithHooks (http://localhost:3000/_next/static/chunks/node_modules_react-dom_0bruynb._.js:4464:24)
    at updateFunctionComponent (http://localhost:3000/_next/static/chunks/node_modules_react-dom_0bruynb._.js:5917:21)
    at beginWork (http://localhost:3000/_next/static/chunks/node_modules_react-dom_0bruynb._.js:6498:24)
    at runWithFiberInDEV (http://localhost:3000/_next/static/chunks/node_modules_react-dom_0bruynb._.js:886:74)
    at performUnitOfWork (http://localhost:3000/_next/static/chunks/node_modules_react-dom_0bruynb._.js:8894:97)
    at workLoopConcurrentByScheduler (http://localhost:3000/_next/static/chunks/node_modules_react-dom_0bruynb._.js:8890:58)
    at renderRootConcurrent (http://localhost:3000/_next/static/chunks/node_modules_react-dom_0bruynb._.js:8873:71)
    at performWorkOnRoot (http://localhost:3000/_next/static/chunks/node_modules_react-dom_0bruynb._.js:8400:150)
    at performWorkOnRootViaSchedulerTask (http://localhost:3000/_next/static/chunks/node_modules_react-dom_0bruynb._.js:9534:9)
    at MessagePort.performWorkUntilDeadline (http://localhost:3000/_next/static/chunks/node_modules_11l9xip._.js:1335:64) @ http://localhost:3000/_next/static/chunks/node_modules_next_dist_0k8zr~w._.js:1945
[   63304ms] [ERROR] Error: You have tried to read "publicKey" on a WalletContext without providing one. Make sure to render a WalletProvider as an ancestor of the component that uses WalletContext.
    at logMissingProviderError (http://localhost:3000/_next/static/chunks/node_modules_0e4g8kj._.js:1621:19)
    at Object.get (http://localhost:3000/_next/static/chunks/node_modules_0e4g8kj._.js:1616:9)
    at SolanaConnectWallet (http://localhost:3000/_next/static/chunks/%5Broot-of-the-server%5D__01pr~vt._.js:486:13)
    at Object.react_stack_bottom_frame (http://localhost:3000/_next/static/chunks/node_modules_react-dom_0bruynb._.js:13800:24)
    at renderWithHooksAgain (http://localhost:3000/_next/static/chunks/node_modules_react-dom_0bruynb._.js:4519:24)
    at renderWithHooks (http://localhost:3000/_next/static/chunks/node_modules_react-dom_0bruynb._.js:4470:28)
    at updateFunctionComponent (http://localhost:3000/_next/static/chunks/node_modules_react-dom_0bruynb._.js:5917:21)
    at beginWork (http://localhost:3000/_next/static/chunks/node_modules_react-dom_0bruynb._.js:6498:24)
    at runWithFiberInDEV (http://localhost:3000/_next/static/chunks/node_modules_react-dom_0bruynb._.js:886:74)
    at performUnitOfWork (http://localhost:3000/_next/static/chunks/node_modules_react-dom_0bruynb._.js:8894:97)
    at workLoopConcurrentByScheduler (http://localhost:3000/_next/static/chunks/node_modules_react-dom_0bruynb._.js:8890:58)
    at renderRootConcurrent (http://localhost:3000/_next/static/chunks/node_modules_react-dom_0bruynb._.js:8873:71)
    at performWorkOnRoot (http://localhost:3000/_next/static/chunks/node_modules_react-dom_0bruynb._.js:8400:150)
    at performWorkOnRootViaSchedulerTask (http://localhost:3000/_next/static/chunks/node_modules_react-dom_0bruynb._.js:9534:9)
    at MessagePort.performWorkUntilDeadline (http://localhost:3000/_next/static/chunks/node_modules_11l9xip._.js:1335:64) @ http://localhost:3000/_next/static/chunks/node_modules_next_dist_0k8zr~w._.js:1945
[   63304ms] [ERROR] Error: You have tried to read "publicKey" on a WalletContext without providing one. Make sure to render a WalletProvider as an ancestor of the component that uses WalletContext.
    at logMissingProviderError (http://localhost:3000/_next/static/chunks/node_modules_0e4g8kj._.js:1621:19)
    at Object.get (http://localhost:3000/_next/static/chunks/node_modules_0e4g8kj._.js:1616:9)
    at useWalletMultiButton (http://localhost:3000/_next/static/chunks/node_modules_0e4g8kj._.js:1658:72)
    at BaseWalletMultiButton (http://localhost:3000/_next/static/chunks/node_modules_0e4g8kj._.js:1833:307)
    at Object.react_stack_bottom_frame (http://localhost:3000/_next/static/chunks/node_modules_react-dom_0bruynb._.js:13800:24)
    at renderWithHooks (http://localhost:3000/_next/static/chunks/node_modules_react-dom_0bruynb._.js:4464:24)
    at updateFunctionComponent (http://localhost:3000/_next/static/chunks/node_modules_react-dom_0bruynb._.js:5917:21)
    at beginWork (http://localhost:3000/_next/static/chunks/node_modules_react-dom_0bruynb._.js:6498:24)
    at runWithFiberInDEV (http://localhost:3000/_next/static/chunks/node_modules_react-dom_0bruynb._.js:886:74)
    at performUnitOfWork (http://localhost:3000/_next/static/chunks/node_modules_react-dom_0bruynb._.js:8894:97)
    at workLoopConcurrentByScheduler (http://localhost:3000/_next/static/chunks/node_modules_react-dom_0bruynb._.js:8890:58)
    at renderRootConcurrent (http://localhost:3000/_next/static/chunks/node_modules_react-dom_0bruynb._.js:8873:71)
    at performWorkOnRoot (http://localhost:3000/_next/static/chunks/node_modules_react-dom_0bruynb._.js:8400:150)
    at performWorkOnRootViaSchedulerTask (http://localhost:3000/_next/static/chunks/node_modules_react-dom_0bruynb._.js:9534:9)
    at MessagePort.performWorkUntilDeadline (http://localhost:3000/_next/static/chunks/node_modules_11l9xip._.js:1335:64) @ http://localhost:3000/_next/static/chunks/node_modules_next_dist_0k8zr~w._.js:1945
[   63304ms] [ERROR] Error: You have tried to read "wallet" on a WalletContext without providing one. Make sure to render a WalletProvider as an ancestor of the component that uses WalletContext.
    at logMissingProviderError (http://localhost:3000/_next/static/chunks/node_modules_0e4g8kj._.js:1621:19)
    at Object.get (http://localhost:3000/_next/static/chunks/node_modules_0e4g8kj._.js:1610:9)
    at useWalletMultiButton (http://localhost:3000/_next/static/chunks/node_modules_0e4g8kj._.js:1658:91)
    at BaseWalletMultiButton (http://localhost:3000/_next/static/chunks/node_modules_0e4g8kj._.js:1833:307)
    at Object.react_stack_bottom_frame (http://localhost:3000/_next/static/chunks/node_modules_react-dom_0bruynb._.js:13800:24)
    at renderWithHooks (http://localhost:3000/_next/static/chunks/node_modules_react-dom_0bruynb._.js:4464:24)
    at updateFunctionComponent (http://localhost:3000/_next/static/chunks/node_modules_react-dom_0bruynb._.js:5917:21)
    at beginWork (http://localhost:3000/_next/static/chunks/node_modules_react-dom_0bruynb._.js:6498:24)
    at runWithFiberInDEV (http://localhost:3000/_next/static/chunks/node_modules_react-dom_0bruynb._.js:886:74)
    at performUnitOfWork (http://localhost:3000/_next/static/chunks/node_modules_react-dom_0bruynb._.js:8894:97)
    at workLoopConcurrentByScheduler (http://localhost:3000/_next/static/chunks/node_modules_react-dom_0bruynb._.js:8890:58)
    at renderRootConcurrent (http://localhost:3000/_next/static/chunks/node_modules_react-dom_0bruynb._.js:8873:71)
    at performWorkOnRoot (http://localhost:3000/_next/static/chunks/node_modules_react-dom_0bruynb._.js:8400:150)
    at performWorkOnRootViaSchedulerTask (http://localhost:3000/_next/static/chunks/node_modules_react-dom_0bruynb._.js:9534:9)
    at MessagePort.performWorkUntilDeadline (http://localhost:3000/_next/static/chunks/node_modules_11l9xip._.js:1335:64) @ http://localhost:3000/_next/static/chunks/node_modules_next_dist_0k8zr~w._.js:1945
[   63304ms] [ERROR] Error: You have tried to read "wallets" on a WalletContext without providing one. Make sure to render a WalletProvider as an ancestor of the component that uses WalletContext.
    at logMissingProviderError (http://localhost:3000/_next/static/chunks/node_modules_0e4g8kj._.js:1621:19)
    at Object.get (http://localhost:3000/_next/static/chunks/node_modules_0e4g8kj._.js:1604:9)
    at useWalletMultiButton (http://localhost:3000/_next/static/chunks/node_modules_0e4g8kj._.js:1658:99)
    at BaseWalletMultiButton (http://localhost:3000/_next/static/chunks/node_modules_0e4g8kj._.js:1833:307)
    at Object.react_stack_bottom_frame (http://localhost:3000/_next/static/chunks/node_modules_react-dom_0bruynb._.js:13800:24)
    at renderWithHooks (http://localhost:3000/_next/static/chunks/node_modules_react-dom_0bruynb._.js:4464:24)
    at updateFunctionComponent (http://localhost:3000/_next/static/chunks/node_modules_react-dom_0bruynb._.js:5917:21)
    at beginWork (http://localhost:3000/_next/static/chunks/node_modules_react-dom_0bruynb._.js:6498:24)
    at runWithFiberInDEV (http://localhost:3000/_next/static/chunks/node_modules_react-dom_0bruynb._.js:886:74)
    at performUnitOfWork (http://localhost:3000/_next/static/chunks/node_modules_react-dom_0bruynb._.js:8894:97)
    at workLoopConcurrentByScheduler (http://localhost:3000/_next/static/chunks/node_modules_react-dom_0bruynb._.js:8890:58)
    at renderRootConcurrent (http://localhost:3000/_next/static/chunks/node_modules_react-dom_0bruynb._.js:8873:71)
    at performWorkOnRoot (http://localhost:3000/_next/static/chunks/node_modules_react-dom_0bruynb._.js:8400:150)
    at performWorkOnRootViaSchedulerTask (http://localhost:3000/_next/static/chunks/node_modules_react-dom_0bruynb._.js:9534:9)
    at MessagePort.performWorkUntilDeadline (http://localhost:3000/_next/static/chunks/node_modules_11l9xip._.js:1335:64) @ http://localhost:3000/_next/static/chunks/node_modules_next_dist_0k8zr~w._.js:1945
[   63304ms] [ERROR] Error: You have tried to read "publicKey" on a WalletContext without providing one. Make sure to render a WalletProvider as an ancestor of the component that uses WalletContext.
    at logMissingProviderError (http://localhost:3000/_next/static/chunks/node_modules_0e4g8kj._.js:1621:19)
    at Object.get (http://localhost:3000/_next/static/chunks/node_modules_0e4g8kj._.js:1616:9)
    at useWalletMultiButton (http://localhost:3000/_next/static/chunks/node_modules_0e4g8kj._.js:1658:72)
    at BaseWalletMultiButton (http://localhost:3000/_next/static/chunks/node_modules_0e4g8kj._.js:1833:307)
    at Object.react_stack_bottom_frame (http://localhost:3000/_next/static/chunks/node_modules_react-dom_0bruynb._.js:13800:24)
    at renderWithHooksAgain (http://localhost:3000/_next/static/chunks/node_modules_react-dom_0bruynb._.js:4519:24)
    at renderWithHooks (http://localhost:3000/_next/static/chunks/node_modules_react-dom_0bruynb._.js:4470:28)
    at updateFunctionComponent (http://localhost:3000/_next/static/chunks/node_modules_react-dom_0bruynb._.js:5917:21)
    at beginWork (http://localhost:3000/_next/static/chunks/node_modules_react-dom_0bruynb._.js:6498:24)
    at runWithFiberInDEV (http://localhost:3000/_next/static/chunks/node_modules_react-dom_0bruynb._.js:886:74)
    at performUnitOfWork (http://localhost:3000/_next/static/chunks/node_modules_react-dom_0bruynb._.js:8894:97)
    at workLoopConcurrentByScheduler (http://localhost:3000/_next/static/chunks/node_modules_react-dom_0bruynb._.js:8890:58)
    at renderRootConcurrent (http://localhost:3000/_next/static/chunks/node_modules_react-dom_0bruynb._.js:8873:71)
    at performWorkOnRoot (http://localhost:3000/_next/static/chunks/node_modules_react-dom_0bruynb._.js:8400:150)
    at performWorkOnRootViaSchedulerTask (http://localhost:3000/_next/static/chunks/node_modules_react-dom_0bruynb._.js:9534:9)
    at MessagePort.performWorkUntilDeadline (http://localhost:3000/_next/static/chunks/node_modules_11l9xip._.js:1335:64) @ http://localhost:3000/_next/static/chunks/node_modules_next_dist_0k8zr~w._.js:1945
[   63304ms] [ERROR] Error: You have tried to read "wallet" on a WalletContext without providing one. Make sure to render a WalletProvider as an ancestor of the component that uses WalletContext.
    at logMissingProviderError (http://localhost:3000/_next/static/chunks/node_modules_0e4g8kj._.js:1621:19)
    at Object.get (http://localhost:3000/_next/static/chunks/node_modules_0e4g8kj._.js:1610:9)
    at useWalletMultiButton (http://localhost:3000/_next/static/chunks/node_modules_0e4g8kj._.js:1658:91)
    at BaseWalletMultiButton (http://localhost:3000/_next/static/chunks/node_modules_0e4g8kj._.js:1833:307)
    at Object.react_stack_bottom_frame (http://localhost:3000/_next/static/chunks/node_modules_react-dom_0bruynb._.js:13800:24)
    at renderWithHooksAgain (http://localhost:3000/_next/static/chunks/node_modules_react-dom_0bruynb._.js:4519:24)
    at renderWithHooks (http://localhost:3000/_next/static/chunks/node_modules_react-dom_0bruynb._.js:4470:28)
    at updateFunctionComponent (http://localhost:3000/_next/static/chunks/node_modules_react-dom_0bruynb._.js:5917:21)
    at beginWork (http://localhost:3000/_next/static/chunks/node_modules_react-dom_0bruynb._.js:6498:24)
    at runWithFiberInDEV (http://localhost:3000/_next/static/chunks/node_modules_react-dom_0bruynb._.js:886:74)
    at performUnitOfWork (http://localhost:3000/_next/static/chunks/node_modules_react-dom_0bruynb._.js:8894:97)
    at workLoopConcurrentByScheduler (http://localhost:3000/_next/static/chunks/node_modules_react-dom_0bruynb._.js:8890:58)
    at renderRootConcurrent (http://localhost:3000/_next/static/chunks/node_modules_react-dom_0bruynb._.js:8873:71)
    at performWorkOnRoot (http://localhost:3000/_next/static/chunks/node_modules_react-dom_0bruynb._.js:8400:150)
    at performWorkOnRootViaSchedulerTask (http://localhost:3000/_next/static/chunks/node_modules_react-dom_0bruynb._.js:9534:9)
    at MessagePort.performWorkUntilDeadline (http://localhost:3000/_next/static/chunks/node_modules_11l9xip._.js:1335:64) @ http://localhost:3000/_next/static/chunks/node_modules_next_dist_0k8zr~w._.js:1945
[   63304ms] [ERROR] Error: You have tried to read "wallets" on a WalletContext without providing one. Make sure to render a WalletProvider as an ancestor of the component that uses WalletContext.
    at logMissingProviderError (http://localhost:3000/_next/static/chunks/node_modules_0e4g8kj._.js:1621:19)
    at Object.get (http://localhost:3000/_next/static/chunks/node_modules_0e4g8kj._.js:1604:9)
    at useWalletMultiButton (http://localhost:3000/_next/static/chunks/node_modules_0e4g8kj._.js:1658:99)
    at BaseWalletMultiButton (http://localhost:3000/_next/static/chunks/node_modules_0e4g8kj._.js:1833:307)
    at Object.react_stack_bottom_frame (http://localhost:3000/_next/static/chunks/node_modules_react-dom_0bruynb._.js:13800:24)
    at renderWithHooksAgain (http://localhost:3000/_next/static/chunks/node_modules_react-dom_0bruynb._.js:4519:24)
    at renderWithHooks (http://localhost:3000/_next/static/chunks/node_modules_react-dom_0bruynb._.js:4470:28)
    at updateFunctionComponent (http://localhost:3000/_next/static/chunks/node_modules_react-dom_0bruynb._.js:5917:21)
    at beginWork (http://localhost:3000/_next/static/chunks/node_modules_react-dom_0bruynb._.js:6498:24)
    at runWithFiberInDEV (http://localhost:3000/_next/static/chunks/node_modules_react-dom_0bruynb._.js:886:74)
    at performUnitOfWork (http://localhost:3000/_next/static/chunks/node_modules_react-dom_0bruynb._.js:8894:97)
    at workLoopConcurrentByScheduler (http://localhost:3000/_next/static/chunks/node_modules_react-dom_0bruynb._.js:8890:58)
    at renderRootConcurrent (http://localhost:3000/_next/static/chunks/node_modules_react-dom_0bruynb._.js:8873:71)
    at performWorkOnRoot (http://localhost:3000/_next/static/chunks/node_modules_react-dom_0bruynb._.js:8400:150)
    at performWorkOnRootViaSchedulerTask (http://localhost:3000/_next/static/chunks/node_modules_react-dom_0bruynb._.js:9534:9)
    at MessagePort.performWorkUntilDeadline (http://localhost:3000/_next/static/chunks/node_modules_11l9xip._.js:1335:64) @ http://localhost:3000/_next/static/chunks/node_modules_next_dist_0k8zr~w._.js:1945
[   64084ms] [ERROR] Error: You have tried to read "publicKey" on a WalletContext without providing one. Make sure to render a WalletProvider as an ancestor of the component that uses WalletContext.
    at logMissingProviderError (http://localhost:3000/_next/static/chunks/node_modules_0e4g8kj._.js:1621:19)
    at Object.get (http://localhost:3000/_next/static/chunks/node_modules_0e4g8kj._.js:1616:9)
    at SolanaConnectWallet (http://localhost:3000/_next/static/chunks/%5Broot-of-the-server%5D__01pr~vt._.js:486:13)
    at Object.react_stack_bottom_frame (http://localhost:3000/_next/static/chunks/node_modules_react-dom_0bruynb._.js:13800:24)
    at renderWithHooks (http://localhost:3000/_next/static/chunks/node_modules_react-dom_0bruynb._.js:4464:24)
    at updateFunctionComponent (http://localhost:3000/_next/static/chunks/node_modules_react-dom_0bruynb._.js:5917:21)
    at beginWork (http://localhost:3000/_next/static/chunks/node_modules_react-dom_0bruynb._.js:6498:24)
    at runWithFiberInDEV (http://localhost:3000/_next/static/chunks/node_modules_react-dom_0bruynb._.js:886:74)
    at performUnitOfWork (http://localhost:3000/_next/static/chunks/node_modules_react-dom_0bruynb._.js:8894:97)
    at workLoopConcurrentByScheduler (http://localhost:3000/_next/static/chunks/node_modules_react-dom_0bruynb._.js:8890:58)
    at renderRootConcurrent (http://localhost:3000/_next/static/chunks/node_modules_react-dom_0bruynb._.js:8873:71)
    at performWorkOnRoot (http://localhost:3000/_next/static/chunks/node_modules_react-dom_0bruynb._.js:8400:150)
    at performWorkOnRootViaSchedulerTask (http://localhost:3000/_next/static/chunks/node_modules_react-dom_0bruynb._.js:9534:9)
    at MessagePort.performWorkUntilDeadline (http://localhost:3000/_next/static/chunks/node_modules_11l9xip._.js:1335:64) @ http://localhost:3000/_next/static/chunks/node_modules_next_dist_0k8zr~w._.js:1945
[   64084ms] [ERROR] Error: You have tried to read "publicKey" on a WalletContext without providing one. Make sure to render a WalletProvider as an ancestor of the component that uses WalletContext.
    at logMissingProviderError (http://localhost:3000/_next/static/chunks/node_modules_0e4g8kj._.js:1621:19)
    at Object.get (http://localhost:3000/_next/static/chunks/node_modules_0e4g8kj._.js:1616:9)
    at SolanaConnectWallet (http://localhost:3000/_next/static/chunks/%5Broot-of-the-server%5D__01pr~vt._.js:486:13)
    at Object.react_stack_bottom_frame (http://localhost:3000/_next/static/chunks/node_modules_react-dom_0bruynb._.js:13800:24)
    at renderWithHooksAgain (http://localhost:3000/_next/static/chunks/node_modules_react-dom_0bruynb._.js:4519:24)
    at renderWithHooks (http://localhost:3000/_next/static/chunks/node_modules_react-dom_0bruynb._.js:4470:28)
    at updateFunctionComponent (http://localhost:3000/_next/static/chunks/node_modules_react-dom_0bruynb._.js:5917:21)
    at beginWork (http://localhost:3000/_next/static/chunks/node_modules_react-dom_0bruynb._.js:6498:24)
    at runWithFiberInDEV (http://localhost:3000/_next/static/chunks/node_modules_react-dom_0bruynb._.js:886:74)
    at performUnitOfWork (http://localhost:3000/_next/static/chunks/node_modules_react-dom_0bruynb._.js:8894:97)
    at workLoopConcurrentByScheduler (http://localhost:3000/_next/static/chunks/node_modules_react-dom_0bruynb._.js:8890:58)
    at renderRootConcurrent (http://localhost:3000/_next/static/chunks/node_modules_react-dom_0bruynb._.js:8873:71)
    at performWorkOnRoot (http://localhost:3000/_next/static/chunks/node_modules_react-dom_0bruynb._.js:8400:150)
    at performWorkOnRootViaSchedulerTask (http://localhost:3000/_next/static/chunks/node_modules_react-dom_0bruynb._.js:9534:9)
    at MessagePort.performWorkUntilDeadline (http://localhost:3000/_next/static/chunks/node_modules_11l9xip._.js:1335:64) @ http://localhost:3000/_next/static/chunks/node_modules_next_dist_0k8zr~w._.js:1945
[   64084ms] [ERROR] Error: You have tried to read "publicKey" on a WalletContext without providing one. Make sure to render a WalletProvider as an ancestor of the component that uses WalletContext.
    at logMissingProviderError (http://localhost:3000/_next/static/chunks/node_modules_0e4g8kj._.js:1621:19)
    at Object.get (http://localhost:3000/_next/static/chunks/node_modules_0e4g8kj._.js:1616:9)
    at useWalletMultiButton (http://localhost:3000/_next/static/chunks/node_modules_0e4g8kj._.js:1658:72)
    at BaseWalletMultiButton (http://localhost:3000/_next/static/chunks/node_modules_0e4g8kj._.js:1833:307)
    at Object.react_stack_bottom_frame (http://localhost:3000/_next/static/chunks/node_modules_react-dom_0bruynb._.js:13800:24)
    at renderWithHooks (http://localhost:3000/_next/static/chunks/node_modules_react-dom_0bruynb._.js:4464:24)
    at updateFunctionComponent (http://localhost:3000/_next/static/chunks/node_modules_react-dom_0bruynb._.js:5917:21)
    at beginWork (http://localhost:3000/_next/static/chunks/node_modules_react-dom_0bruynb._.js:6498:24)
    at runWithFiberInDEV (http://localhost:3000/_next/static/chunks/node_modules_react-dom_0bruynb._.js:886:74)
    at performUnitOfWork (http://localhost:3000/_next/static/chunks/node_modules_react-dom_0bruynb._.js:8894:97)
    at workLoopConcurrentByScheduler (http://localhost:3000/_next/static/chunks/node_modules_react-dom_0bruynb._.js:8890:58)
    at renderRootConcurrent (http://localhost:3000/_next/static/chunks/node_modules_react-dom_0bruynb._.js:8873:71)
    at performWorkOnRoot (http://localhost:3000/_next/static/chunks/node_modules_react-dom_0bruynb._.js:8400:150)
    at performWorkOnRootViaSchedulerTask (http://localhost:3000/_next/static/chunks/node_modules_react-dom_0bruynb._.js:9534:9)
    at MessagePort.performWorkUntilDeadline (http://localhost:3000/_next/static/chunks/node_modules_11l9xip._.js:1335:64) @ http://localhost:3000/_next/static/chunks/node_modules_next_dist_0k8zr~w._.js:1945
[   64085ms] [ERROR] Error: You have tried to read "wallet" on a WalletContext without providing one. Make sure to render a WalletProvider as an ancestor of the component that uses WalletContext.
    at logMissingProviderError (http://localhost:3000/_next/static/chunks/node_modules_0e4g8kj._.js:1621:19)
    at Object.get (http://localhost:3000/_next/static/chunks/node_modules_0e4g8kj._.js:1610:9)
    at useWalletMultiButton (http://localhost:3000/_next/static/chunks/node_modules_0e4g8kj._.js:1658:91)
    at BaseWalletMultiButton (http://localhost:3000/_next/static/chunks/node_modules_0e4g8kj._.js:1833:307)
    at Object.react_stack_bottom_frame (http://localhost:3000/_next/static/chunks/node_modules_react-dom_0bruynb._.js:13800:24)
    at renderWithHooks (http://localhost:3000/_next/static/chunks/node_modules_react-dom_0bruynb._.js:4464:24)
    at updateFunctionComponent (http://localhost:3000/_next/static/chunks/node_modules_react-dom_0bruynb._.js:5917:21)
    at beginWork (http://localhost:3000/_next/static/chunks/node_modules_react-dom_0bruynb._.js:6498:24)
    at runWithFiberInDEV (http://localhost:3000/_next/static/chunks/node_modules_react-dom_0bruynb._.js:886:74)
    at performUnitOfWork (http://localhost:3000/_next/static/chunks/node_modules_react-dom_0bruynb._.js:8894:97)
    at workLoopConcurrentByScheduler (http://localhost:3000/_next/static/chunks/node_modules_react-dom_0bruynb._.js:8890:58)
    at renderRootConcurrent (http://localhost:3000/_next/static/chunks/node_modules_react-dom_0bruynb._.js:8873:71)
    at performWorkOnRoot (http://localhost:3000/_next/static/chunks/node_modules_react-dom_0bruynb._.js:8400:150)
    at performWorkOnRootViaSchedulerTask (http://localhost:3000/_next/static/chunks/node_modules_react-dom_0bruynb._.js:9534:9)
    at MessagePort.performWorkUntilDeadline (http://localhost:3000/_next/static/chunks/node_modules_11l9xip._.js:1335:64) @ http://localhost:3000/_next/static/chunks/node_modules_next_dist_0k8zr~w._.js:1945
[   64085ms] [ERROR] Error: You have tried to read "wallets" on a WalletContext without providing one. Make sure to render a WalletProvider as an ancestor of the component that uses WalletContext.
    at logMissingProviderError (http://localhost:3000/_next/static/chunks/node_modules_0e4g8kj._.js:1621:19)
    at Object.get (http://localhost:3000/_next/static/chunks/node_modules_0e4g8kj._.js:1604:9)
    at useWalletMultiButton (http://localhost:3000/_next/static/chunks/node_modules_0e4g8kj._.js:1658:99)
    at BaseWalletMultiButton (http://localhost:3000/_next/static/chunks/node_modules_0e4g8kj._.js:1833:307)
    at Object.react_stack_bottom_frame (http://localhost:3000/_next/static/chunks/node_modules_react-dom_0bruynb._.js:13800:24)
    at renderWithHooks (http://localhost:3000/_next/static/chunks/node_modules_react-dom_0bruynb._.js:4464:24)
    at updateFunctionComponent (http://localhost:3000/_next/static/chunks/node_modules_react-dom_0bruynb._.js:5917:21)
    at beginWork (http://localhost:3000/_next/static/chunks/node_modules_react-dom_0bruynb._.js:6498:24)
    at runWithFiberInDEV (http://localhost:3000/_next/static/chunks/node_modules_react-dom_0bruynb._.js:886:74)
    at performUnitOfWork (http://localhost:3000/_next/static/chunks/node_modules_react-dom_0bruynb._.js:8894:97)
    at workLoopConcurrentByScheduler (http://localhost:3000/_next/static/chunks/node_modules_react-dom_0bruynb._.js:8890:58)
    at renderRootConcurrent (http://localhost:3000/_next/static/chunks/node_modules_react-dom_0bruynb._.js:8873:71)
    at performWorkOnRoot (http://localhost:3000/_next/static/chunks/node_modules_react-dom_0bruynb._.js:8400:150)
    at performWorkOnRootViaSchedulerTask (http://localhost:3000/_next/static/chunks/node_modules_react-dom_0bruynb._.js:9534:9)
    at MessagePort.performWorkUntilDeadline (http://localhost:3000/_next/static/chunks/node_modules_11l9xip._.js:1335:64) @ http://localhost:3000/_next/static/chunks/node_modules_next_dist_0k8zr~w._.js:1945
[   64085ms] [ERROR] Error: You have tried to read "publicKey" on a WalletContext without providing one. Make sure to render a WalletProvider as an ancestor of the component that uses WalletContext.
    at logMissingProviderError (http://localhost:3000/_next/static/chunks/node_modules_0e4g8kj._.js:1621:19)
    at Object.get (http://localhost:3000/_next/static/chunks/node_modules_0e4g8kj._.js:1616:9)
    at useWalletMultiButton (http://localhost:3000/_next/static/chunks/node_modules_0e4g8kj._.js:1658:72)
    at BaseWalletMultiButton (http://localhost:3000/_next/static/chunks/node_modules_0e4g8kj._.js:1833:307)
    at Object.react_stack_bottom_frame (http://localhost:3000/_next/static/chunks/node_modules_react-dom_0bruynb._.js:13800:24)
    at renderWithHooksAgain (http://localhost:3000/_next/static/chunks/node_modules_react-dom_0bruynb._.js:4519:24)
    at renderWithHooks (http://localhost:3000/_next/static/chunks/node_modules_react-dom_0bruynb._.js:4470:28)
    at updateFunctionComponent (http://localhost:3000/_next/static/chunks/node_modules_react-dom_0bruynb._.js:5917:21)
    at beginWork (http://localhost:3000/_next/static/chunks/node_modules_react-dom_0bruynb._.js:6498:24)
    at runWithFiberInDEV (http://localhost:3000/_next/static/chunks/node_modules_react-dom_0bruynb._.js:886:74)
    at performUnitOfWork (http://localhost:3000/_next/static/chunks/node_modules_react-dom_0bruynb._.js:8894:97)
    at workLoopConcurrentByScheduler (http://localhost:3000/_next/static/chunks/node_modules_react-dom_0bruynb._.js:8890:58)
    at renderRootConcurrent (http://localhost:3000/_next/static/chunks/node_modules_react-dom_0bruynb._.js:8873:71)
    at performWorkOnRoot (http://localhost:3000/_next/static/chunks/node_modules_react-dom_0bruynb._.js:8400:150)
    at performWorkOnRootViaSchedulerTask (http://localhost:3000/_next/static/chunks/node_modules_react-dom_0bruynb._.js:9534:9)
    at MessagePort.performWorkUntilDeadline (http://localhost:3000/_next/static/chunks/node_modules_11l9xip._.js:1335:64) @ http://localhost:3000/_next/static/chunks/node_modules_next_dist_0k8zr~w._.js:1945
[   64085ms] [ERROR] Error: You have tried to read "wallet" on a WalletContext without providing one. Make sure to render a WalletProvider as an ancestor of the component that uses WalletContext.
    at logMissingProviderError (http://localhost:3000/_next/static/chunks/node_modules_0e4g8kj._.js:1621:19)
    at Object.get (http://localhost:3000/_next/static/chunks/node_modules_0e4g8kj._.js:1610:9)
    at useWalletMultiButton (http://localhost:3000/_next/static/chunks/node_modules_0e4g8kj._.js:1658:91)
    at BaseWalletMultiButton (http://localhost:3000/_next/static/chunks/node_modules_0e4g8kj._.js:1833:307)
    at Object.react_stack_bottom_frame (http://localhost:3000/_next/static/chunks/node_modules_react-dom_0bruynb._.js:13800:24)
    at renderWithHooksAgain (http://localhost:3000/_next/static/chunks/node_modules_react-dom_0bruynb._.js:4519:24)
    at renderWithHooks (http://localhost:3000/_next/static/chunks/node_modules_react-dom_0bruynb._.js:4470:28)
    at updateFunctionComponent (http://localhost:3000/_next/static/chunks/node_modules_react-dom_0bruynb._.js:5917:21)
    at beginWork (http://localhost:3000/_next/static/chunks/node_modules_react-dom_0bruynb._.js:6498:24)
    at runWithFiberInDEV (http://localhost:3000/_next/static/chunks/node_modules_react-dom_0bruynb._.js:886:74)
    at performUnitOfWork (http://localhost:3000/_next/static/chunks/node_modules_react-dom_0bruynb._.js:8894:97)
    at workLoopConcurrentByScheduler (http://localhost:3000/_next/static/chunks/node_modules_react-dom_0bruynb._.js:8890:58)
    at renderRootConcurrent (http://localhost:3000/_next/static/chunks/node_modules_react-dom_0bruynb._.js:8873:71)
    at performWorkOnRoot (http://localhost:3000/_next/static/chunks/node_modules_react-dom_0bruynb._.js:8400:150)
    at performWorkOnRootViaSchedulerTask (http://localhost:3000/_next/static/chunks/node_modules_react-dom_0bruynb._.js:9534:9)
    at MessagePort.performWorkUntilDeadline (http://localhost:3000/_next/static/chunks/node_modules_11l9xip._.js:1335:64) @ http://localhost:3000/_next/static/chunks/node_modules_next_dist_0k8zr~w._.js:1945
[   64085ms] [ERROR] Error: You have tried to read "wallets" on a WalletContext without providing one. Make sure to render a WalletProvider as an ancestor of the component that uses WalletContext.
    at logMissingProviderError (http://localhost:3000/_next/static/chunks/node_modules_0e4g8kj._.js:1621:19)
    at Object.get (http://localhost:3000/_next/static/chunks/node_modules_0e4g8kj._.js:1604:9)
    at useWalletMultiButton (http://localhost:3000/_next/static/chunks/node_modules_0e4g8kj._.js:1658:99)
    at BaseWalletMultiButton (http://localhost:3000/_next/static/chunks/node_modules_0e4g8kj._.js:1833:307)
    at Object.react_stack_bottom_frame (http://localhost:3000/_next/static/chunks/node_modules_react-dom_0bruynb._.js:13800:24)
    at renderWithHooksAgain (http://localhost:3000/_next/static/chunks/node_modules_react-dom_0bruynb._.js:4519:24)
    at renderWithHooks (http://localhost:3000/_next/static/chunks/node_modules_react-dom_0bruynb._.js:4470:28)
    at updateFunctionComponent (http://localhost:3000/_next/static/chunks/node_modules_react-dom_0bruynb._.js:5917:21)
    at beginWork (http://localhost:3000/_next/static/chunks/node_modules_react-dom_0bruynb._.js:6498:24)
    at runWithFiberInDEV (http://localhost:3000/_next/static/chunks/node_modules_react-dom_0bruynb._.js:886:74)
    at performUnitOfWork (http://localhost:3000/_next/static/chunks/node_modules_react-dom_0bruynb._.js:8894:97)
    at workLoopConcurrentByScheduler (http://localhost:3000/_next/static/chunks/node_modules_react-dom_0bruynb._.js:8890:58)
    at renderRootConcurrent (http://localhost:3000/_next/static/chunks/node_modules_react-dom_0bruynb._.js:8873:71)
    at performWorkOnRoot (http://localhost:3000/_next/static/chunks/node_modules_react-dom_0bruynb._.js:8400:150)
    at performWorkOnRootViaSchedulerTask (http://localhost:3000/_next/static/chunks/node_modules_react-dom_0bruynb._.js:9534:9)
    at MessagePort.performWorkUntilDeadline (http://localhost:3000/_next/static/chunks/node_modules_11l9xip._.js:1335:64) @ http://localhost:3000/_next/static/chunks/node_modules_next_dist_0k8zr~w._.js:1945
[   64088ms] [ERROR] Error: You have tried to read "publicKey" on a WalletContext without providing one. Make sure to render a WalletProvider as an ancestor of the component that uses WalletContext.
    at logMissingProviderError (http://localhost:3000/_next/static/chunks/node_modules_0e4g8kj._.js:1621:19)
    at Object.get (http://localhost:3000/_next/static/chunks/node_modules_0e4g8kj._.js:1616:9)
    at SolanaConnectWallet (http://localhost:3000/_next/static/chunks/%5Broot-of-the-server%5D__01pr~vt._.js:486:13)
    at Object.react_stack_bottom_frame (http://localhost:3000/_next/static/chunks/node_modules_react-dom_0bruynb._.js:13800:24)
    at renderWithHooks (http://localhost:3000/_next/static/chunks/node_modules_react-dom_0bruynb._.js:4464:24)
    at updateFunctionComponent (http://localhost:3000/_next/static/chunks/node_modules_react-dom_0bruynb._.js:5917:21)
    at beginWork (http://localhost:3000/_next/static/chunks/node_modules_react-dom_0bruynb._.js:6498:24)
    at runWithFiberInDEV (http://localhost:3000/_next/static/chunks/node_modules_react-dom_0bruynb._.js:886:74)
    at performUnitOfWork (http://localhost:3000/_next/static/chunks/node_modules_react-dom_0bruynb._.js:8894:97)
    at workLoopConcurrentByScheduler (http://localhost:3000/_next/static/chunks/node_modules_react-dom_0bruynb._.js:8890:58)
    at renderRootConcurrent (http://localhost:3000/_next/static/chunks/node_modules_react-dom_0bruynb._.js:8873:71)
    at performWorkOnRoot (http://localhost:3000/_next/static/chunks/node_modules_react-dom_0bruynb._.js:8400:150)
    at performWorkOnRootViaSchedulerTask (http://localhost:3000/_next/static/chunks/node_modules_react-dom_0bruynb._.js:9534:9)
    at MessagePort.performWorkUntilDeadline (http://localhost:3000/_next/static/chunks/node_modules_11l9xip._.js:1335:64) @ http://localhost:3000/_next/static/chunks/node_modules_next_dist_0k8zr~w._.js:1945
[   64088ms] [ERROR] Error: You have tried to read "publicKey" on a WalletContext without providing one. Make sure to render a WalletProvider as an ancestor of the component that uses WalletContext.
    at logMissingProviderError (http://localhost:3000/_next/static/chunks/node_modules_0e4g8kj._.js:1621:19)
    at Object.get (http://localhost:3000/_next/static/chunks/node_modules_0e4g8kj._.js:1616:9)
    at SolanaConnectWallet (http://localhost:3000/_next/static/chunks/%5Broot-of-the-server%5D__01pr~vt._.js:486:13)
    at Object.react_stack_bottom_frame (http://localhost:3000/_next/static/chunks/node_modules_react-dom_0bruynb._.js:13800:24)
    at renderWithHooksAgain (http://localhost:3000/_next/static/chunks/node_modules_react-dom_0bruynb._.js:4519:24)
    at renderWithHooks (http://localhost:3000/_next/static/chunks/node_modules_react-dom_0bruynb._.js:4470:28)
    at updateFunctionComponent (http://localhost:3000/_next/static/chunks/node_modules_react-dom_0bruynb._.js:5917:21)
    at beginWork (http://localhost:3000/_next/static/chunks/node_modules_react-dom_0bruynb._.js:6498:24)
    at runWithFiberInDEV (http://localhost:3000/_next/static/chunks/node_modules_react-dom_0bruynb._.js:886:74)
    at performUnitOfWork (http://localhost:3000/_next/static/chunks/node_modules_react-dom_0bruynb._.js:8894:97)
    at workLoopConcurrentByScheduler (http://localhost:3000/_next/static/chunks/node_modules_react-dom_0bruynb._.js:8890:58)
    at renderRootConcurrent (http://localhost:3000/_next/static/chunks/node_modules_react-dom_0bruynb._.js:8873:71)
    at performWorkOnRoot (http://localhost:3000/_next/static/chunks/node_modules_react-dom_0bruynb._.js:8400:150)
    at performWorkOnRootViaSchedulerTask (http://localhost:3000/_next/static/chunks/node_modules_react-dom_0bruynb._.js:9534:9)
    at MessagePort.performWorkUntilDeadline (http://localhost:3000/_next/static/chunks/node_modules_11l9xip._.js:1335:64) @ http://localhost:3000/_next/static/chunks/node_modules_next_dist_0k8zr~w._.js:1945
[   64088ms] [ERROR] Error: You have tried to read "publicKey" on a WalletContext without providing one. Make sure to render a WalletProvider as an ancestor of the component that uses WalletContext.
    at logMissingProviderError (http://localhost:3000/_next/static/chunks/node_modules_0e4g8kj._.js:1621:19)
    at Object.get (http://localhost:3000/_next/static/chunks/node_modules_0e4g8kj._.js:1616:9)
    at useWalletMultiButton (http://localhost:3000/_next/static/chunks/node_modules_0e4g8kj._.js:1658:72)
    at BaseWalletMultiButton (http://localhost:3000/_next/static/chunks/node_modules_0e4g8kj._.js:1833:307)
    at Object.react_stack_bottom_frame (http://localhost:3000/_next/static/chunks/node_modules_react-dom_0bruynb._.js:13800:24)
    at renderWithHooks (http://localhost:3000/_next/static/chunks/node_modules_react-dom_0bruynb._.js:4464:24)
    at updateFunctionComponent (http://localhost:3000/_next/static/chunks/node_modules_react-dom_0bruynb._.js:5917:21)
    at beginWork (http://localhost:3000/_next/static/chunks/node_modules_react-dom_0bruynb._.js:6498:24)
    at runWithFiberInDEV (http://localhost:3000/_next/static/chunks/node_modules_react-dom_0bruynb._.js:886:74)
    at performUnitOfWork (http://localhost:3000/_next/static/chunks/node_modules_react-dom_0bruynb._.js:8894:97)
    at workLoopConcurrentByScheduler (http://localhost:3000/_next/static/chunks/node_modules_react-dom_0bruynb._.js:8890:58)
    at renderRootConcurrent (http://localhost:3000/_next/static/chunks/node_modules_react-dom_0bruynb._.js:8873:71)
    at performWorkOnRoot (http://localhost:3000/_next/static/chunks/node_modules_react-dom_0bruynb._.js:8400:150)
    at performWorkOnRootViaSchedulerTask (http://localhost:3000/_next/static/chunks/node_modules_react-dom_0bruynb._.js:9534:9)
    at MessagePort.performWorkUntilDeadline (http://localhost:3000/_next/static/chunks/node_modules_11l9xip._.js:1335:64) @ http://localhost:3000/_next/static/chunks/node_modules_next_dist_0k8zr~w._.js:1945
[   64088ms] [ERROR] Error: You have tried to read "wallet" on a WalletContext without providing one. Make sure to render a WalletProvider as an ancestor of the component that uses WalletContext.
    at logMissingProviderError (http://localhost:3000/_next/static/chunks/node_modules_0e4g8kj._.js:1621:19)
    at Object.get (http://localhost:3000/_next/static/chunks/node_modules_0e4g8kj._.js:1610:9)
    at useWalletMultiButton (http://localhost:3000/_next/static/chunks/node_modules_0e4g8kj._.js:1658:91)
    at BaseWalletMultiButton (http://localhost:3000/_next/static/chunks/node_modules_0e4g8kj._.js:1833:307)
    at Object.react_stack_bottom_frame (http://localhost:3000/_next/static/chunks/node_modules_react-dom_0bruynb._.js:13800:24)
    at renderWithHooks (http://localhost:3000/_next/static/chunks/node_modules_react-dom_0bruynb._.js:4464:24)
    at updateFunctionComponent (http://localhost:3000/_next/static/chunks/node_modules_react-dom_0bruynb._.js:5917:21)
    at beginWork (http://localhost:3000/_next/static/chunks/node_modules_react-dom_0bruynb._.js:6498:24)
    at runWithFiberInDEV (http://localhost:3000/_next/static/chunks/node_modules_react-dom_0bruynb._.js:886:74)
    at performUnitOfWork (http://localhost:3000/_next/static/chunks/node_modules_react-dom_0bruynb._.js:8894:97)
    at workLoopConcurrentByScheduler (http://localhost:3000/_next/static/chunks/node_modules_react-dom_0bruynb._.js:8890:58)
    at renderRootConcurrent (http://localhost:3000/_next/static/chunks/node_modules_react-dom_0bruynb._.js:8873:71)
    at performWorkOnRoot (http://localhost:3000/_next/static/chunks/node_modules_react-dom_0bruynb._.js:8400:150)
    at performWorkOnRootViaSchedulerTask (http://localhost:3000/_next/static/chunks/node_modules_react-dom_0bruynb._.js:9534:9)
    at MessagePort.performWorkUntilDeadline (http://localhost:3000/_next/static/chunks/node_modules_11l9xip._.js:1335:64) @ http://localhost:3000/_next/static/chunks/node_modules_next_dist_0k8zr~w._.js:1945
[   64089ms] [ERROR] Error: You have tried to read "wallets" on a WalletContext without providing one. Make sure to render a WalletProvider as an ancestor of the component that uses WalletContext.
    at logMissingProviderError (http://localhost:3000/_next/static/chunks/node_modules_0e4g8kj._.js:1621:19)
    at Object.get (http://localhost:3000/_next/static/chunks/node_modules_0e4g8kj._.js:1604:9)
    at useWalletMultiButton (http://localhost:3000/_next/static/chunks/node_modules_0e4g8kj._.js:1658:99)
    at BaseWalletMultiButton (http://localhost:3000/_next/static/chunks/node_modules_0e4g8kj._.js:1833:307)
    at Object.react_stack_bottom_frame (http://localhost:3000/_next/static/chunks/node_modules_react-dom_0bruynb._.js:13800:24)
    at renderWithHooks (http://localhost:3000/_next/static/chunks/node_modules_react-dom_0bruynb._.js:4464:24)
    at updateFunctionComponent (http://localhost:3000/_next/static/chunks/node_modules_react-dom_0bruynb._.js:5917:21)
    at beginWork (http://localhost:3000/_next/static/chunks/node_modules_react-dom_0bruynb._.js:6498:24)
    at runWithFiberInDEV (http://localhost:3000/_next/static/chunks/node_modules_react-dom_0bruynb._.js:886:74)
    at performUnitOfWork (http://localhost:3000/_next/static/chunks/node_modules_react-dom_0bruynb._.js:8894:97)
    at workLoopConcurrentByScheduler (http://localhost:3000/_next/static/chunks/node_modules_react-dom_0bruynb._.js:8890:58)
    at renderRootConcurrent (http://localhost:3000/_next/static/chunks/node_modules_react-dom_0bruynb._.js:8873:71)
    at performWorkOnRoot (http://localhost:3000/_next/static/chunks/node_modules_react-dom_0bruynb._.js:8400:150)
    at performWorkOnRootViaSchedulerTask (http://localhost:3000/_next/static/chunks/node_modules_react-dom_0bruynb._.js:9534:9)
    at MessagePort.performWorkUntilDeadline (http://localhost:3000/_next/static/chunks/node_modules_11l9xip._.js:1335:64) @ http://localhost:3000/_next/static/chunks/node_modules_next_dist_0k8zr~w._.js:1945
[   64089ms] [ERROR] Error: You have tried to read "publicKey" on a WalletContext without providing one. Make sure to render a WalletProvider as an ancestor of the component that uses WalletContext.
    at logMissingProviderError (http://localhost:3000/_next/static/chunks/node_modules_0e4g8kj._.js:1621:19)
    at Object.get (http://localhost:3000/_next/static/chunks/node_modules_0e4g8kj._.js:1616:9)
    at useWalletMultiButton (http://localhost:3000/_next/static/chunks/node_modules_0e4g8kj._.js:1658:72)
    at BaseWalletMultiButton (http://localhost:3000/_next/static/chunks/node_modules_0e4g8kj._.js:1833:307)
    at Object.react_stack_bottom_frame (http://localhost:3000/_next/static/chunks/node_modules_react-dom_0bruynb._.js:13800:24)
    at renderWithHooksAgain (http://localhost:3000/_next/static/chunks/node_modules_react-dom_0bruynb._.js:4519:24)
    at renderWithHooks (http://localhost:3000/_next/static/chunks/node_modules_react-dom_0bruynb._.js:4470:28)
    at updateFunctionComponent (http://localhost:3000/_next/static/chunks/node_modules_react-dom_0bruynb._.js:5917:21)
    at beginWork (http://localhost:3000/_next/static/chunks/node_modules_react-dom_0bruynb._.js:6498:24)
    at runWithFiberInDEV (http://localhost:3000/_next/static/chunks/node_modules_react-dom_0bruynb._.js:886:74)
    at performUnitOfWork (http://localhost:3000/_next/static/chunks/node_modules_react-dom_0bruynb._.js:8894:97)
    at workLoopConcurrentByScheduler (http://localhost:3000/_next/static/chunks/node_modules_react-dom_0bruynb._.js:8890:58)
    at renderRootConcurrent (http://localhost:3000/_next/static/chunks/node_modules_react-dom_0bruynb._.js:8873:71)
    at performWorkOnRoot (http://localhost:3000/_next/static/chunks/node_modules_react-dom_0bruynb._.js:8400:150)
    at performWorkOnRootViaSchedulerTask (http://localhost:3000/_next/static/chunks/node_modules_react-dom_0bruynb._.js:9534:9)
    at MessagePort.performWorkUntilDeadline (http://localhost:3000/_next/static/chunks/node_modules_11l9xip._.js:1335:64) @ http://localhost:3000/_next/static/chunks/node_modules_next_dist_0k8zr~w._.js:1945
[   64089ms] [ERROR] Error: You have tried to read "wallet" on a WalletContext without providing one. Make sure to render a WalletProvider as an ancestor of the component that uses WalletContext.
    at logMissingProviderError (http://localhost:3000/_next/static/chunks/node_modules_0e4g8kj._.js:1621:19)
    at Object.get (http://localhost:3000/_next/static/chunks/node_modules_0e4g8kj._.js:1610:9)
    at useWalletMultiButton (http://localhost:3000/_next/static/chunks/node_modules_0e4g8kj._.js:1658:91)
    at BaseWalletMultiButton (http://localhost:3000/_next/static/chunks/node_modules_0e4g8kj._.js:1833:307)
    at Object.react_stack_bottom_frame (http://localhost:3000/_next/static/chunks/node_modules_react-dom_0bruynb._.js:13800:24)
    at renderWithHooksAgain (http://localhost:3000/_next/static/chunks/node_modules_react-dom_0bruynb._.js:4519:24)
    at renderWithHooks (http://localhost:3000/_next/static/chunks/node_modules_react-dom_0bruynb._.js:4470:28)
    at updateFunctionComponent (http://localhost:3000/_next/static/chunks/node_modules_react-dom_0bruynb._.js:5917:21)
    at beginWork (http://localhost:3000/_next/static/chunks/node_modules_react-dom_0bruynb._.js:6498:24)
    at runWithFiberInDEV (http://localhost:3000/_next/static/chunks/node_modules_react-dom_0bruynb._.js:886:74)
    at performUnitOfWork (http://localhost:3000/_next/static/chunks/node_modules_react-dom_0bruynb._.js:8894:97)
    at workLoopConcurrentByScheduler (http://localhost:3000/_next/static/chunks/node_modules_react-dom_0bruynb._.js:8890:58)
    at renderRootConcurrent (http://localhost:3000/_next/static/chunks/node_modules_react-dom_0bruynb._.js:8873:71)
    at performWorkOnRoot (http://localhost:3000/_next/static/chunks/node_modules_react-dom_0bruynb._.js:8400:150)
    at performWorkOnRootViaSchedulerTask (http://localhost:3000/_next/static/chunks/node_modules_react-dom_0bruynb._.js:9534:9)
    at MessagePort.performWorkUntilDeadline (http://localhost:3000/_next/static/chunks/node_modules_11l9xip._.js:1335:64) @ http://localhost:3000/_next/static/chunks/node_modules_next_dist_0k8zr~w._.js:1945
[   64089ms] [ERROR] Error: You have tried to read "wallets" on a WalletContext without providing one. Make sure to render a WalletProvider as an ancestor of the component that uses WalletContext.
    at logMissingProviderError (http://localhost:3000/_next/static/chunks/node_modules_0e4g8kj._.js:1621:19)
    at Object.get (http://localhost:3000/_next/static/chunks/node_modules_0e4g8kj._.js:1604:9)
    at useWalletMultiButton (http://localhost:3000/_next/static/chunks/node_modules_0e4g8kj._.js:1658:99)
    at BaseWalletMultiButton (http://localhost:3000/_next/static/chunks/node_modules_0e4g8kj._.js:1833:307)
    at Object.react_stack_bottom_frame (http://localhost:3000/_next/static/chunks/node_modules_react-dom_0bruynb._.js:13800:24)
    at renderWithHooksAgain (http://localhost:3000/_next/static/chunks/node_modules_react-dom_0bruynb._.js:4519:24)
    at renderWithHooks (http://localhost:3000/_next/static/chunks/node_modules_react-dom_0bruynb._.js:4470:28)
    at updateFunctionComponent (http://localhost:3000/_next/static/chunks/node_modules_react-dom_0bruynb._.js:5917:21)
    at beginWork (http://localhost:3000/_next/static/chunks/node_modules_react-dom_0bruynb._.js:6498:24)
    at runWithFiberInDEV (http://localhost:3000/_next/static/chunks/node_modules_react-dom_0bruynb._.js:886:74)
    at performUnitOfWork (http://localhost:3000/_next/static/chunks/node_modules_react-dom_0bruynb._.js:8894:97)
    at workLoopConcurrentByScheduler (http://localhost:3000/_next/static/chunks/node_modules_react-dom_0bruynb._.js:8890:58)
    at renderRootConcurrent (http://localhost:3000/_next/static/chunks/node_modules_react-dom_0bruynb._.js:8873:71)
    at performWorkOnRoot (http://localhost:3000/_next/static/chunks/node_modules_react-dom_0bruynb._.js:8400:150)
    at performWorkOnRootViaSchedulerTask (http://localhost:3000/_next/static/chunks/node_modules_react-dom_0bruynb._.js:9534:9)
    at MessagePort.performWorkUntilDeadline (http://localhost:3000/_next/static/chunks/node_modules_11l9xip._.js:1335:64) @ http://localhost:3000/_next/static/chunks/node_modules_next_dist_0k8zr~w._.js:1945
[   70192ms] [INFO] %cDownload the React DevTools for a better development experience: https://react.dev/link/react-devtools font-weight:bold @ http://localhost:3000/_next/static/chunks/node_modules_react-dom_0bruynb._.js:15305
[   70198ms] [LOG] [HMR] connected @ http://localhost:3000/_next/static/chunks/node_modules_next_dist_0k8zr~w._.js:1226
[   70250ms] [ERROR] Error: You have tried to read "publicKey" on a WalletContext without providing one. Make sure to render a WalletProvider as an ancestor of the component that uses WalletContext.
    at logMissingProviderError (http://localhost:3000/_next/static/chunks/node_modules_11f8h_~._.js:1621:19)
    at Object.get (http://localhost:3000/_next/static/chunks/node_modules_11f8h_~._.js:1616:9)
    at ExplorerHome (http://localhost:3000/_next/static/chunks/%5Broot-of-the-server%5D__13abmsj._.js:2109:13)
    at Object.react_stack_bottom_frame (http://localhost:3000/_next/static/chunks/node_modules_react-dom_0bruynb._.js:13800:24)
    at renderWithHooks (http://localhost:3000/_next/static/chunks/node_modules_react-dom_0bruynb._.js:4464:24)
    at updateFunctionComponent (http://localhost:3000/_next/static/chunks/node_modules_react-dom_0bruynb._.js:5917:21)
    at beginWork (http://localhost:3000/_next/static/chunks/node_modules_react-dom_0bruynb._.js:6498:24)
    at runWithFiberInDEV (http://localhost:3000/_next/static/chunks/node_modules_react-dom_0bruynb._.js:886:74)
    at performUnitOfWork (http://localhost:3000/_next/static/chunks/node_modules_react-dom_0bruynb._.js:8894:97)
    at workLoopConcurrentByScheduler (http://localhost:3000/_next/static/chunks/node_modules_react-dom_0bruynb._.js:8890:58)
    at renderRootConcurrent (http://localhost:3000/_next/static/chunks/node_modules_react-dom_0bruynb._.js:8873:71)
    at performWorkOnRoot (http://localhost:3000/_next/static/chunks/node_modules_react-dom_0bruynb._.js:8400:150)
    at performWorkOnRootViaSchedulerTask (http://localhost:3000/_next/static/chunks/node_modules_react-dom_0bruynb._.js:9534:9)
    at MessagePort.performWorkUntilDeadline (http://localhost:3000/_next/static/chunks/node_modules_11l9xip._.js:1335:64) @ http://localhost:3000/_next/static/chunks/node_modules_next_dist_0k8zr~w._.js:1945
[   70252ms] [ERROR] Error: You have tried to read "publicKey" on a WalletContext without providing one. Make sure to render a WalletProvider as an ancestor of the component that uses WalletContext.
    at logMissingProviderError (http://localhost:3000/_next/static/chunks/node_modules_11f8h_~._.js:1621:19)
    at Object.get (http://localhost:3000/_next/static/chunks/node_modules_11f8h_~._.js:1616:9)
    at ExplorerHome (http://localhost:3000/_next/static/chunks/%5Broot-of-the-server%5D__13abmsj._.js:2109:13)
    at Object.react_stack_bottom_frame (http://localhost:3000/_next/static/chunks/node_modules_react-dom_0bruynb._.js:13800:24)
    at renderWithHooksAgain (http://localhost:3000/_next/static/chunks/node_modules_react-dom_0bruynb._.js:4519:24)
    at renderWithHooks (http://localhost:3000/_next/static/chunks/node_modules_react-dom_0bruynb._.js:4470:28)
    at updateFunctionComponent (http://localhost:3000/_next/static/chunks/node_modules_react-dom_0bruynb._.js:5917:21)
    at beginWork (http://localhost:3000/_next/static/chunks/node_modules_react-dom_0bruynb._.js:6498:24)
    at runWithFiberInDEV (http://localhost:3000/_next/static/chunks/node_modules_react-dom_0bruynb._.js:886:74)
    at performUnitOfWork (http://localhost:3000/_next/static/chunks/node_modules_react-dom_0bruynb._.js:8894:97)
    at workLoopConcurrentByScheduler (http://localhost:3000/_next/static/chunks/node_modules_react-dom_0bruynb._.js:8890:58)
    at renderRootConcurrent (http://localhost:3000/_next/static/chunks/node_modules_react-dom_0bruynb._.js:8873:71)
    at performWorkOnRoot (http://localhost:3000/_next/static/chunks/node_modules_react-dom_0bruynb._.js:8400:150)
    at performWorkOnRootViaSchedulerTask (http://localhost:3000/_next/static/chunks/node_modules_react-dom_0bruynb._.js:9534:9)
    at MessagePort.performWorkUntilDeadline (http://localhost:3000/_next/static/chunks/node_modules_11l9xip._.js:1335:64) @ http://localhost:3000/_next/static/chunks/node_modules_next_dist_0k8zr~w._.js:1945
[   70254ms] [ERROR] Error: You have tried to read "publicKey" on a WalletContext without providing one. Make sure to render a WalletProvider as an ancestor of the component that uses WalletContext.
    at logMissingProviderError (http://localhost:3000/_next/static/chunks/node_modules_11f8h_~._.js:1621:19)
    at Object.get (http://localhost:3000/_next/static/chunks/node_modules_11f8h_~._.js:1616:9)
    at SolanaConnectWallet (http://localhost:3000/_next/static/chunks/%5Broot-of-the-server%5D__13abmsj._.js:542:13)
    at Object.react_stack_bottom_frame (http://localhost:3000/_next/static/chunks/node_modules_react-dom_0bruynb._.js:13800:24)
    at renderWithHooks (http://localhost:3000/_next/static/chunks/node_modules_react-dom_0bruynb._.js:4464:24)
    at updateFunctionComponent (http://localhost:3000/_next/static/chunks/node_modules_react-dom_0bruynb._.js:5917:21)
    at beginWork (http://localhost:3000/_next/static/chunks/node_modules_react-dom_0bruynb._.js:6498:24)
    at runWithFiberInDEV (http://localhost:3000/_next/static/chunks/node_modules_react-dom_0bruynb._.js:886:74)
    at performUnitOfWork (http://localhost:3000/_next/static/chunks/node_modules_react-dom_0bruynb._.js:8894:97)
    at workLoopConcurrentByScheduler (http://localhost:3000/_next/static/chunks/node_modules_react-dom_0bruynb._.js:8890:58)
    at renderRootConcurrent (http://localhost:3000/_next/static/chunks/node_modules_react-dom_0bruynb._.js:8873:71)
    at performWorkOnRoot (http://localhost:3000/_next/static/chunks/node_modules_react-dom_0bruynb._.js:8400:150)
    at performWorkOnRootViaSchedulerTask (http://localhost:3000/_next/static/chunks/node_modules_react-dom_0bruynb._.js:9534:9)
    at MessagePort.performWorkUntilDeadline (http://localhost:3000/_next/static/chunks/node_modules_11l9xip._.js:1335:64) @ http://localhost:3000/_next/static/chunks/node_modules_next_dist_0k8zr~w._.js:1945
[   70255ms] [ERROR] Error: You have tried to read "publicKey" on a WalletContext without providing one. Make sure to render a WalletProvider as an ancestor of the component that uses WalletContext.
    at logMissingProviderError (http://localhost:3000/_next/static/chunks/node_modules_11f8h_~._.js:1621:19)
    at Object.get (http://localhost:3000/_next/static/chunks/node_modules_11f8h_~._.js:1616:9)
    at SolanaConnectWallet (http://localhost:3000/_next/static/chunks/%5Broot-of-the-server%5D__13abmsj._.js:542:13)
    at Object.react_stack_bottom_frame (http://localhost:3000/_next/static/chunks/node_modules_react-dom_0bruynb._.js:13800:24)
    at renderWithHooksAgain (http://localhost:3000/_next/static/chunks/node_modules_react-dom_0bruynb._.js:4519:24)
    at renderWithHooks (http://localhost:3000/_next/static/chunks/node_modules_react-dom_0bruynb._.js:4470:28)
    at updateFunctionComponent (http://localhost:3000/_next/static/chunks/node_modules_react-dom_0bruynb._.js:5917:21)
    at beginWork (http://localhost:3000/_next/static/chunks/node_modules_react-dom_0bruynb._.js:6498:24)
    at runWithFiberInDEV (http://localhost:3000/_next/static/chunks/node_modules_react-dom_0bruynb._.js:886:74)
    at performUnitOfWork (http://localhost:3000/_next/static/chunks/node_modules_react-dom_0bruynb._.js:8894:97)
    at workLoopConcurrentByScheduler (http://localhost:3000/_next/static/chunks/node_modules_react-dom_0bruynb._.js:8890:58)
    at renderRootConcurrent (http://localhost:3000/_next/static/chunks/node_modules_react-dom_0bruynb._.js:8873:71)
    at performWorkOnRoot (http://localhost:3000/_next/static/chunks/node_modules_react-dom_0bruynb._.js:8400:150)
    at performWorkOnRootViaSchedulerTask (http://localhost:3000/_next/static/chunks/node_modules_react-dom_0bruynb._.js:9534:9)
    at MessagePort.performWorkUntilDeadline (http://localhost:3000/_next/static/chunks/node_modules_11l9xip._.js:1335:64) @ http://localhost:3000/_next/static/chunks/node_modules_next_dist_0k8zr~w._.js:1945
[   70255ms] [ERROR] Error: You have tried to read "publicKey" on a WalletContext without providing one. Make sure to render a WalletProvider as an ancestor of the component that uses WalletContext.
    at logMissingProviderError (http://localhost:3000/_next/static/chunks/node_modules_11f8h_~._.js:1621:19)
    at Object.get (http://localhost:3000/_next/static/chunks/node_modules_11f8h_~._.js:1616:9)
    at useWalletMultiButton (http://localhost:3000/_next/static/chunks/node_modules_11f8h_~._.js:1642:72)
    at BaseWalletMultiButton (http://localhost:3000/_next/static/chunks/node_modules_11f8h_~._.js:1817:307)
    at Object.react_stack_bottom_frame (http://localhost:3000/_next/static/chunks/node_modules_react-dom_0bruynb._.js:13800:24)
    at renderWithHooks (http://localhost:3000/_next/static/chunks/node_modules_react-dom_0bruynb._.js:4464:24)
    at updateFunctionComponent (http://localhost:3000/_next/static/chunks/node_modules_react-dom_0bruynb._.js:5917:21)
    at beginWork (http://localhost:3000/_next/static/chunks/node_modules_react-dom_0bruynb._.js:6498:24)
    at runWithFiberInDEV (http://localhost:3000/_next/static/chunks/node_modules_react-dom_0bruynb._.js:886:74)
    at performUnitOfWork (http://localhost:3000/_next/static/chunks/node_modules_react-dom_0bruynb._.js:8894:97)
    at workLoopConcurrentByScheduler (http://localhost:3000/_next/static/chunks/node_modules_react-dom_0bruynb._.js:8890:58)
    at renderRootConcurrent (http://localhost:3000/_next/static/chunks/node_modules_react-dom_0bruynb._.js:8873:71)
    at performWorkOnRoot (http://localhost:3000/_next/static/chunks/node_modules_react-dom_0bruynb._.js:8400:150)
    at performWorkOnRootViaSchedulerTask (http://localhost:3000/_next/static/chunks/node_modules_react-dom_0bruynb._.js:9534:9)
    at MessagePort.performWorkUntilDeadline (http://localhost:3000/_next/static/chunks/node_modules_11l9xip._.js:1335:64) @ http://localhost:3000/_next/static/chunks/node_modules_next_dist_0k8zr~w._.js:1945
[   70255ms] [ERROR] Error: You have tried to read "wallet" on a WalletContext without providing one. Make sure to render a WalletProvider as an ancestor of the component that uses WalletContext.
    at logMissingProviderError (http://localhost:3000/_next/static/chunks/node_modules_11f8h_~._.js:1621:19)
    at Object.get (http://localhost:3000/_next/static/chunks/node_modules_11f8h_~._.js:1610:9)
    at useWalletMultiButton (http://localhost:3000/_next/static/chunks/node_modules_11f8h_~._.js:1642:91)
    at BaseWalletMultiButton (http://localhost:3000/_next/static/chunks/node_modules_11f8h_~._.js:1817:307)
    at Object.react_stack_bottom_frame (http://localhost:3000/_next/static/chunks/node_modules_react-dom_0bruynb._.js:13800:24)
    at renderWithHooks (http://localhost:3000/_next/static/chunks/node_modules_react-dom_0bruynb._.js:4464:24)
    at updateFunctionComponent (http://localhost:3000/_next/static/chunks/node_modules_react-dom_0bruynb._.js:5917:21)
    at beginWork (http://localhost:3000/_next/static/chunks/node_modules_react-dom_0bruynb._.js:6498:24)
    at runWithFiberInDEV (http://localhost:3000/_next/static/chunks/node_modules_react-dom_0bruynb._.js:886:74)
    at performUnitOfWork (http://localhost:3000/_next/static/chunks/node_modules_react-dom_0bruynb._.js:8894:97)
    at workLoopConcurrentByScheduler (http://localhost:3000/_next/static/chunks/node_modules_react-dom_0bruynb._.js:8890:58)
    at renderRootConcurrent (http://localhost:3000/_next/static/chunks/node_modules_react-dom_0bruynb._.js:8873:71)
    at performWorkOnRoot (http://localhost:3000/_next/static/chunks/node_modules_react-dom_0bruynb._.js:8400:150)
    at performWorkOnRootViaSchedulerTask (http://localhost:3000/_next/static/chunks/node_modules_react-dom_0bruynb._.js:9534:9)
    at MessagePort.performWorkUntilDeadline (http://localhost:3000/_next/static/chunks/node_modules_11l9xip._.js:1335:64) @ http://localhost:3000/_next/static/chunks/node_modules_next_dist_0k8zr~w._.js:1945
[   70255ms] [ERROR] Error: You have tried to read "wallets" on a WalletContext without providing one. Make sure to render a WalletProvider as an ancestor of the component that uses WalletContext.
    at logMissingProviderError (http://localhost:3000/_next/static/chunks/node_modules_11f8h_~._.js:1621:19)
    at Object.get (http://localhost:3000/_next/static/chunks/node_modules_11f8h_~._.js:1604:9)
    at useWalletMultiButton (http://localhost:3000/_next/static/chunks/node_modules_11f8h_~._.js:1642:99)
    at BaseWalletMultiButton (http://localhost:3000/_next/static/chunks/node_modules_11f8h_~._.js:1817:307)
    at Object.react_stack_bottom_frame (http://localhost:3000/_next/static/chunks/node_modules_react-dom_0bruynb._.js:13800:24)
    at renderWithHooks (http://localhost:3000/_next/static/chunks/node_modules_react-dom_0bruynb._.js:4464:24)
    at updateFunctionComponent (http://localhost:3000/_next/static/chunks/node_modules_react-dom_0bruynb._.js:5917:21)
    at beginWork (http://localhost:3000/_next/static/chunks/node_modules_react-dom_0bruynb._.js:6498:24)
    at runWithFiberInDEV (http://localhost:3000/_next/static/chunks/node_modules_react-dom_0bruynb._.js:886:74)
    at performUnitOfWork (http://localhost:3000/_next/static/chunks/node_modules_react-dom_0bruynb._.js:8894:97)
    at workLoopConcurrentByScheduler (http://localhost:3000/_next/static/chunks/node_modules_react-dom_0bruynb._.js:8890:58)
    at renderRootConcurrent (http://localhost:3000/_next/static/chunks/node_modules_react-dom_0bruynb._.js:8873:71)
    at performWorkOnRoot (http://localhost:3000/_next/static/chunks/node_modules_react-dom_0bruynb._.js:8400:150)
    at performWorkOnRootViaSchedulerTask (http://localhost:3000/_next/static/chunks/node_modules_react-dom_0bruynb._.js:9534:9)
    at MessagePort.performWorkUntilDeadline (http://localhost:3000/_next/static/chunks/node_modules_11l9xip._.js:1335:64) @ http://localhost:3000/_next/static/chunks/node_modules_next_dist_0k8zr~w._.js:1945
[   70255ms] [ERROR] Error: You have tried to read "publicKey" on a WalletContext without providing one. Make sure to render a WalletProvider as an ancestor of the component that uses WalletContext.
    at logMissingProviderError (http://localhost:3000/_next/static/chunks/node_modules_11f8h_~._.js:1621:19)
    at Object.get (http://localhost:3000/_next/static/chunks/node_modules_11f8h_~._.js:1616:9)
    at useWalletMultiButton (http://localhost:3000/_next/static/chunks/node_modules_11f8h_~._.js:1642:72)
    at BaseWalletMultiButton (http://localhost:3000/_next/static/chunks/node_modules_11f8h_~._.js:1817:307)
    at Object.react_stack_bottom_frame (http://localhost:3000/_next/static/chunks/node_modules_react-dom_0bruynb._.js:13800:24)
    at renderWithHooksAgain (http://localhost:3000/_next/static/chunks/node_modules_react-dom_0bruynb._.js:4519:24)
    at renderWithHooks (http://localhost:3000/_next/static/chunks/node_modules_react-dom_0bruynb._.js:4470:28)
    at updateFunctionComponent (http://localhost:3000/_next/static/chunks/node_modules_react-dom_0bruynb._.js:5917:21)
    at beginWork (http://localhost:3000/_next/static/chunks/node_modules_react-dom_0bruynb._.js:6498:24)
    at runWithFiberInDEV (http://localhost:3000/_next/static/chunks/node_modules_react-dom_0bruynb._.js:886:74)
    at performUnitOfWork (http://localhost:3000/_next/static/chunks/node_modules_react-dom_0bruynb._.js:8894:97)
    at workLoopConcurrentByScheduler (http://localhost:3000/_next/static/chunks/node_modules_react-dom_0bruynb._.js:8890:58)
    at renderRootConcurrent (http://localhost:3000/_next/static/chunks/node_modules_react-dom_0bruynb._.js:8873:71)
    at performWorkOnRoot (http://localhost:3000/_next/static/chunks/node_modules_react-dom_0bruynb._.js:8400:150)
    at performWorkOnRootViaSchedulerTask (http://localhost:3000/_next/static/chunks/node_modules_react-dom_0bruynb._.js:9534:9)
    at MessagePort.performWorkUntilDeadline (http://localhost:3000/_next/static/chunks/node_modules_11l9xip._.js:1335:64) @ http://localhost:3000/_next/static/chunks/node_modules_next_dist_0k8zr~w._.js:1945
[   70255ms] [ERROR] Error: You have tried to read "wallet" on a WalletContext without providing one. Make sure to render a WalletProvider as an ancestor of the component that uses WalletContext.
    at logMissingProviderError (http://localhost:3000/_next/static/chunks/node_modules_11f8h_~._.js:1621:19)
    at Object.get (http://localhost:3000/_next/static/chunks/node_modules_11f8h_~._.js:1610:9)
    at useWalletMultiButton (http://localhost:3000/_next/static/chunks/node_modules_11f8h_~._.js:1642:91)
    at BaseWalletMultiButton (http://localhost:3000/_next/static/chunks/node_modules_11f8h_~._.js:1817:307)
    at Object.react_stack_bottom_frame (http://localhost:3000/_next/static/chunks/node_modules_react-dom_0bruynb._.js:13800:24)
    at renderWithHooksAgain (http://localhost:3000/_next/static/chunks/node_modules_react-dom_0bruynb._.js:4519:24)
    at renderWithHooks (http://localhost:3000/_next/static/chunks/node_modules_react-dom_0bruynb._.js:4470:28)
    at updateFunctionComponent (http://localhost:3000/_next/static/chunks/node_modules_react-dom_0bruynb._.js:5917:21)
    at beginWork (http://localhost:3000/_next/static/chunks/node_modules_react-dom_0bruynb._.js:6498:24)
    at runWithFiberInDEV (http://localhost:3000/_next/static/chunks/node_modules_react-dom_0bruynb._.js:886:74)
    at performUnitOfWork (http://localhost:3000/_next/static/chunks/node_modules_react-dom_0bruynb._.js:8894:97)
    at workLoopConcurrentByScheduler (http://localhost:3000/_next/static/chunks/node_modules_react-dom_0bruynb._.js:8890:58)
    at renderRootConcurrent (http://localhost:3000/_next/static/chunks/node_modules_react-dom_0bruynb._.js:8873:71)
    at performWorkOnRoot (http://localhost:3000/_next/static/chunks/node_modules_react-dom_0bruynb._.js:8400:150)
    at performWorkOnRootViaSchedulerTask (http://localhost:3000/_next/static/chunks/node_modules_react-dom_0bruynb._.js:9534:9)
    at MessagePort.performWorkUntilDeadline (http://localhost:3000/_next/static/chunks/node_modules_11l9xip._.js:1335:64) @ http://localhost:3000/_next/static/chunks/node_modules_next_dist_0k8zr~w._.js:1945
[   70255ms] [ERROR] Error: You have tried to read "wallets" on a WalletContext without providing one. Make sure to render a WalletProvider as an ancestor of the component that uses WalletContext.
    at logMissingProviderError (http://localhost:3000/_next/static/chunks/node_modules_11f8h_~._.js:1621:19)
    at Object.get (http://localhost:3000/_next/static/chunks/node_modules_11f8h_~._.js:1604:9)
    at useWalletMultiButton (http://localhost:3000/_next/static/chunks/node_modules_11f8h_~._.js:1642:99)
    at BaseWalletMultiButton (http://localhost:3000/_next/static/chunks/node_modules_11f8h_~._.js:1817:307)
    at Object.react_stack_bottom_frame (http://localhost:3000/_next/static/chunks/node_modules_react-dom_0bruynb._.js:13800:24)
    at renderWithHooksAgain (http://localhost:3000/_next/static/chunks/node_modules_react-dom_0bruynb._.js:4519:24)
    at renderWithHooks (http://localhost:3000/_next/static/chunks/node_modules_react-dom_0bruynb._.js:4470:28)
    at updateFunctionComponent (http://localhost:3000/_next/static/chunks/node_modules_react-dom_0bruynb._.js:5917:21)
    at beginWork (http://localhost:3000/_next/static/chunks/node_modules_react-dom_0bruynb._.js:6498:24)
    at runWithFiberInDEV (http://localhost:3000/_next/static/chunks/node_modules_react-dom_0bruynb._.js:886:74)
    at performUnitOfWork (http://localhost:3000/_next/static/chunks/node_modules_react-dom_0bruynb._.js:8894:97)
    at workLoopConcurrentByScheduler (http://localhost:3000/_next/static/chunks/node_modules_react-dom_0bruynb._.js:8890:58)
    at renderRootConcurrent (http://localhost:3000/_next/static/chunks/node_modules_react-dom_0bruynb._.js:8873:71)
    at performWorkOnRoot (http://localhost:3000/_next/static/chunks/node_modules_react-dom_0bruynb._.js:8400:150)
    at performWorkOnRootViaSchedulerTask (http://localhost:3000/_next/static/chunks/node_modules_react-dom_0bruynb._.js:9534:9)
    at MessagePort.performWorkUntilDeadline (http://localhost:3000/_next/static/chunks/node_modules_11l9xip._.js:1335:64) @ http://localhost:3000/_next/static/chunks/node_modules_next_dist_0k8zr~w._.js:1945
[   70269ms] [WARNING] Do not add stylesheets using next/head (see <link rel="stylesheet"> tag with href="https://api.fontshare.com/v2/css?f[]=satoshi@900,700,500,400,300&display=swap"). Use Document instead. 
See more info here: https://nextjs.org/docs/messages/no-stylesheets-in-head-component @ http://localhost:3000/_next/static/chunks/node_modules_next_dist_0k8zr~w._.js:1226
