[     160ms] [LOG] [Fast Refresh] rebuilding @ http://localhost:3000/_next/static/chunks/node_modules_next_dist_0k8zr~w._.js:1226
[    1420ms] [ERROR] ./components/MyPositions.tsx:13:1
Module not found: Can't resolve '@/lib/contracts'
  11 |   Outcome,
  12 | } from "@/lib/prediction-market";
> 13 | import { CONTRACTS } from "@/lib/contracts";
     | ^^^^^^^^^^^^^^^^^^^^^^^^^^^^^^^^^^^^^^^^^^^^
  14 |
  15 | const PM_ADDRESS = CONTRACTS.predictionMarket;
  16 | const WORLD_CHAIN_ID = 480;

Import map: aliased to relative './lib/contracts' inside of [project]/

Import traces:
  Browser:
    ./components/MyPositions.tsx
    ./pages/minikit.tsx

  SSR:
    ./components/MyPositions.tsx
    ./pages/minikit.tsx

https://nextjs.org/docs/messages/module-not-found @ http://localhost:3000/_next/static/chunks/node_modules_next_dist_0k8zr~w._.js:1945
[    1421ms] [ERROR] ./components/PredictionMarket.tsx:9:1
Module not found: Can't resolve '@/lib/contracts'
   7 |   Outcome,
   8 | } from "@/lib/prediction-market";
>  9 | import { CONTRACTS } from "@/lib/contracts";
     | ^^^^^^^^^^^^^^^^^^^^^^^^^^^^^^^^^^^^^^^^^^^^
  10 |
  11 | const PM_ADDRESS = CONTRACTS.predictionMarket;
  12 | const WLD_ADDRESS = CONTRACTS.wld;

Import map: aliased to relative './lib/contracts' inside of [project]/

Import traces:
  Browser:
    ./components/PredictionMarket.tsx
    ./pages/minikit.tsx

  SSR:
    ./components/PredictionMarket.tsx
    ./pages/minikit.tsx

https://nextjs.org/docs/messages/module-not-found @ http://localhost:3000/_next/static/chunks/node_modules_next_dist_0k8zr~w._.js:1945
[    1421ms] [ERROR] ./pages/minikit.tsx:6:1
Module not found: Can't resolve '@/lib/contracts'
  4 | import { Geist } from "next/font/google";
  5 | import { PREDICTION_MARKET_ABI, ERC20_ABI } from "@/lib/prediction-market";
> 6 | import { CONTRACTS } from "@/lib/contracts";
    | ^^^^^^^^^^^^^^^^^^^^^^^^^^^^^^^^^^^^^^^^^^^^
  7 | import WorldIdVerification from "@/components/WorldIdVerification";
  8 | import WalletAuth from "@/components/WalletAuth";
  9 | import PredictionMarket from "@/components/PredictionMarket";

Import map: aliased to relative './lib/contracts' inside of [project]/

https://nextjs.org/docs/messages/module-not-found @ http://localhost:3000/_next/static/chunks/node_modules_next_dist_0k8zr~w._.js:1945
[    1421ms] [ERROR] ./components/MyPositions.tsx:9:1
Module not found: Can't resolve '@/lib/prediction-market'
   7 |   formatUnits,
   8 | } from "viem";
>  9 | import {
     | ^^^^^^^
> 10 |   PREDICTION_MARKET_ABI,
     | ^^^^^^^^^^^^^^^^^^^^^^^^
> 11 |   Outcome,
     | ^^^^^^^^^^
> 12 | } from "@/lib/prediction-market";
     | ^^^^^^^^^^^^^^^^^^^^^^^^^^^^^^^^^
  13 | import { CONTRACTS } from "@/lib/contracts";
  14 |
  15 | const PM_ADDRESS = CONTRACTS.predictionMarket;

Import map: aliased to relative './lib/prediction-market' inside of [project]/

Import traces:
  Browser:
    ./components/MyPositions.tsx
    ./pages/minikit.tsx

  SSR:
    ./components/MyPositions.tsx
    ./pages/minikit.tsx

https://nextjs.org/docs/messages/module-not-found @ http://localhost:3000/_next/static/chunks/node_modules_next_dist_0k8zr~w._.js:1945
[    1421ms] [ERROR] ./components/PredictionMarket.tsx:4:1
Module not found: Can't resolve '@/lib/prediction-market'
   2 | import { MiniKit } from "@worldcoin/minikit-js";
   3 | import { encodeFunctionData, formatUnits, parseUnits } from "viem";
>  4 | import {
     | ^^^^^^^
>  5 |   PREDICTION_MARKET_ABI,
     | ^^^^^^^^^^^^^^^^^^^^^^^^
>  6 |   ERC20_ABI,
     | ^^^^^^^^^^^^
>  7 |   Outcome,
     | ^^^^^^^^^^
>  8 | } from "@/lib/prediction-market";
     | ^^^^^^^^^^^^^^^^^^^^^^^^^^^^^^^^^
   9 | import { CONTRACTS } from "@/lib/contracts";
  10 |
  11 | const PM_ADDRESS = CONTRACTS.predictionMarket;

Import map: aliased to relative './lib/prediction-market' inside of [project]/

Import traces:
  Browser:
    ./components/PredictionMarket.tsx
    ./pages/minikit.tsx

  SSR:
    ./components/PredictionMarket.tsx
    ./pages/minikit.tsx

https://nextjs.org/docs/messages/module-not-found @ http://localhost:3000/_next/static/chunks/node_modules_next_dist_0k8zr~w._.js:1945
[    1421ms] [ERROR] ./pages/minikit.tsx:5:1
Module not found: Can't resolve '@/lib/prediction-market'
  3 | import { createPublicClient, http, formatUnits } from "viem";
  4 | import { Geist } from "next/font/google";
> 5 | import { PREDICTION_MARKET_ABI, ERC20_ABI } from "@/lib/prediction-market";
    | ^^^^^^^^^^^^^^^^^^^^^^^^^^^^^^^^^^^^^^^^^^^^^^^^^^^^^^^^^^^^^^^^^^^^^^^^^^^
  6 | import { CONTRACTS } from "@/lib/contracts";
  7 | import WorldIdVerification from "@/components/WorldIdVerification";
  8 | import WalletAuth from "@/components/WalletAuth";

Import map: aliased to relative './lib/prediction-market' inside of [project]/

https://nextjs.org/docs/messages/module-not-found @ http://localhost:3000/_next/static/chunks/node_modules_next_dist_0k8zr~w._.js:1945
[    1434ms] [ERROR] Failed to load resource: the server responded with a status of 500 (Internal Server Error) @ http://localhost:3000/minikit:0
[    1465ms] [INFO] %cDownload the React DevTools for a better development experience: https://react.dev/link/react-devtools font-weight:bold @ http://localhost:3000/_next/static/chunks/node_modules_react-dom_0bruynb._.js:15305
[    1476ms] Error: ./components/MyPositions.tsx:13:1
Module not found: Can't resolve '@/lib/contracts'
  11 |   Outcome,
  12 | } from "@/lib/prediction-market";
> 13 | import { CONTRACTS } from "@/lib/contracts";
     | ^^^^^^^^^^^^^^^^^^^^^^^^^^^^^^^^^^^^^^^^^^^^
  14 |
  15 | const PM_ADDRESS = CONTRACTS.predictionMarket;
  16 | const WORLD_CHAIN_ID = 480;

Import map: aliased to relative './lib/contracts' inside of [project]/


Import traces:
  Browser:
    ./components/MyPositions.tsx
    ./pages/minikit.tsx

  SSR:
    ./components/MyPositions.tsx
    ./pages/minikit.tsx

https://nextjs.org/docs/messages/module-not-found


    at <unknown> (Error: ./components/MyPositions.tsx:13:1)
    at <unknown> (https://nextjs.org/docs/messages/module-not-found)
    at Object.getCompilationErrors (file:///Users/kyler/repos/smith-market/node_modules/next/dist/server/dev/hot-reloader-turbopack.js:1186:59)
    at DevBundlerService.getCompilationError (file:///Users/kyler/repos/smith-market/node_modules/next/dist/server/lib/dev-bundler-service.js:44:55)
    at DevServer.getCompilationError (file:///Users/kyler/repos/smith-market/node_modules/next/dist/server/dev/next-dev-server.js:719:42)
    at DevServer.findPageComponents (file:///Users/kyler/repos/smith-market/node_modules/next/dist/server/dev/next-dev-server.js:689:43)
    at async DevServer.renderErrorToResponseImpl (file:///Users/kyler/repos/smith-market/node_modules/next/dist/server/base-server.js:1745:26)
[    1473ms] [LOG] [HMR] connected @ http://localhost:3000/_next/static/chunks/node_modules_next_dist_0k8zr~w._.js:1226
[    1474ms] [ERROR] ./components/MyPositions.tsx:13:1
Module not found: Can't resolve '@/lib/contracts'
  11 |   Outcome,
  12 | } from "@/lib/prediction-market";
> 13 | import { CONTRACTS } from "@/lib/contracts";
     | ^^^^^^^^^^^^^^^^^^^^^^^^^^^^^^^^^^^^^^^^^^^^
  14 |
  15 | const PM_ADDRESS = CONTRACTS.predictionMarket;
  16 | const WORLD_CHAIN_ID = 480;

Import map: aliased to relative './lib/contracts' inside of [project]/

Import traces:
  Browser:
    ./components/MyPositions.tsx
    ./pages/minikit.tsx

  SSR:
    ./components/MyPositions.tsx
    ./pages/minikit.tsx

https://nextjs.org/docs/messages/module-not-found @ http://localhost:3000/_next/static/chunks/node_modules_next_dist_0k8zr~w._.js:1945
[    1474ms] [ERROR] ./components/PredictionMarket.tsx:9:1
Module not found: Can't resolve '@/lib/contracts'
   7 |   Outcome,
   8 | } from "@/lib/prediction-market";
>  9 | import { CONTRACTS } from "@/lib/contracts";
     | ^^^^^^^^^^^^^^^^^^^^^^^^^^^^^^^^^^^^^^^^^^^^
  10 |
  11 | const PM_ADDRESS = CONTRACTS.predictionMarket;
  12 | const WLD_ADDRESS = CONTRACTS.wld;

Import map: aliased to relative './lib/contracts' inside of [project]/

Import traces:
  Browser:
    ./components/PredictionMarket.tsx
    ./pages/minikit.tsx

  SSR:
    ./components/PredictionMarket.tsx
    ./pages/minikit.tsx

https://nextjs.org/docs/messages/module-not-found @ http://localhost:3000/_next/static/chunks/node_modules_next_dist_0k8zr~w._.js:1945
[    1474ms] [ERROR] ./pages/minikit.tsx:6:1
Module not found: Can't resolve '@/lib/contracts'
  4 | import { Geist } from "next/font/google";
  5 | import { PREDICTION_MARKET_ABI, ERC20_ABI } from "@/lib/prediction-market";
> 6 | import { CONTRACTS } from "@/lib/contracts";
    | ^^^^^^^^^^^^^^^^^^^^^^^^^^^^^^^^^^^^^^^^^^^^
  7 | import WorldIdVerification from "@/components/WorldIdVerification";
  8 | import WalletAuth from "@/components/WalletAuth";
  9 | import PredictionMarket from "@/components/PredictionMarket";

Import map: aliased to relative './lib/contracts' inside of [project]/

https://nextjs.org/docs/messages/module-not-found @ http://localhost:3000/_next/static/chunks/node_modules_next_dist_0k8zr~w._.js:1945
[    1475ms] [ERROR] ./components/MyPositions.tsx:9:1
Module not found: Can't resolve '@/lib/prediction-market'
   7 |   formatUnits,
   8 | } from "viem";
>  9 | import {
     | ^^^^^^^
> 10 |   PREDICTION_MARKET_ABI,
     | ^^^^^^^^^^^^^^^^^^^^^^^^
> 11 |   Outcome,
     | ^^^^^^^^^^
> 12 | } from "@/lib/prediction-market";
     | ^^^^^^^^^^^^^^^^^^^^^^^^^^^^^^^^^
  13 | import { CONTRACTS } from "@/lib/contracts";
  14 |
  15 | const PM_ADDRESS = CONTRACTS.predictionMarket;

Import map: aliased to relative './lib/prediction-market' inside of [project]/

Import traces:
  Browser:
    ./components/MyPositions.tsx
    ./pages/minikit.tsx

  SSR:
    ./components/MyPositions.tsx
    ./pages/minikit.tsx

https://nextjs.org/docs/messages/module-not-found @ http://localhost:3000/_next/static/chunks/node_modules_next_dist_0k8zr~w._.js:1945
[    1475ms] [ERROR] ./components/PredictionMarket.tsx:4:1
Module not found: Can't resolve '@/lib/prediction-market'
   2 | import { MiniKit } from "@worldcoin/minikit-js";
   3 | import { encodeFunctionData, formatUnits, parseUnits } from "viem";
>  4 | import {
     | ^^^^^^^
>  5 |   PREDICTION_MARKET_ABI,
     | ^^^^^^^^^^^^^^^^^^^^^^^^
>  6 |   ERC20_ABI,
     | ^^^^^^^^^^^^
>  7 |   Outcome,
     | ^^^^^^^^^^
>  8 | } from "@/lib/prediction-market";
     | ^^^^^^^^^^^^^^^^^^^^^^^^^^^^^^^^^
   9 | import { CONTRACTS } from "@/lib/contracts";
  10 |
  11 | const PM_ADDRESS = CONTRACTS.predictionMarket;

Import map: aliased to relative './lib/prediction-market' inside of [project]/

Import traces:
  Browser:
    ./components/PredictionMarket.tsx
    ./pages/minikit.tsx

  SSR:
    ./components/PredictionMarket.tsx
    ./pages/minikit.tsx

https://nextjs.org/docs/messages/module-not-found @ http://localhost:3000/_next/static/chunks/node_modules_next_dist_0k8zr~w._.js:1945
[    1475ms] [ERROR] ./pages/minikit.tsx:5:1
Module not found: Can't resolve '@/lib/prediction-market'
  3 | import { createPublicClient, http, formatUnits } from "viem";
  4 | import { Geist } from "next/font/google";
> 5 | import { PREDICTION_MARKET_ABI, ERC20_ABI } from "@/lib/prediction-market";
    | ^^^^^^^^^^^^^^^^^^^^^^^^^^^^^^^^^^^^^^^^^^^^^^^^^^^^^^^^^^^^^^^^^^^^^^^^^^^
  6 | import { CONTRACTS } from "@/lib/contracts";
  7 | import WorldIdVerification from "@/components/WorldIdVerification";
  8 | import WalletAuth from "@/components/WalletAuth";

Import map: aliased to relative './lib/prediction-market' inside of [project]/

https://nextjs.org/docs/messages/module-not-found @ http://localhost:3000/_next/static/chunks/node_modules_next_dist_0k8zr~w._.js:1945
[    1527ms] [ERROR] ./components/MyPositions.tsx:13:1
Module not found: Can't resolve '@/lib/contracts'
  11 |   Outcome,
  12 | } from "@/lib/prediction-market";
> 13 | import { CONTRACTS } from "@/lib/contracts";
     | ^^^^^^^^^^^^^^^^^^^^^^^^^^^^^^^^^^^^^^^^^^^^
  14 |
  15 | const PM_ADDRESS = CONTRACTS.predictionMarket;
  16 | const WORLD_CHAIN_ID = 480;

Import map: aliased to relative './lib/contracts' inside of [project]/

Import traces:
  Browser:
    ./components/MyPositions.tsx
    ./pages/minikit.tsx

  SSR:
    ./components/MyPositions.tsx
    ./pages/minikit.tsx

https://nextjs.org/docs/messages/module-not-found @ http://localhost:3000/_next/static/chunks/node_modules_next_dist_0k8zr~w._.js:1945
[    1527ms] [ERROR] ./components/PredictionMarket.tsx:9:1
Module not found: Can't resolve '@/lib/contracts'
   7 |   Outcome,
   8 | } from "@/lib/prediction-market";
>  9 | import { CONTRACTS } from "@/lib/contracts";
     | ^^^^^^^^^^^^^^^^^^^^^^^^^^^^^^^^^^^^^^^^^^^^
  10 |
  11 | const PM_ADDRESS = CONTRACTS.predictionMarket;
  12 | const WLD_ADDRESS = CONTRACTS.wld;

Import map: aliased to relative './lib/contracts' inside of [project]/

Import traces:
  Browser:
    ./components/PredictionMarket.tsx
    ./pages/minikit.tsx

  SSR:
    ./components/PredictionMarket.tsx
    ./pages/minikit.tsx

https://nextjs.org/docs/messages/module-not-found @ http://localhost:3000/_next/static/chunks/node_modules_next_dist_0k8zr~w._.js:1945
[    1527ms] [ERROR] ./pages/minikit.tsx:6:1
Module not found: Can't resolve '@/lib/contracts'
  4 | import { Geist } from "next/font/google";
  5 | import { PREDICTION_MARKET_ABI, ERC20_ABI } from "@/lib/prediction-market";
> 6 | import { CONTRACTS } from "@/lib/contracts";
    | ^^^^^^^^^^^^^^^^^^^^^^^^^^^^^^^^^^^^^^^^^^^^
  7 | import WorldIdVerification from "@/components/WorldIdVerification";
  8 | import WalletAuth from "@/components/WalletAuth";
  9 | import PredictionMarket from "@/components/PredictionMarket";

Import map: aliased to relative './lib/contracts' inside of [project]/

https://nextjs.org/docs/messages/module-not-found @ http://localhost:3000/_next/static/chunks/node_modules_next_dist_0k8zr~w._.js:1945
[    1527ms] [ERROR] ./components/MyPositions.tsx:9:1
Module not found: Can't resolve '@/lib/prediction-market'
   7 |   formatUnits,
   8 | } from "viem";
>  9 | import {
     | ^^^^^^^
> 10 |   PREDICTION_MARKET_ABI,
     | ^^^^^^^^^^^^^^^^^^^^^^^^
> 11 |   Outcome,
     | ^^^^^^^^^^
> 12 | } from "@/lib/prediction-market";
     | ^^^^^^^^^^^^^^^^^^^^^^^^^^^^^^^^^
  13 | import { CONTRACTS } from "@/lib/contracts";
  14 |
  15 | const PM_ADDRESS = CONTRACTS.predictionMarket;

Import map: aliased to relative './lib/prediction-market' inside of [project]/

Import traces:
  Browser:
    ./components/MyPositions.tsx
    ./pages/minikit.tsx

  SSR:
    ./components/MyPositions.tsx
    ./pages/minikit.tsx

https://nextjs.org/docs/messages/module-not-found @ http://localhost:3000/_next/static/chunks/node_modules_next_dist_0k8zr~w._.js:1945
[    1527ms] [ERROR] ./components/PredictionMarket.tsx:4:1
Module not found: Can't resolve '@/lib/prediction-market'
   2 | import { MiniKit } from "@worldcoin/minikit-js";
   3 | import { encodeFunctionData, formatUnits, parseUnits } from "viem";
>  4 | import {
     | ^^^^^^^
>  5 |   PREDICTION_MARKET_ABI,
     | ^^^^^^^^^^^^^^^^^^^^^^^^
>  6 |   ERC20_ABI,
     | ^^^^^^^^^^^^
>  7 |   Outcome,
     | ^^^^^^^^^^
>  8 | } from "@/lib/prediction-market";
     | ^^^^^^^^^^^^^^^^^^^^^^^^^^^^^^^^^
   9 | import { CONTRACTS } from "@/lib/contracts";
  10 |
  11 | const PM_ADDRESS = CONTRACTS.predictionMarket;

Import map: aliased to relative './lib/prediction-market' inside of [project]/

Import traces:
  Browser:
    ./components/PredictionMarket.tsx
    ./pages/minikit.tsx

  SSR:
    ./components/PredictionMarket.tsx
    ./pages/minikit.tsx

https://nextjs.org/docs/messages/module-not-found @ http://localhost:3000/_next/static/chunks/node_modules_next_dist_0k8zr~w._.js:1945
[    1527ms] [ERROR] ./pages/minikit.tsx:5:1
Module not found: Can't resolve '@/lib/prediction-market'
  3 | import { createPublicClient, http, formatUnits } from "viem";
  4 | import { Geist } from "next/font/google";
> 5 | import { PREDICTION_MARKET_ABI, ERC20_ABI } from "@/lib/prediction-market";
    | ^^^^^^^^^^^^^^^^^^^^^^^^^^^^^^^^^^^^^^^^^^^^^^^^^^^^^^^^^^^^^^^^^^^^^^^^^^^
  6 | import { CONTRACTS } from "@/lib/contracts";
  7 | import WorldIdVerification from "@/components/WorldIdVerification";
  8 | import WalletAuth from "@/components/WalletAuth";

Import map: aliased to relative './lib/prediction-market' inside of [project]/

https://nextjs.org/docs/messages/module-not-found @ http://localhost:3000/_next/static/chunks/node_modules_next_dist_0k8zr~w._.js:1945
[    1570ms] [ERROR] ./components/MyPositions.tsx:13:1
Module not found: Can't resolve '@/lib/contracts'
  11 |   Outcome,
  12 | } from "@/lib/prediction-market";
> 13 | import { CONTRACTS } from "@/lib/contracts";
     | ^^^^^^^^^^^^^^^^^^^^^^^^^^^^^^^^^^^^^^^^^^^^
  14 |
  15 | const PM_ADDRESS = CONTRACTS.predictionMarket;
  16 | const WORLD_CHAIN_ID = 480;

Import map: aliased to relative './lib/contracts' inside of [project]/

Import traces:
  Browser:
    ./components/MyPositions.tsx
    ./pages/minikit.tsx

  SSR:
    ./components/MyPositions.tsx
    ./pages/minikit.tsx

https://nextjs.org/docs/messages/module-not-found @ http://localhost:3000/_next/static/chunks/node_modules_next_dist_0k8zr~w._.js:1945
[    1570ms] [ERROR] ./components/PredictionMarket.tsx:9:1
Module not found: Can't resolve '@/lib/contracts'
   7 |   Outcome,
   8 | } from "@/lib/prediction-market";
>  9 | import { CONTRACTS } from "@/lib/contracts";
     | ^^^^^^^^^^^^^^^^^^^^^^^^^^^^^^^^^^^^^^^^^^^^
  10 |
  11 | const PM_ADDRESS = CONTRACTS.predictionMarket;
  12 | const WLD_ADDRESS = CONTRACTS.wld;

Import map: aliased to relative './lib/contracts' inside of [project]/

Import traces:
  Browser:
    ./components/PredictionMarket.tsx
    ./pages/minikit.tsx

  SSR:
    ./components/PredictionMarket.tsx
    ./pages/minikit.tsx

https://nextjs.org/docs/messages/module-not-found @ http://localhost:3000/_next/static/chunks/node_modules_next_dist_0k8zr~w._.js:1945
[    1570ms] [ERROR] ./pages/minikit.tsx:6:1
Module not found: Can't resolve '@/lib/contracts'
  4 | import { Geist } from "next/font/google";
  5 | import { PREDICTION_MARKET_ABI, ERC20_ABI } from "@/lib/prediction-market";
> 6 | import { CONTRACTS } from "@/lib/contracts";
    | ^^^^^^^^^^^^^^^^^^^^^^^^^^^^^^^^^^^^^^^^^^^^
  7 | import WorldIdVerification from "@/components/WorldIdVerification";
  8 | import WalletAuth from "@/components/WalletAuth";
  9 | import PredictionMarket from "@/components/PredictionMarket";

Import map: aliased to relative './lib/contracts' inside of [project]/

https://nextjs.org/docs/messages/module-not-found @ http://localhost:3000/_next/static/chunks/node_modules_next_dist_0k8zr~w._.js:1945
[    1570ms] [ERROR] ./components/MyPositions.tsx:9:1
Module not found: Can't resolve '@/lib/prediction-market'
   7 |   formatUnits,
   8 | } from "viem";
>  9 | import {
     | ^^^^^^^
> 10 |   PREDICTION_MARKET_ABI,
     | ^^^^^^^^^^^^^^^^^^^^^^^^
> 11 |   Outcome,
     | ^^^^^^^^^^
> 12 | } from "@/lib/prediction-market";
     | ^^^^^^^^^^^^^^^^^^^^^^^^^^^^^^^^^
  13 | import { CONTRACTS } from "@/lib/contracts";
  14 |
  15 | const PM_ADDRESS = CONTRACTS.predictionMarket;

Import map: aliased to relative './lib/prediction-market' inside of [project]/

Import traces:
  Browser:
    ./components/MyPositions.tsx
    ./pages/minikit.tsx

  SSR:
    ./components/MyPositions.tsx
    ./pages/minikit.tsx

https://nextjs.org/docs/messages/module-not-found @ http://localhost:3000/_next/static/chunks/node_modules_next_dist_0k8zr~w._.js:1945
[    1570ms] [ERROR] ./components/PredictionMarket.tsx:4:1
Module not found: Can't resolve '@/lib/prediction-market'
   2 | import { MiniKit } from "@worldcoin/minikit-js";
   3 | import { encodeFunctionData, formatUnits, parseUnits } from "viem";
>  4 | import {
     | ^^^^^^^
>  5 |   PREDICTION_MARKET_ABI,
     | ^^^^^^^^^^^^^^^^^^^^^^^^
>  6 |   ERC20_ABI,
     | ^^^^^^^^^^^^
>  7 |   Outcome,
     | ^^^^^^^^^^
>  8 | } from "@/lib/prediction-market";
     | ^^^^^^^^^^^^^^^^^^^^^^^^^^^^^^^^^
   9 | import { CONTRACTS } from "@/lib/contracts";
  10 |
  11 | const PM_ADDRESS = CONTRACTS.predictionMarket;

Import map: aliased to relative './lib/prediction-market' inside of [project]/

Import traces:
  Browser:
    ./components/PredictionMarket.tsx
    ./pages/minikit.tsx

  SSR:
    ./components/PredictionMarket.tsx
    ./pages/minikit.tsx

https://nextjs.org/docs/messages/module-not-found @ http://localhost:3000/_next/static/chunks/node_modules_next_dist_0k8zr~w._.js:1945
[    1570ms] [ERROR] ./pages/minikit.tsx:5:1
Module not found: Can't resolve '@/lib/prediction-market'
  3 | import { createPublicClient, http, formatUnits } from "viem";
  4 | import { Geist } from "next/font/google";
> 5 | import { PREDICTION_MARKET_ABI, ERC20_ABI } from "@/lib/prediction-market";
    | ^^^^^^^^^^^^^^^^^^^^^^^^^^^^^^^^^^^^^^^^^^^^^^^^^^^^^^^^^^^^^^^^^^^^^^^^^^^
  6 | import { CONTRACTS } from "@/lib/contracts";
  7 | import WorldIdVerification from "@/components/WorldIdVerification";
  8 | import WalletAuth from "@/components/WalletAuth";

Import map: aliased to relative './lib/prediction-market' inside of [project]/

https://nextjs.org/docs/messages/module-not-found @ http://localhost:3000/_next/static/chunks/node_modules_next_dist_0k8zr~w._.js:1945
[    1629ms] [LOG] [Fast Refresh] rebuilding @ http://localhost:3000/_next/static/chunks/node_modules_next_dist_0k8zr~w._.js:1226
[    4486ms] [WARNING] The resource http://localhost:3000/_next/static/media/caa3a2e1cccd8315-s.p.16t1db8_9y2o~.woff2 was preloaded using link preload but not used within a few seconds from the window's load event. Please make sure it has an appropriate `as` value and it is preloaded intentionally. @ http://localhost:3000/minikit:0
[  261448ms] [ERROR] ./components/MyPositions.tsx:13:1
Module not found: Can't resolve '@/lib/contracts'
  11 |   Outcome,
  12 | } from "@/lib/prediction-market";
> 13 | import { CONTRACTS } from "@/lib/contracts";
     | ^^^^^^^^^^^^^^^^^^^^^^^^^^^^^^^^^^^^^^^^^^^^
  14 |
  15 | const PM_ADDRESS = CONTRACTS.predictionMarket;
  16 | const WORLD_CHAIN_ID = 480;

Import map: aliased to relative './lib/contracts' inside of [project]/

Import traces:
  Browser:
    ./components/MyPositions.tsx
    ./pages/minikit.tsx

  SSR:
    ./components/MyPositions.tsx
    ./pages/minikit.tsx

https://nextjs.org/docs/messages/module-not-found @ http://localhost:3000/_next/static/chunks/node_modules_next_dist_0k8zr~w._.js:1945
[  261448ms] [ERROR] ./components/PredictionMarket.tsx:9:1
Module not found: Can't resolve '@/lib/contracts'
   7 |   Outcome,
   8 | } from "@/lib/prediction-market";
>  9 | import { CONTRACTS } from "@/lib/contracts";
     | ^^^^^^^^^^^^^^^^^^^^^^^^^^^^^^^^^^^^^^^^^^^^
  10 |
  11 | const PM_ADDRESS = CONTRACTS.predictionMarket;
  12 | const WLD_ADDRESS = CONTRACTS.wld;

Import map: aliased to relative './lib/contracts' inside of [project]/

Import traces:
  Browser:
    ./components/PredictionMarket.tsx
    ./pages/minikit.tsx

  SSR:
    ./components/PredictionMarket.tsx
    ./pages/minikit.tsx

https://nextjs.org/docs/messages/module-not-found @ http://localhost:3000/_next/static/chunks/node_modules_next_dist_0k8zr~w._.js:1945
[  261448ms] [ERROR] ./pages/minikit.tsx:6:1
Module not found: Can't resolve '@/lib/contracts'
  4 | import { Geist } from "next/font/google";
  5 | import { PREDICTION_MARKET_ABI, ERC20_ABI } from "@/lib/prediction-market";
> 6 | import { CONTRACTS } from "@/lib/contracts";
    | ^^^^^^^^^^^^^^^^^^^^^^^^^^^^^^^^^^^^^^^^^^^^
  7 | import WorldIdVerification from "@/components/WorldIdVerification";
  8 | import WalletAuth from "@/components/WalletAuth";
  9 | import PredictionMarket from "@/components/PredictionMarket";

Import map: aliased to relative './lib/contracts' inside of [project]/

https://nextjs.org/docs/messages/module-not-found @ http://localhost:3000/_next/static/chunks/node_modules_next_dist_0k8zr~w._.js:1945
[  261448ms] [ERROR] ./components/MyPositions.tsx:9:1
Module not found: Can't resolve '@/lib/prediction-market'
   7 |   formatUnits,
   8 | } from "viem";
>  9 | import {
     | ^^^^^^^
> 10 |   PREDICTION_MARKET_ABI,
     | ^^^^^^^^^^^^^^^^^^^^^^^^
> 11 |   Outcome,
     | ^^^^^^^^^^
> 12 | } from "@/lib/prediction-market";
     | ^^^^^^^^^^^^^^^^^^^^^^^^^^^^^^^^^
  13 | import { CONTRACTS } from "@/lib/contracts";
  14 |
  15 | const PM_ADDRESS = CONTRACTS.predictionMarket;

Import map: aliased to relative './lib/prediction-market' inside of [project]/

Import traces:
  Browser:
    ./components/MyPositions.tsx
    ./pages/minikit.tsx

  SSR:
    ./components/MyPositions.tsx
    ./pages/minikit.tsx

https://nextjs.org/docs/messages/module-not-found @ http://localhost:3000/_next/static/chunks/node_modules_next_dist_0k8zr~w._.js:1945
[  261448ms] [ERROR] ./components/PredictionMarket.tsx:4:1
Module not found: Can't resolve '@/lib/prediction-market'
   2 | import { MiniKit } from "@worldcoin/minikit-js";
   3 | import { encodeFunctionData, formatUnits, parseUnits } from "viem";
>  4 | import {
     | ^^^^^^^
>  5 |   PREDICTION_MARKET_ABI,
     | ^^^^^^^^^^^^^^^^^^^^^^^^
>  6 |   ERC20_ABI,
     | ^^^^^^^^^^^^
>  7 |   Outcome,
     | ^^^^^^^^^^
>  8 | } from "@/lib/prediction-market";
     | ^^^^^^^^^^^^^^^^^^^^^^^^^^^^^^^^^
   9 | import { CONTRACTS } from "@/lib/contracts";
  10 |
  11 | const PM_ADDRESS = CONTRACTS.predictionMarket;

Import map: aliased to relative './lib/prediction-market' inside of [project]/

Import traces:
  Browser:
    ./components/PredictionMarket.tsx
    ./pages/minikit.tsx

  SSR:
    ./components/PredictionMarket.tsx
    ./pages/minikit.tsx

https://nextjs.org/docs/messages/module-not-found @ http://localhost:3000/_next/static/chunks/node_modules_next_dist_0k8zr~w._.js:1945
[  261448ms] [ERROR] ./pages/minikit.tsx:5:1
Module not found: Can't resolve '@/lib/prediction-market'
  3 | import { createPublicClient, http, formatUnits } from "viem";
  4 | import { Geist } from "next/font/google";
> 5 | import { PREDICTION_MARKET_ABI, ERC20_ABI } from "@/lib/prediction-market";
    | ^^^^^^^^^^^^^^^^^^^^^^^^^^^^^^^^^^^^^^^^^^^^^^^^^^^^^^^^^^^^^^^^^^^^^^^^^^^
  6 | import { CONTRACTS } from "@/lib/contracts";
  7 | import WorldIdVerification from "@/components/WorldIdVerification";
  8 | import WalletAuth from "@/components/WalletAuth";

Import map: aliased to relative './lib/prediction-market' inside of [project]/

https://nextjs.org/docs/messages/module-not-found @ http://localhost:3000/_next/static/chunks/node_modules_next_dist_0k8zr~w._.js:1945
[  261474ms] [LOG] [Fast Refresh] rebuilding @ http://localhost:3000/_next/static/chunks/node_modules_next_dist_0k8zr~w._.js:1226
[  264536ms] [ERROR] ./components/MyPositions.tsx:13:1
Module not found: Can't resolve '@/lib/contracts'
  11 |   Outcome,
  12 | } from "@/lib/prediction-market";
> 13 | import { CONTRACTS } from "@/lib/contracts";
     | ^^^^^^^^^^^^^^^^^^^^^^^^^^^^^^^^^^^^^^^^^^^^
  14 |
  15 | const PM_ADDRESS = CONTRACTS.predictionMarket;
  16 | const WORLD_CHAIN_ID = 480;

Import map: aliased to relative './lib/contracts' inside of [project]/

Import traces:
  Browser:
    ./components/MyPositions.tsx
    ./pages/minikit.tsx

  SSR:
    ./components/MyPositions.tsx
    ./pages/minikit.tsx

https://nextjs.org/docs/messages/module-not-found @ http://localhost:3000/_next/static/chunks/node_modules_next_dist_0k8zr~w._.js:1945
[  264536ms] [ERROR] ./components/PredictionMarket.tsx:9:1
Module not found: Can't resolve '@/lib/contracts'
   7 |   Outcome,
   8 | } from "@/lib/prediction-market";
>  9 | import { CONTRACTS } from "@/lib/contracts";
     | ^^^^^^^^^^^^^^^^^^^^^^^^^^^^^^^^^^^^^^^^^^^^
  10 |
  11 | const PM_ADDRESS = CONTRACTS.predictionMarket;
  12 | const WLD_ADDRESS = CONTRACTS.wld;

Import map: aliased to relative './lib/contracts' inside of [project]/

Import traces:
  Browser:
    ./components/PredictionMarket.tsx
    ./pages/minikit.tsx

  SSR:
    ./components/PredictionMarket.tsx
    ./pages/minikit.tsx

https://nextjs.org/docs/messages/module-not-found @ http://localhost:3000/_next/static/chunks/node_modules_next_dist_0k8zr~w._.js:1945
[  264536ms] [ERROR] ./pages/minikit.tsx:6:1
Module not found: Can't resolve '@/lib/contracts'
  4 | import { Geist } from "next/font/google";
  5 | import { PREDICTION_MARKET_ABI, ERC20_ABI } from "@/lib/prediction-market";
> 6 | import { CONTRACTS } from "@/lib/contracts";
    | ^^^^^^^^^^^^^^^^^^^^^^^^^^^^^^^^^^^^^^^^^^^^
  7 | import WorldIdVerification from "@/components/WorldIdVerification";
  8 | import WalletAuth from "@/components/WalletAuth";
  9 | import PredictionMarket from "@/components/PredictionMarket";

Import map: aliased to relative './lib/contracts' inside of [project]/

https://nextjs.org/docs/messages/module-not-found @ http://localhost:3000/_next/static/chunks/node_modules_next_dist_0k8zr~w._.js:1945
[  264536ms] [ERROR] ./components/MyPositions.tsx:9:1
Module not found: Can't resolve '@/lib/prediction-market'
   7 |   formatUnits,
   8 | } from "viem";
>  9 | import {
     | ^^^^^^^
> 10 |   PREDICTION_MARKET_ABI,
     | ^^^^^^^^^^^^^^^^^^^^^^^^
> 11 |   Outcome,
     | ^^^^^^^^^^
> 12 | } from "@/lib/prediction-market";
     | ^^^^^^^^^^^^^^^^^^^^^^^^^^^^^^^^^
  13 | import { CONTRACTS } from "@/lib/contracts";
  14 |
  15 | const PM_ADDRESS = CONTRACTS.predictionMarket;

Import map: aliased to relative './lib/prediction-market' inside of [project]/

Import traces:
  Browser:
    ./components/MyPositions.tsx
    ./pages/minikit.tsx

  SSR:
    ./components/MyPositions.tsx
    ./pages/minikit.tsx

https://nextjs.org/docs/messages/module-not-found @ http://localhost:3000/_next/static/chunks/node_modules_next_dist_0k8zr~w._.js:1945
[  264536ms] [ERROR] ./components/PredictionMarket.tsx:4:1
Module not found: Can't resolve '@/lib/prediction-market'
   2 | import { MiniKit } from "@worldcoin/minikit-js";
   3 | import { encodeFunctionData, formatUnits, parseUnits } from "viem";
>  4 | import {
     | ^^^^^^^
>  5 |   PREDICTION_MARKET_ABI,
     | ^^^^^^^^^^^^^^^^^^^^^^^^
>  6 |   ERC20_ABI,
     | ^^^^^^^^^^^^
>  7 |   Outcome,
     | ^^^^^^^^^^
>  8 | } from "@/lib/prediction-market";
     | ^^^^^^^^^^^^^^^^^^^^^^^^^^^^^^^^^
   9 | import { CONTRACTS } from "@/lib/contracts";
  10 |
  11 | const PM_ADDRESS = CONTRACTS.predictionMarket;

Import map: aliased to relative './lib/prediction-market' inside of [project]/

Import traces:
  Browser:
    ./components/PredictionMarket.tsx
    ./pages/minikit.tsx

  SSR:
    ./components/PredictionMarket.tsx
    ./pages/minikit.tsx

https://nextjs.org/docs/messages/module-not-found @ http://localhost:3000/_next/static/chunks/node_modules_next_dist_0k8zr~w._.js:1945
[  264536ms] [ERROR] ./pages/minikit.tsx:5:1
Module not found: Can't resolve '@/lib/prediction-market'
  3 | import { createPublicClient, http, formatUnits } from "viem";
  4 | import { Geist } from "next/font/google";
> 5 | import { PREDICTION_MARKET_ABI, ERC20_ABI } from "@/lib/prediction-market";
    | ^^^^^^^^^^^^^^^^^^^^^^^^^^^^^^^^^^^^^^^^^^^^^^^^^^^^^^^^^^^^^^^^^^^^^^^^^^^
  6 | import { CONTRACTS } from "@/lib/contracts";
  7 | import WorldIdVerification from "@/components/WorldIdVerification";
  8 | import WalletAuth from "@/components/WalletAuth";

Import map: aliased to relative './lib/prediction-market' inside of [project]/

https://nextjs.org/docs/messages/module-not-found @ http://localhost:3000/_next/static/chunks/node_modules_next_dist_0k8zr~w._.js:1945
[  264605ms] [LOG] [Fast Refresh] rebuilding @ http://localhost:3000/_next/static/chunks/node_modules_next_dist_0k8zr~w._.js:1226
[  299339ms] [LOG] [Fast Refresh] rebuilding @ http://localhost:3000/_next/static/chunks/node_modules_next_dist_0k8zr~w._.js:1226
[  299353ms] [ERROR] ./components/MyPositions.tsx:13:1
Module not found: Can't resolve '@/lib/contracts'
  11 |   Outcome,
  12 | } from "@/lib/prediction-market";
> 13 | import { CONTRACTS } from "@/lib/contracts";
     | ^^^^^^^^^^^^^^^^^^^^^^^^^^^^^^^^^^^^^^^^^^^^
  14 |
  15 | const PM_ADDRESS = CONTRACTS.predictionMarket;
  16 | const WORLD_CHAIN_ID = 480;

Import map: aliased to relative './lib/contracts' inside of [project]/

Import traces:
  Browser:
    ./components/MyPositions.tsx
    ./pages/minikit.tsx

  SSR:
    ./components/MyPositions.tsx
    ./pages/minikit.tsx

https://nextjs.org/docs/messages/module-not-found @ http://localhost:3000/_next/static/chunks/node_modules_next_dist_0k8zr~w._.js:1945
[  299353ms] [ERROR] ./components/PredictionMarket.tsx:9:1
Module not found: Can't resolve '@/lib/contracts'
   7 |   Outcome,
   8 | } from "@/lib/prediction-market";
>  9 | import { CONTRACTS } from "@/lib/contracts";
     | ^^^^^^^^^^^^^^^^^^^^^^^^^^^^^^^^^^^^^^^^^^^^
  10 |
  11 | const PM_ADDRESS = CONTRACTS.predictionMarket;
  12 | const WLD_ADDRESS = CONTRACTS.wld;

Import map: aliased to relative './lib/contracts' inside of [project]/

Import traces:
  Browser:
    ./components/PredictionMarket.tsx
    ./pages/minikit.tsx

  SSR:
    ./components/PredictionMarket.tsx
    ./pages/minikit.tsx

https://nextjs.org/docs/messages/module-not-found @ http://localhost:3000/_next/static/chunks/node_modules_next_dist_0k8zr~w._.js:1945
[  299353ms] [ERROR] ./pages/minikit.tsx:6:1
Module not found: Can't resolve '@/lib/contracts'
  4 | import { Geist } from "next/font/google";
  5 | import { PREDICTION_MARKET_ABI, ERC20_ABI } from "@/lib/prediction-market";
> 6 | import { CONTRACTS } from "@/lib/contracts";
    | ^^^^^^^^^^^^^^^^^^^^^^^^^^^^^^^^^^^^^^^^^^^^
  7 | import WorldIdVerification from "@/components/WorldIdVerification";
  8 | import WalletAuth from "@/components/WalletAuth";
  9 | import PredictionMarket from "@/components/PredictionMarket";

Import map: aliased to relative './lib/contracts' inside of [project]/

https://nextjs.org/docs/messages/module-not-found @ http://localhost:3000/_next/static/chunks/node_modules_next_dist_0k8zr~w._.js:1945
[  299353ms] [ERROR] ./components/MyPositions.tsx:9:1
Module not found: Can't resolve '@/lib/prediction-market'
   7 |   formatUnits,
   8 | } from "viem";
>  9 | import {
     | ^^^^^^^
> 10 |   PREDICTION_MARKET_ABI,
     | ^^^^^^^^^^^^^^^^^^^^^^^^
> 11 |   Outcome,
     | ^^^^^^^^^^
> 12 | } from "@/lib/prediction-market";
     | ^^^^^^^^^^^^^^^^^^^^^^^^^^^^^^^^^
  13 | import { CONTRACTS } from "@/lib/contracts";
  14 |
  15 | const PM_ADDRESS = CONTRACTS.predictionMarket;

Import map: aliased to relative './lib/prediction-market' inside of [project]/

Import traces:
  Browser:
    ./components/MyPositions.tsx
    ./pages/minikit.tsx

  SSR:
    ./components/MyPositions.tsx
    ./pages/minikit.tsx

https://nextjs.org/docs/messages/module-not-found @ http://localhost:3000/_next/static/chunks/node_modules_next_dist_0k8zr~w._.js:1945
[  299353ms] [ERROR] ./components/PredictionMarket.tsx:4:1
Module not found: Can't resolve '@/lib/prediction-market'
   2 | import { MiniKit } from "@worldcoin/minikit-js";
   3 | import { encodeFunctionData, formatUnits, parseUnits } from "viem";
>  4 | import {
     | ^^^^^^^
>  5 |   PREDICTION_MARKET_ABI,
     | ^^^^^^^^^^^^^^^^^^^^^^^^
>  6 |   ERC20_ABI,
     | ^^^^^^^^^^^^
>  7 |   Outcome,
     | ^^^^^^^^^^
>  8 | } from "@/lib/prediction-market";
     | ^^^^^^^^^^^^^^^^^^^^^^^^^^^^^^^^^
   9 | import { CONTRACTS } from "@/lib/contracts";
  10 |
  11 | const PM_ADDRESS = CONTRACTS.predictionMarket;

Import map: aliased to relative './lib/prediction-market' inside of [project]/

Import traces:
  Browser:
    ./components/PredictionMarket.tsx
    ./pages/minikit.tsx

  SSR:
    ./components/PredictionMarket.tsx
    ./pages/minikit.tsx

https://nextjs.org/docs/messages/module-not-found @ http://localhost:3000/_next/static/chunks/node_modules_next_dist_0k8zr~w._.js:1945
[  299353ms] [ERROR] ./pages/minikit.tsx:5:1
Module not found: Can't resolve '@/lib/prediction-market'
  3 | import { createPublicClient, http, formatUnits } from "viem";
  4 | import { Geist } from "next/font/google";
> 5 | import { PREDICTION_MARKET_ABI, ERC20_ABI } from "@/lib/prediction-market";
    | ^^^^^^^^^^^^^^^^^^^^^^^^^^^^^^^^^^^^^^^^^^^^^^^^^^^^^^^^^^^^^^^^^^^^^^^^^^^
  6 | import { CONTRACTS } from "@/lib/contracts";
  7 | import WorldIdVerification from "@/components/WorldIdVerification";
  8 | import WalletAuth from "@/components/WalletAuth";

Import map: aliased to relative './lib/prediction-market' inside of [project]/

https://nextjs.org/docs/messages/module-not-found @ http://localhost:3000/_next/static/chunks/node_modules_next_dist_0k8zr~w._.js:1945
[  381924ms] [ERROR] ./components/MyPositions.tsx:13:1
Module not found: Can't resolve '@/lib/contracts'
  11 |   Outcome,
  12 | } from "@/lib/prediction-market";
> 13 | import { CONTRACTS } from "@/lib/contracts";
     | ^^^^^^^^^^^^^^^^^^^^^^^^^^^^^^^^^^^^^^^^^^^^
  14 |
  15 | const PM_ADDRESS = CONTRACTS.predictionMarket;
  16 | const WORLD_CHAIN_ID = 480;

Import map: aliased to relative './lib/contracts' inside of [project]/

Import traces:
  Browser:
    ./components/MyPositions.tsx
    ./pages/minikit.tsx

  SSR:
    ./components/MyPositions.tsx
    ./pages/minikit.tsx

https://nextjs.org/docs/messages/module-not-found @ http://localhost:3000/_next/static/chunks/node_modules_next_dist_0k8zr~w._.js:1945
[  381924ms] [ERROR] ./components/PredictionMarket.tsx:9:1
Module not found: Can't resolve '@/lib/contracts'
   7 |   Outcome,
   8 | } from "@/lib/prediction-market";
>  9 | import { CONTRACTS } from "@/lib/contracts";
     | ^^^^^^^^^^^^^^^^^^^^^^^^^^^^^^^^^^^^^^^^^^^^
  10 |
  11 | const PM_ADDRESS = CONTRACTS.predictionMarket;
  12 | const WLD_ADDRESS = CONTRACTS.wld;

Import map: aliased to relative './lib/contracts' inside of [project]/

Import traces:
  Browser:
    ./components/PredictionMarket.tsx
    ./pages/minikit.tsx

  SSR:
    ./components/PredictionMarket.tsx
    ./pages/minikit.tsx

https://nextjs.org/docs/messages/module-not-found @ http://localhost:3000/_next/static/chunks/node_modules_next_dist_0k8zr~w._.js:1945
[  381924ms] [ERROR] ./pages/minikit.tsx:6:1
Module not found: Can't resolve '@/lib/contracts'
  4 | import { Geist } from "next/font/google";
  5 | import { PREDICTION_MARKET_ABI, ERC20_ABI } from "@/lib/prediction-market";
> 6 | import { CONTRACTS } from "@/lib/contracts";
    | ^^^^^^^^^^^^^^^^^^^^^^^^^^^^^^^^^^^^^^^^^^^^
  7 | import WorldIdVerification from "@/components/WorldIdVerification";
  8 | import WalletAuth from "@/components/WalletAuth";
  9 | import PredictionMarket from "@/components/PredictionMarket";

Import map: aliased to relative './lib/contracts' inside of [project]/

https://nextjs.org/docs/messages/module-not-found @ http://localhost:3000/_next/static/chunks/node_modules_next_dist_0k8zr~w._.js:1945
[  381924ms] [ERROR] ./components/MyPositions.tsx:9:1
Module not found: Can't resolve '@/lib/prediction-market'
   7 |   formatUnits,
   8 | } from "viem";
>  9 | import {
     | ^^^^^^^
> 10 |   PREDICTION_MARKET_ABI,
     | ^^^^^^^^^^^^^^^^^^^^^^^^
> 11 |   Outcome,
     | ^^^^^^^^^^
> 12 | } from "@/lib/prediction-market";
     | ^^^^^^^^^^^^^^^^^^^^^^^^^^^^^^^^^
  13 | import { CONTRACTS } from "@/lib/contracts";
  14 |
  15 | const PM_ADDRESS = CONTRACTS.predictionMarket;

Import map: aliased to relative './lib/prediction-market' inside of [project]/

Import traces:
  Browser:
    ./components/MyPositions.tsx
    ./pages/minikit.tsx

  SSR:
    ./components/MyPositions.tsx
    ./pages/minikit.tsx

https://nextjs.org/docs/messages/module-not-found @ http://localhost:3000/_next/static/chunks/node_modules_next_dist_0k8zr~w._.js:1945
[  381924ms] [ERROR] ./components/PredictionMarket.tsx:4:1
Module not found: Can't resolve '@/lib/prediction-market'
   2 | import { MiniKit } from "@worldcoin/minikit-js";
   3 | import { encodeFunctionData, formatUnits, parseUnits } from "viem";
>  4 | import {
     | ^^^^^^^
>  5 |   PREDICTION_MARKET_ABI,
     | ^^^^^^^^^^^^^^^^^^^^^^^^
>  6 |   ERC20_ABI,
     | ^^^^^^^^^^^^
>  7 |   Outcome,
     | ^^^^^^^^^^
>  8 | } from "@/lib/prediction-market";
     | ^^^^^^^^^^^^^^^^^^^^^^^^^^^^^^^^^
   9 | import { CONTRACTS } from "@/lib/contracts";
  10 |
  11 | const PM_ADDRESS = CONTRACTS.predictionMarket;

Import map: aliased to relative './lib/prediction-market' inside of [project]/

Import traces:
  Browser:
    ./components/PredictionMarket.tsx
    ./pages/minikit.tsx

  SSR:
    ./components/PredictionMarket.tsx
    ./pages/minikit.tsx

https://nextjs.org/docs/messages/module-not-found @ http://localhost:3000/_next/static/chunks/node_modules_next_dist_0k8zr~w._.js:1945
[  381925ms] [ERROR] ./pages/minikit.tsx:5:1
Module not found: Can't resolve '@/lib/prediction-market'
  3 | import { createPublicClient, http, formatUnits } from "viem";
  4 | import { Geist } from "next/font/google";
> 5 | import { PREDICTION_MARKET_ABI, ERC20_ABI } from "@/lib/prediction-market";
    | ^^^^^^^^^^^^^^^^^^^^^^^^^^^^^^^^^^^^^^^^^^^^^^^^^^^^^^^^^^^^^^^^^^^^^^^^^^^
  6 | import { CONTRACTS } from "@/lib/contracts";
  7 | import WorldIdVerification from "@/components/WorldIdVerification";
  8 | import WalletAuth from "@/components/WalletAuth";

Import map: aliased to relative './lib/prediction-market' inside of [project]/

https://nextjs.org/docs/messages/module-not-found @ http://localhost:3000/_next/static/chunks/node_modules_next_dist_0k8zr~w._.js:1945
[  381939ms] [LOG] [Fast Refresh] rebuilding @ http://localhost:3000/_next/static/chunks/node_modules_next_dist_0k8zr~w._.js:1226
[  382371ms] [ERROR] ./components/MyPositions.tsx:13:1
Module not found: Can't resolve '@/lib/contracts'
  11 |   Outcome,
  12 | } from "@/lib/prediction-market";
> 13 | import { CONTRACTS } from "@/lib/contracts";
     | ^^^^^^^^^^^^^^^^^^^^^^^^^^^^^^^^^^^^^^^^^^^^
  14 |
  15 | const PM_ADDRESS = CONTRACTS.predictionMarket;
  16 | const WORLD_CHAIN_ID = 480;

Import map: aliased to relative './lib/contracts' inside of [project]/

Import traces:
  Browser:
    ./components/MyPositions.tsx
    ./pages/minikit.tsx

  SSR:
    ./components/MyPositions.tsx
    ./pages/minikit.tsx

https://nextjs.org/docs/messages/module-not-found @ http://localhost:3000/_next/static/chunks/node_modules_next_dist_0k8zr~w._.js:1945
[  382371ms] [ERROR] ./components/PredictionMarket.tsx:9:1
Module not found: Can't resolve '@/lib/contracts'
   7 |   Outcome,
   8 | } from "@/lib/prediction-market";
>  9 | import { CONTRACTS } from "@/lib/contracts";
     | ^^^^^^^^^^^^^^^^^^^^^^^^^^^^^^^^^^^^^^^^^^^^
  10 |
  11 | const PM_ADDRESS = CONTRACTS.predictionMarket;
  12 | const WLD_ADDRESS = CONTRACTS.wld;

Import map: aliased to relative './lib/contracts' inside of [project]/

Import traces:
  Browser:
    ./components/PredictionMarket.tsx
    ./pages/minikit.tsx

  SSR:
    ./components/PredictionMarket.tsx
    ./pages/minikit.tsx

https://nextjs.org/docs/messages/module-not-found @ http://localhost:3000/_next/static/chunks/node_modules_next_dist_0k8zr~w._.js:1945
[  382371ms] [ERROR] ./pages/minikit.tsx:6:1
Module not found: Can't resolve '@/lib/contracts'
  4 | import { Geist } from "next/font/google";
  5 | import { PREDICTION_MARKET_ABI, ERC20_ABI } from "@/lib/prediction-market";
> 6 | import { CONTRACTS } from "@/lib/contracts";
    | ^^^^^^^^^^^^^^^^^^^^^^^^^^^^^^^^^^^^^^^^^^^^
  7 | import WorldIdVerification from "@/components/WorldIdVerification";
  8 | import WalletAuth from "@/components/WalletAuth";
  9 | import PredictionMarket from "@/components/PredictionMarket";

Import map: aliased to relative './lib/contracts' inside of [project]/

https://nextjs.org/docs/messages/module-not-found @ http://localhost:3000/_next/static/chunks/node_modules_next_dist_0k8zr~w._.js:1945
[  382371ms] [ERROR] ./components/MyPositions.tsx:9:1
Module not found: Can't resolve '@/lib/prediction-market'
   7 |   formatUnits,
   8 | } from "viem";
>  9 | import {
     | ^^^^^^^
> 10 |   PREDICTION_MARKET_ABI,
     | ^^^^^^^^^^^^^^^^^^^^^^^^
> 11 |   Outcome,
     | ^^^^^^^^^^
> 12 | } from "@/lib/prediction-market";
     | ^^^^^^^^^^^^^^^^^^^^^^^^^^^^^^^^^
  13 | import { CONTRACTS } from "@/lib/contracts";
  14 |
  15 | const PM_ADDRESS = CONTRACTS.predictionMarket;

Import map: aliased to relative './lib/prediction-market' inside of [project]/

Import traces:
  Browser:
    ./components/MyPositions.tsx
    ./pages/minikit.tsx

  SSR:
    ./components/MyPositions.tsx
    ./pages/minikit.tsx

https://nextjs.org/docs/messages/module-not-found @ http://localhost:3000/_next/static/chunks/node_modules_next_dist_0k8zr~w._.js:1945
[  382371ms] [ERROR] ./components/PredictionMarket.tsx:4:1
Module not found: Can't resolve '@/lib/prediction-market'
   2 | import { MiniKit } from "@worldcoin/minikit-js";
   3 | import { encodeFunctionData, formatUnits, parseUnits } from "viem";
>  4 | import {
     | ^^^^^^^
>  5 |   PREDICTION_MARKET_ABI,
     | ^^^^^^^^^^^^^^^^^^^^^^^^
>  6 |   ERC20_ABI,
     | ^^^^^^^^^^^^
>  7 |   Outcome,
     | ^^^^^^^^^^
>  8 | } from "@/lib/prediction-market";
     | ^^^^^^^^^^^^^^^^^^^^^^^^^^^^^^^^^
   9 | import { CONTRACTS } from "@/lib/contracts";
  10 |
  11 | const PM_ADDRESS = CONTRACTS.predictionMarket;

Import map: aliased to relative './lib/prediction-market' inside of [project]/

Import traces:
  Browser:
    ./components/PredictionMarket.tsx
    ./pages/minikit.tsx

  SSR:
    ./components/PredictionMarket.tsx
    ./pages/minikit.tsx

https://nextjs.org/docs/messages/module-not-found @ http://localhost:3000/_next/static/chunks/node_modules_next_dist_0k8zr~w._.js:1945
[  382371ms] [ERROR] ./pages/minikit.tsx:5:1
Module not found: Can't resolve '@/lib/prediction-market'
  3 | import { createPublicClient, http, formatUnits } from "viem";
  4 | import { Geist } from "next/font/google";
> 5 | import { PREDICTION_MARKET_ABI, ERC20_ABI } from "@/lib/prediction-market";
    | ^^^^^^^^^^^^^^^^^^^^^^^^^^^^^^^^^^^^^^^^^^^^^^^^^^^^^^^^^^^^^^^^^^^^^^^^^^^
  6 | import { CONTRACTS } from "@/lib/contracts";
  7 | import WorldIdVerification from "@/components/WorldIdVerification";
  8 | import WalletAuth from "@/components/WalletAuth";

Import map: aliased to relative './lib/prediction-market' inside of [project]/

https://nextjs.org/docs/messages/module-not-found @ http://localhost:3000/_next/static/chunks/node_modules_next_dist_0k8zr~w._.js:1945
[  382416ms] [LOG] [Fast Refresh] rebuilding @ http://localhost:3000/_next/static/chunks/node_modules_next_dist_0k8zr~w._.js:1226
[  382545ms] [ERROR] ./components/MyPositions.tsx:13:1
Module not found: Can't resolve '@/lib/contracts'
  11 |   Outcome,
  12 | } from "@/lib/prediction-market";
> 13 | import { CONTRACTS } from "@/lib/contracts";
     | ^^^^^^^^^^^^^^^^^^^^^^^^^^^^^^^^^^^^^^^^^^^^
  14 |
  15 | const PM_ADDRESS = CONTRACTS.predictionMarket;
  16 | const WORLD_CHAIN_ID = 480;

Import map: aliased to relative './lib/contracts' inside of [project]/

Import traces:
  Browser:
    ./components/MyPositions.tsx
    ./pages/minikit.tsx

  SSR:
    ./components/MyPositions.tsx
    ./pages/minikit.tsx

https://nextjs.org/docs/messages/module-not-found @ http://localhost:3000/_next/static/chunks/node_modules_next_dist_0k8zr~w._.js:1945
[  382545ms] [ERROR] ./components/PredictionMarket.tsx:9:1
Module not found: Can't resolve '@/lib/contracts'
   7 |   Outcome,
   8 | } from "@/lib/prediction-market";
>  9 | import { CONTRACTS } from "@/lib/contracts";
     | ^^^^^^^^^^^^^^^^^^^^^^^^^^^^^^^^^^^^^^^^^^^^
  10 |
  11 | const PM_ADDRESS = CONTRACTS.predictionMarket;
  12 | const WLD_ADDRESS = CONTRACTS.wld;

Import map: aliased to relative './lib/contracts' inside of [project]/

Import traces:
  Browser:
    ./components/PredictionMarket.tsx
    ./pages/minikit.tsx

  SSR:
    ./components/PredictionMarket.tsx
    ./pages/minikit.tsx

https://nextjs.org/docs/messages/module-not-found @ http://localhost:3000/_next/static/chunks/node_modules_next_dist_0k8zr~w._.js:1945
[  382545ms] [ERROR] ./pages/minikit.tsx:6:1
Module not found: Can't resolve '@/lib/contracts'
  4 | import { Geist } from "next/font/google";
  5 | import { PREDICTION_MARKET_ABI, ERC20_ABI } from "@/lib/prediction-market";
> 6 | import { CONTRACTS } from "@/lib/contracts";
    | ^^^^^^^^^^^^^^^^^^^^^^^^^^^^^^^^^^^^^^^^^^^^
  7 | import WorldIdVerification from "@/components/WorldIdVerification";
  8 | import WalletAuth from "@/components/WalletAuth";
  9 | import PredictionMarket from "@/components/PredictionMarket";

Import map: aliased to relative './lib/contracts' inside of [project]/

https://nextjs.org/docs/messages/module-not-found @ http://localhost:3000/_next/static/chunks/node_modules_next_dist_0k8zr~w._.js:1945
[  382545ms] [ERROR] ./components/MyPositions.tsx:9:1
Module not found: Can't resolve '@/lib/prediction-market'
   7 |   formatUnits,
   8 | } from "viem";
>  9 | import {
     | ^^^^^^^
> 10 |   PREDICTION_MARKET_ABI,
     | ^^^^^^^^^^^^^^^^^^^^^^^^
> 11 |   Outcome,
     | ^^^^^^^^^^
> 12 | } from "@/lib/prediction-market";
     | ^^^^^^^^^^^^^^^^^^^^^^^^^^^^^^^^^
  13 | import { CONTRACTS } from "@/lib/contracts";
  14 |
  15 | const PM_ADDRESS = CONTRACTS.predictionMarket;

Import map: aliased to relative './lib/prediction-market' inside of [project]/

Import traces:
  Browser:
    ./components/MyPositions.tsx
    ./pages/minikit.tsx

  SSR:
    ./components/MyPositions.tsx
    ./pages/minikit.tsx

https://nextjs.org/docs/messages/module-not-found @ http://localhost:3000/_next/static/chunks/node_modules_next_dist_0k8zr~w._.js:1945
[  382545ms] [ERROR] ./components/PredictionMarket.tsx:4:1
Module not found: Can't resolve '@/lib/prediction-market'
   2 | import { MiniKit } from "@worldcoin/minikit-js";
   3 | import { encodeFunctionData, formatUnits, parseUnits } from "viem";
>  4 | import {
     | ^^^^^^^
>  5 |   PREDICTION_MARKET_ABI,
     | ^^^^^^^^^^^^^^^^^^^^^^^^
>  6 |   ERC20_ABI,
     | ^^^^^^^^^^^^
>  7 |   Outcome,
     | ^^^^^^^^^^
>  8 | } from "@/lib/prediction-market";
     | ^^^^^^^^^^^^^^^^^^^^^^^^^^^^^^^^^
   9 | import { CONTRACTS } from "@/lib/contracts";
  10 |
  11 | const PM_ADDRESS = CONTRACTS.predictionMarket;

Import map: aliased to relative './lib/prediction-market' inside of [project]/

Import traces:
  Browser:
    ./components/PredictionMarket.tsx
    ./pages/minikit.tsx

  SSR:
    ./components/PredictionMarket.tsx
    ./pages/minikit.tsx

https://nextjs.org/docs/messages/module-not-found @ http://localhost:3000/_next/static/chunks/node_modules_next_dist_0k8zr~w._.js:1945
[  382545ms] [ERROR] ./pages/minikit.tsx:5:1
Module not found: Can't resolve '@/lib/prediction-market'
  3 | import { createPublicClient, http, formatUnits } from "viem";
  4 | import { Geist } from "next/font/google";
> 5 | import { PREDICTION_MARKET_ABI, ERC20_ABI } from "@/lib/prediction-market";
    | ^^^^^^^^^^^^^^^^^^^^^^^^^^^^^^^^^^^^^^^^^^^^^^^^^^^^^^^^^^^^^^^^^^^^^^^^^^^
  6 | import { CONTRACTS } from "@/lib/contracts";
  7 | import WorldIdVerification from "@/components/WorldIdVerification";
  8 | import WalletAuth from "@/components/WalletAuth";

Import map: aliased to relative './lib/prediction-market' inside of [project]/

https://nextjs.org/docs/messages/module-not-found @ http://localhost:3000/_next/static/chunks/node_modules_next_dist_0k8zr~w._.js:1945
[  382613ms] [LOG] [Fast Refresh] rebuilding @ http://localhost:3000/_next/static/chunks/node_modules_next_dist_0k8zr~w._.js:1226
[  383106ms] [ERROR] ./components/MyPositions.tsx:13:1
Module not found: Can't resolve '@/lib/contracts'
  11 |   Outcome,
  12 | } from "@/lib/prediction-market";
> 13 | import { CONTRACTS } from "@/lib/contracts";
     | ^^^^^^^^^^^^^^^^^^^^^^^^^^^^^^^^^^^^^^^^^^^^
  14 |
  15 | const PM_ADDRESS = CONTRACTS.predictionMarket;
  16 | const WORLD_CHAIN_ID = 480;

Import map: aliased to relative './lib/contracts' inside of [project]/

Import traces:
  Browser:
    ./components/MyPositions.tsx
    ./pages/minikit.tsx

  SSR:
    ./components/MyPositions.tsx
    ./pages/minikit.tsx

https://nextjs.org/docs/messages/module-not-found @ http://localhost:3000/_next/static/chunks/node_modules_next_dist_0k8zr~w._.js:1945
[  383106ms] [ERROR] ./components/PredictionMarket.tsx:9:1
Module not found: Can't resolve '@/lib/contracts'
   7 |   Outcome,
   8 | } from "@/lib/prediction-market";
>  9 | import { CONTRACTS } from "@/lib/contracts";
     | ^^^^^^^^^^^^^^^^^^^^^^^^^^^^^^^^^^^^^^^^^^^^
  10 |
  11 | const PM_ADDRESS = CONTRACTS.predictionMarket;
  12 | const WLD_ADDRESS = CONTRACTS.wld;

Import map: aliased to relative './lib/contracts' inside of [project]/

Import traces:
  Browser:
    ./components/PredictionMarket.tsx
    ./pages/minikit.tsx

  SSR:
    ./components/PredictionMarket.tsx
    ./pages/minikit.tsx

https://nextjs.org/docs/messages/module-not-found @ http://localhost:3000/_next/static/chunks/node_modules_next_dist_0k8zr~w._.js:1945
[  383106ms] [ERROR] ./pages/minikit.tsx:6:1
Module not found: Can't resolve '@/lib/contracts'
  4 | import { Geist } from "next/font/google";
  5 | import { PREDICTION_MARKET_ABI, ERC20_ABI } from "@/lib/prediction-market";
> 6 | import { CONTRACTS } from "@/lib/contracts";
    | ^^^^^^^^^^^^^^^^^^^^^^^^^^^^^^^^^^^^^^^^^^^^
  7 | import WorldIdVerification from "@/components/WorldIdVerification";
  8 | import WalletAuth from "@/components/WalletAuth";
  9 | import PredictionMarket from "@/components/PredictionMarket";

Import map: aliased to relative './lib/contracts' inside of [project]/

https://nextjs.org/docs/messages/module-not-found @ http://localhost:3000/_next/static/chunks/node_modules_next_dist_0k8zr~w._.js:1945
[  383106ms] [ERROR] ./components/MyPositions.tsx:9:1
Module not found: Can't resolve '@/lib/prediction-market'
   7 |   formatUnits,
   8 | } from "viem";
>  9 | import {
     | ^^^^^^^
> 10 |   PREDICTION_MARKET_ABI,
     | ^^^^^^^^^^^^^^^^^^^^^^^^
> 11 |   Outcome,
     | ^^^^^^^^^^
> 12 | } from "@/lib/prediction-market";
     | ^^^^^^^^^^^^^^^^^^^^^^^^^^^^^^^^^
  13 | import { CONTRACTS } from "@/lib/contracts";
  14 |
  15 | const PM_ADDRESS = CONTRACTS.predictionMarket;

Import map: aliased to relative './lib/prediction-market' inside of [project]/

Import traces:
  Browser:
    ./components/MyPositions.tsx
    ./pages/minikit.tsx

  SSR:
    ./components/MyPositions.tsx
    ./pages/minikit.tsx

https://nextjs.org/docs/messages/module-not-found @ http://localhost:3000/_next/static/chunks/node_modules_next_dist_0k8zr~w._.js:1945
[  383106ms] [ERROR] ./components/PredictionMarket.tsx:4:1
Module not found: Can't resolve '@/lib/prediction-market'
   2 | import { MiniKit } from "@worldcoin/minikit-js";
   3 | import { encodeFunctionData, formatUnits, parseUnits } from "viem";
>  4 | import {
     | ^^^^^^^
>  5 |   PREDICTION_MARKET_ABI,
     | ^^^^^^^^^^^^^^^^^^^^^^^^
>  6 |   ERC20_ABI,
     | ^^^^^^^^^^^^
>  7 |   Outcome,
     | ^^^^^^^^^^
>  8 | } from "@/lib/prediction-market";
     | ^^^^^^^^^^^^^^^^^^^^^^^^^^^^^^^^^
   9 | import { CONTRACTS } from "@/lib/contracts";
  10 |
  11 | const PM_ADDRESS = CONTRACTS.predictionMarket;

Import map: aliased to relative './lib/prediction-market' inside of [project]/

Import traces:
  Browser:
    ./components/PredictionMarket.tsx
    ./pages/minikit.tsx

  SSR:
    ./components/PredictionMarket.tsx
    ./pages/minikit.tsx

https://nextjs.org/docs/messages/module-not-found @ http://localhost:3000/_next/static/chunks/node_modules_next_dist_0k8zr~w._.js:1945
[  383106ms] [ERROR] ./pages/minikit.tsx:5:1
Module not found: Can't resolve '@/lib/prediction-market'
  3 | import { createPublicClient, http, formatUnits } from "viem";
  4 | import { Geist } from "next/font/google";
> 5 | import { PREDICTION_MARKET_ABI, ERC20_ABI } from "@/lib/prediction-market";
    | ^^^^^^^^^^^^^^^^^^^^^^^^^^^^^^^^^^^^^^^^^^^^^^^^^^^^^^^^^^^^^^^^^^^^^^^^^^^
  6 | import { CONTRACTS } from "@/lib/contracts";
  7 | import WorldIdVerification from "@/components/WorldIdVerification";
  8 | import WalletAuth from "@/components/WalletAuth";

Import map: aliased to relative './lib/prediction-market' inside of [project]/

https://nextjs.org/docs/messages/module-not-found @ http://localhost:3000/_next/static/chunks/node_modules_next_dist_0k8zr~w._.js:1945
[  383175ms] [LOG] [Fast Refresh] rebuilding @ http://localhost:3000/_next/static/chunks/node_modules_next_dist_0k8zr~w._.js:1226
[  384239ms] [ERROR] ./components/MyPositions.tsx:13:1
Module not found: Can't resolve '@/lib/contracts'
  11 |   Outcome,
  12 | } from "@/lib/prediction-market";
> 13 | import { CONTRACTS } from "@/lib/contracts";
     | ^^^^^^^^^^^^^^^^^^^^^^^^^^^^^^^^^^^^^^^^^^^^
  14 |
  15 | const PM_ADDRESS = CONTRACTS.predictionMarket;
  16 | const WORLD_CHAIN_ID = 480;

Import map: aliased to relative './lib/contracts' inside of [project]/

Import traces:
  Browser:
    ./components/MyPositions.tsx
    ./pages/minikit.tsx

  SSR:
    ./components/MyPositions.tsx
    ./pages/minikit.tsx

https://nextjs.org/docs/messages/module-not-found @ http://localhost:3000/_next/static/chunks/node_modules_next_dist_0k8zr~w._.js:1945
[  384239ms] [ERROR] ./components/PredictionMarket.tsx:9:1
Module not found: Can't resolve '@/lib/contracts'
   7 |   Outcome,
   8 | } from "@/lib/prediction-market";
>  9 | import { CONTRACTS } from "@/lib/contracts";
     | ^^^^^^^^^^^^^^^^^^^^^^^^^^^^^^^^^^^^^^^^^^^^
  10 |
  11 | const PM_ADDRESS = CONTRACTS.predictionMarket;
  12 | const WLD_ADDRESS = CONTRACTS.wld;

Import map: aliased to relative './lib/contracts' inside of [project]/

Import traces:
  Browser:
    ./components/PredictionMarket.tsx
    ./pages/minikit.tsx

  SSR:
    ./components/PredictionMarket.tsx
    ./pages/minikit.tsx

https://nextjs.org/docs/messages/module-not-found @ http://localhost:3000/_next/static/chunks/node_modules_next_dist_0k8zr~w._.js:1945
[  384239ms] [ERROR] ./pages/minikit.tsx:6:1
Module not found: Can't resolve '@/lib/contracts'
  4 | import { Geist } from "next/font/google";
  5 | import { PREDICTION_MARKET_ABI, ERC20_ABI } from "@/lib/prediction-market";
> 6 | import { CONTRACTS } from "@/lib/contracts";
    | ^^^^^^^^^^^^^^^^^^^^^^^^^^^^^^^^^^^^^^^^^^^^
  7 | import WorldIdVerification from "@/components/WorldIdVerification";
  8 | import WalletAuth from "@/components/WalletAuth";
  9 | import PredictionMarket from "@/components/PredictionMarket";

Import map: aliased to relative './lib/contracts' inside of [project]/

https://nextjs.org/docs/messages/module-not-found @ http://localhost:3000/_next/static/chunks/node_modules_next_dist_0k8zr~w._.js:1945
[  384239ms] [ERROR] ./components/MyPositions.tsx:9:1
Module not found: Can't resolve '@/lib/prediction-market'
   7 |   formatUnits,
   8 | } from "viem";
>  9 | import {
     | ^^^^^^^
> 10 |   PREDICTION_MARKET_ABI,
     | ^^^^^^^^^^^^^^^^^^^^^^^^
> 11 |   Outcome,
     | ^^^^^^^^^^
> 12 | } from "@/lib/prediction-market";
     | ^^^^^^^^^^^^^^^^^^^^^^^^^^^^^^^^^
  13 | import { CONTRACTS } from "@/lib/contracts";
  14 |
  15 | const PM_ADDRESS = CONTRACTS.predictionMarket;

Import map: aliased to relative './lib/prediction-market' inside of [project]/

Import traces:
  Browser:
    ./components/MyPositions.tsx
    ./pages/minikit.tsx

  SSR:
    ./components/MyPositions.tsx
    ./pages/minikit.tsx

https://nextjs.org/docs/messages/module-not-found @ http://localhost:3000/_next/static/chunks/node_modules_next_dist_0k8zr~w._.js:1945
[  384239ms] [ERROR] ./components/PredictionMarket.tsx:4:1
Module not found: Can't resolve '@/lib/prediction-market'
   2 | import { MiniKit } from "@worldcoin/minikit-js";
   3 | import { encodeFunctionData, formatUnits, parseUnits } from "viem";
>  4 | import {
     | ^^^^^^^
>  5 |   PREDICTION_MARKET_ABI,
     | ^^^^^^^^^^^^^^^^^^^^^^^^
>  6 |   ERC20_ABI,
     | ^^^^^^^^^^^^
>  7 |   Outcome,
     | ^^^^^^^^^^
>  8 | } from "@/lib/prediction-market";
     | ^^^^^^^^^^^^^^^^^^^^^^^^^^^^^^^^^
   9 | import { CONTRACTS } from "@/lib/contracts";
  10 |
  11 | const PM_ADDRESS = CONTRACTS.predictionMarket;

Import map: aliased to relative './lib/prediction-market' inside of [project]/

Import traces:
  Browser:
    ./components/PredictionMarket.tsx
    ./pages/minikit.tsx

  SSR:
    ./components/PredictionMarket.tsx
    ./pages/minikit.tsx

https://nextjs.org/docs/messages/module-not-found @ http://localhost:3000/_next/static/chunks/node_modules_next_dist_0k8zr~w._.js:1945
[  384239ms] [ERROR] ./pages/minikit.tsx:5:1
Module not found: Can't resolve '@/lib/prediction-market'
  3 | import { createPublicClient, http, formatUnits } from "viem";
  4 | import { Geist } from "next/font/google";
> 5 | import { PREDICTION_MARKET_ABI, ERC20_ABI } from "@/lib/prediction-market";
    | ^^^^^^^^^^^^^^^^^^^^^^^^^^^^^^^^^^^^^^^^^^^^^^^^^^^^^^^^^^^^^^^^^^^^^^^^^^^
  6 | import { CONTRACTS } from "@/lib/contracts";
  7 | import WorldIdVerification from "@/components/WorldIdVerification";
  8 | import WalletAuth from "@/components/WalletAuth";

Import map: aliased to relative './lib/prediction-market' inside of [project]/

https://nextjs.org/docs/messages/module-not-found @ http://localhost:3000/_next/static/chunks/node_modules_next_dist_0k8zr~w._.js:1945
[  384322ms] [ERROR] ./components/MyPositions.tsx:13:1
Module not found: Can't resolve '@/lib/contracts'
  11 |   Outcome,
  12 | } from "@/lib/prediction-market";
> 13 | import { CONTRACTS } from "@/lib/contracts";
     | ^^^^^^^^^^^^^^^^^^^^^^^^^^^^^^^^^^^^^^^^^^^^
  14 |
  15 | const PM_ADDRESS = CONTRACTS.predictionMarket;
  16 | const WORLD_CHAIN_ID = 480;

Import map: aliased to relative './lib/contracts' inside of [project]/

Import traces:
  Browser:
    ./components/MyPositions.tsx
    ./pages/minikit.tsx

  SSR:
    ./components/MyPositions.tsx
    ./pages/minikit.tsx

https://nextjs.org/docs/messages/module-not-found @ http://localhost:3000/_next/static/chunks/node_modules_next_dist_0k8zr~w._.js:1945
[  384322ms] [ERROR] ./components/PredictionMarket.tsx:9:1
Module not found: Can't resolve '@/lib/contracts'
   7 |   Outcome,
   8 | } from "@/lib/prediction-market";
>  9 | import { CONTRACTS } from "@/lib/contracts";
     | ^^^^^^^^^^^^^^^^^^^^^^^^^^^^^^^^^^^^^^^^^^^^
  10 |
  11 | const PM_ADDRESS = CONTRACTS.predictionMarket;
  12 | const WLD_ADDRESS = CONTRACTS.wld;

Import map: aliased to relative './lib/contracts' inside of [project]/

Import traces:
  Browser:
    ./components/PredictionMarket.tsx
    ./pages/minikit.tsx

  SSR:
    ./components/PredictionMarket.tsx
    ./pages/minikit.tsx

https://nextjs.org/docs/messages/module-not-found @ http://localhost:3000/_next/static/chunks/node_modules_next_dist_0k8zr~w._.js:1945
[  384322ms] [ERROR] ./pages/minikit.tsx:6:1
Module not found: Can't resolve '@/lib/contracts'
  4 | import { Geist } from "next/font/google";
  5 | import { PREDICTION_MARKET_ABI, ERC20_ABI } from "@/lib/prediction-market";
> 6 | import { CONTRACTS } from "@/lib/contracts";
    | ^^^^^^^^^^^^^^^^^^^^^^^^^^^^^^^^^^^^^^^^^^^^
  7 | import WorldIdVerification from "@/components/WorldIdVerification";
  8 | import WalletAuth from "@/components/WalletAuth";
  9 | import PredictionMarket from "@/components/PredictionMarket";

Import map: aliased to relative './lib/contracts' inside of [project]/

https://nextjs.org/docs/messages/module-not-found @ http://localhost:3000/_next/static/chunks/node_modules_next_dist_0k8zr~w._.js:1945
[  384322ms] [ERROR] ./components/MyPositions.tsx:9:1
Module not found: Can't resolve '@/lib/prediction-market'
   7 |   formatUnits,
   8 | } from "viem";
>  9 | import {
     | ^^^^^^^
> 10 |   PREDICTION_MARKET_ABI,
     | ^^^^^^^^^^^^^^^^^^^^^^^^
> 11 |   Outcome,
     | ^^^^^^^^^^
> 12 | } from "@/lib/prediction-market";
     | ^^^^^^^^^^^^^^^^^^^^^^^^^^^^^^^^^
  13 | import { CONTRACTS } from "@/lib/contracts";
  14 |
  15 | const PM_ADDRESS = CONTRACTS.predictionMarket;

Import map: aliased to relative './lib/prediction-market' inside of [project]/

Import traces:
  Browser:
    ./components/MyPositions.tsx
    ./pages/minikit.tsx

  SSR:
    ./components/MyPositions.tsx
    ./pages/minikit.tsx

https://nextjs.org/docs/messages/module-not-found @ http://localhost:3000/_next/static/chunks/node_modules_next_dist_0k8zr~w._.js:1945
[  384322ms] [ERROR] ./components/PredictionMarket.tsx:4:1
Module not found: Can't resolve '@/lib/prediction-market'
   2 | import { MiniKit } from "@worldcoin/minikit-js";
   3 | import { encodeFunctionData, formatUnits, parseUnits } from "viem";
>  4 | import {
     | ^^^^^^^
>  5 |   PREDICTION_MARKET_ABI,
     | ^^^^^^^^^^^^^^^^^^^^^^^^
>  6 |   ERC20_ABI,
     | ^^^^^^^^^^^^
>  7 |   Outcome,
     | ^^^^^^^^^^
>  8 | } from "@/lib/prediction-market";
     | ^^^^^^^^^^^^^^^^^^^^^^^^^^^^^^^^^
   9 | import { CONTRACTS } from "@/lib/contracts";
  10 |
  11 | const PM_ADDRESS = CONTRACTS.predictionMarket;

Import map: aliased to relative './lib/prediction-market' inside of [project]/

Import traces:
  Browser:
    ./components/PredictionMarket.tsx
    ./pages/minikit.tsx

  SSR:
    ./components/PredictionMarket.tsx
    ./pages/minikit.tsx

https://nextjs.org/docs/messages/module-not-found @ http://localhost:3000/_next/static/chunks/node_modules_next_dist_0k8zr~w._.js:1945
[  384322ms] [ERROR] ./pages/minikit.tsx:5:1
Module not found: Can't resolve '@/lib/prediction-market'
  3 | import { createPublicClient, http, formatUnits } from "viem";
  4 | import { Geist } from "next/font/google";
> 5 | import { PREDICTION_MARKET_ABI, ERC20_ABI } from "@/lib/prediction-market";
    | ^^^^^^^^^^^^^^^^^^^^^^^^^^^^^^^^^^^^^^^^^^^^^^^^^^^^^^^^^^^^^^^^^^^^^^^^^^^
  6 | import { CONTRACTS } from "@/lib/contracts";
  7 | import WorldIdVerification from "@/components/WorldIdVerification";
  8 | import WalletAuth from "@/components/WalletAuth";

Import map: aliased to relative './lib/prediction-market' inside of [project]/

https://nextjs.org/docs/messages/module-not-found @ http://localhost:3000/_next/static/chunks/node_modules_next_dist_0k8zr~w._.js:1945
[  384391ms] [LOG] [Fast Refresh] rebuilding @ http://localhost:3000/_next/static/chunks/node_modules_next_dist_0k8zr~w._.js:1226
[  384494ms] [ERROR] ./components/MyPositions.tsx:13:1
Module not found: Can't resolve '@/lib/contracts'
  11 |   Outcome,
  12 | } from "@/lib/prediction-market";
> 13 | import { CONTRACTS } from "@/lib/contracts";
     | ^^^^^^^^^^^^^^^^^^^^^^^^^^^^^^^^^^^^^^^^^^^^
  14 |
  15 | const PM_ADDRESS = CONTRACTS.predictionMarket;
  16 | const WORLD_CHAIN_ID = 480;

Import map: aliased to relative './lib/contracts' inside of [project]/

Import traces:
  Browser:
    ./components/MyPositions.tsx
    ./pages/minikit.tsx

  SSR:
    ./components/MyPositions.tsx
    ./pages/minikit.tsx

https://nextjs.org/docs/messages/module-not-found @ http://localhost:3000/_next/static/chunks/node_modules_next_dist_0k8zr~w._.js:1945
[  384495ms] [ERROR] ./components/PredictionMarket.tsx:9:1
Module not found: Can't resolve '@/lib/contracts'
   7 |   Outcome,
   8 | } from "@/lib/prediction-market";
>  9 | import { CONTRACTS } from "@/lib/contracts";
     | ^^^^^^^^^^^^^^^^^^^^^^^^^^^^^^^^^^^^^^^^^^^^
  10 |
  11 | const PM_ADDRESS = CONTRACTS.predictionMarket;
  12 | const WLD_ADDRESS = CONTRACTS.wld;

Import map: aliased to relative './lib/contracts' inside of [project]/

Import traces:
  Browser:
    ./components/PredictionMarket.tsx
    ./pages/minikit.tsx

  SSR:
    ./components/PredictionMarket.tsx
    ./pages/minikit.tsx

https://nextjs.org/docs/messages/module-not-found @ http://localhost:3000/_next/static/chunks/node_modules_next_dist_0k8zr~w._.js:1945
[  384495ms] [ERROR] ./pages/minikit.tsx:6:1
Module not found: Can't resolve '@/lib/contracts'
  4 | import { Geist } from "next/font/google";
  5 | import { PREDICTION_MARKET_ABI, ERC20_ABI } from "@/lib/prediction-market";
> 6 | import { CONTRACTS } from "@/lib/contracts";
    | ^^^^^^^^^^^^^^^^^^^^^^^^^^^^^^^^^^^^^^^^^^^^
  7 | import WorldIdVerification from "@/components/WorldIdVerification";
  8 | import WalletAuth from "@/components/WalletAuth";
  9 | import PredictionMarket from "@/components/PredictionMarket";

Import map: aliased to relative './lib/contracts' inside of [project]/

https://nextjs.org/docs/messages/module-not-found @ http://localhost:3000/_next/static/chunks/node_modules_next_dist_0k8zr~w._.js:1945
[  384495ms] [ERROR] ./components/MyPositions.tsx:9:1
Module not found: Can't resolve '@/lib/prediction-market'
   7 |   formatUnits,
   8 | } from "viem";
>  9 | import {
     | ^^^^^^^
> 10 |   PREDICTION_MARKET_ABI,
     | ^^^^^^^^^^^^^^^^^^^^^^^^
> 11 |   Outcome,
     | ^^^^^^^^^^
> 12 | } from "@/lib/prediction-market";
     | ^^^^^^^^^^^^^^^^^^^^^^^^^^^^^^^^^
  13 | import { CONTRACTS } from "@/lib/contracts";
  14 |
  15 | const PM_ADDRESS = CONTRACTS.predictionMarket;

Import map: aliased to relative './lib/prediction-market' inside of [project]/

Import traces:
  Browser:
    ./components/MyPositions.tsx
    ./pages/minikit.tsx

  SSR:
    ./components/MyPositions.tsx
    ./pages/minikit.tsx

https://nextjs.org/docs/messages/module-not-found @ http://localhost:3000/_next/static/chunks/node_modules_next_dist_0k8zr~w._.js:1945
[  384495ms] [ERROR] ./components/PredictionMarket.tsx:4:1
Module not found: Can't resolve '@/lib/prediction-market'
   2 | import { MiniKit } from "@worldcoin/minikit-js";
   3 | import { encodeFunctionData, formatUnits, parseUnits } from "viem";
>  4 | import {
     | ^^^^^^^
>  5 |   PREDICTION_MARKET_ABI,
     | ^^^^^^^^^^^^^^^^^^^^^^^^
>  6 |   ERC20_ABI,
     | ^^^^^^^^^^^^
>  7 |   Outcome,
     | ^^^^^^^^^^
>  8 | } from "@/lib/prediction-market";
     | ^^^^^^^^^^^^^^^^^^^^^^^^^^^^^^^^^
   9 | import { CONTRACTS } from "@/lib/contracts";
  10 |
  11 | const PM_ADDRESS = CONTRACTS.predictionMarket;

Import map: aliased to relative './lib/prediction-market' inside of [project]/

Import traces:
  Browser:
    ./components/PredictionMarket.tsx
    ./pages/minikit.tsx

  SSR:
    ./components/PredictionMarket.tsx
    ./pages/minikit.tsx

https://nextjs.org/docs/messages/module-not-found @ http://localhost:3000/_next/static/chunks/node_modules_next_dist_0k8zr~w._.js:1945
[  384495ms] [ERROR] ./pages/minikit.tsx:5:1
Module not found: Can't resolve '@/lib/prediction-market'
  3 | import { createPublicClient, http, formatUnits } from "viem";
  4 | import { Geist } from "next/font/google";
> 5 | import { PREDICTION_MARKET_ABI, ERC20_ABI } from "@/lib/prediction-market";
    | ^^^^^^^^^^^^^^^^^^^^^^^^^^^^^^^^^^^^^^^^^^^^^^^^^^^^^^^^^^^^^^^^^^^^^^^^^^^
  6 | import { CONTRACTS } from "@/lib/contracts";
  7 | import WorldIdVerification from "@/components/WorldIdVerification";
  8 | import WalletAuth from "@/components/WalletAuth";

Import map: aliased to relative './lib/prediction-market' inside of [project]/

https://nextjs.org/docs/messages/module-not-found @ http://localhost:3000/_next/static/chunks/node_modules_next_dist_0k8zr~w._.js:1945
[  384563ms] [LOG] [Fast Refresh] rebuilding @ http://localhost:3000/_next/static/chunks/node_modules_next_dist_0k8zr~w._.js:1226
[  389408ms] [ERROR] ./components/MyPositions.tsx:13:1
Module not found: Can't resolve '@/lib/contracts'
  11 |   Outcome,
  12 | } from "@/lib/prediction-market";
> 13 | import { CONTRACTS } from "@/lib/contracts";
     | ^^^^^^^^^^^^^^^^^^^^^^^^^^^^^^^^^^^^^^^^^^^^
  14 |
  15 | const PM_ADDRESS = CONTRACTS.predictionMarket;
  16 | const WORLD_CHAIN_ID = 480;

Import map: aliased to relative './lib/contracts' inside of [project]/

Import traces:
  Browser:
    ./components/MyPositions.tsx
    ./pages/minikit.tsx

  SSR:
    ./components/MyPositions.tsx
    ./pages/minikit.tsx

https://nextjs.org/docs/messages/module-not-found @ http://localhost:3000/_next/static/chunks/node_modules_next_dist_0k8zr~w._.js:1945
[  389408ms] [ERROR] ./components/PredictionMarket.tsx:9:1
Module not found: Can't resolve '@/lib/contracts'
   7 |   Outcome,
   8 | } from "@/lib/prediction-market";
>  9 | import { CONTRACTS } from "@/lib/contracts";
     | ^^^^^^^^^^^^^^^^^^^^^^^^^^^^^^^^^^^^^^^^^^^^
  10 |
  11 | const PM_ADDRESS = CONTRACTS.predictionMarket;
  12 | const WLD_ADDRESS = CONTRACTS.wld;

Import map: aliased to relative './lib/contracts' inside of [project]/

Import traces:
  Browser:
    ./components/PredictionMarket.tsx
    ./pages/minikit.tsx

  SSR:
    ./components/PredictionMarket.tsx
    ./pages/minikit.tsx

https://nextjs.org/docs/messages/module-not-found @ http://localhost:3000/_next/static/chunks/node_modules_next_dist_0k8zr~w._.js:1945
[  389408ms] [ERROR] ./pages/minikit.tsx:6:1
Module not found: Can't resolve '@/lib/contracts'
  4 | import { Geist } from "next/font/google";
  5 | import { PREDICTION_MARKET_ABI, ERC20_ABI } from "@/lib/prediction-market";
> 6 | import { CONTRACTS } from "@/lib/contracts";
    | ^^^^^^^^^^^^^^^^^^^^^^^^^^^^^^^^^^^^^^^^^^^^
  7 | import WorldIdVerification from "@/components/WorldIdVerification";
  8 | import WalletAuth from "@/components/WalletAuth";
  9 | import PredictionMarket from "@/components/PredictionMarket";

Import map: aliased to relative './lib/contracts' inside of [project]/

https://nextjs.org/docs/messages/module-not-found @ http://localhost:3000/_next/static/chunks/node_modules_next_dist_0k8zr~w._.js:1945
[  389408ms] [ERROR] ./components/MyPositions.tsx:9:1
Module not found: Can't resolve '@/lib/prediction-market'
   7 |   formatUnits,
   8 | } from "viem";
>  9 | import {
     | ^^^^^^^
> 10 |   PREDICTION_MARKET_ABI,
     | ^^^^^^^^^^^^^^^^^^^^^^^^
> 11 |   Outcome,
     | ^^^^^^^^^^
> 12 | } from "@/lib/prediction-market";
     | ^^^^^^^^^^^^^^^^^^^^^^^^^^^^^^^^^
  13 | import { CONTRACTS } from "@/lib/contracts";
  14 |
  15 | const PM_ADDRESS = CONTRACTS.predictionMarket;

Import map: aliased to relative './lib/prediction-market' inside of [project]/

Import traces:
  Browser:
    ./components/MyPositions.tsx
    ./pages/minikit.tsx

  SSR:
    ./components/MyPositions.tsx
    ./pages/minikit.tsx

https://nextjs.org/docs/messages/module-not-found @ http://localhost:3000/_next/static/chunks/node_modules_next_dist_0k8zr~w._.js:1945
[  389408ms] [ERROR] ./components/PredictionMarket.tsx:4:1
Module not found: Can't resolve '@/lib/prediction-market'
   2 | import { MiniKit } from "@worldcoin/minikit-js";
   3 | import { encodeFunctionData, formatUnits, parseUnits } from "viem";
>  4 | import {
     | ^^^^^^^
>  5 |   PREDICTION_MARKET_ABI,
     | ^^^^^^^^^^^^^^^^^^^^^^^^
>  6 |   ERC20_ABI,
     | ^^^^^^^^^^^^
>  7 |   Outcome,
     | ^^^^^^^^^^
>  8 | } from "@/lib/prediction-market";
     | ^^^^^^^^^^^^^^^^^^^^^^^^^^^^^^^^^
   9 | import { CONTRACTS } from "@/lib/contracts";
  10 |
  11 | const PM_ADDRESS = CONTRACTS.predictionMarket;

Import map: aliased to relative './lib/prediction-market' inside of [project]/

Import traces:
  Browser:
    ./components/PredictionMarket.tsx
    ./pages/minikit.tsx

  SSR:
    ./components/PredictionMarket.tsx
    ./pages/minikit.tsx

https://nextjs.org/docs/messages/module-not-found @ http://localhost:3000/_next/static/chunks/node_modules_next_dist_0k8zr~w._.js:1945
[  389408ms] [ERROR] ./pages/minikit.tsx:5:1
Module not found: Can't resolve '@/lib/prediction-market'
  3 | import { createPublicClient, http, formatUnits } from "viem";
  4 | import { Geist } from "next/font/google";
> 5 | import { PREDICTION_MARKET_ABI, ERC20_ABI } from "@/lib/prediction-market";
    | ^^^^^^^^^^^^^^^^^^^^^^^^^^^^^^^^^^^^^^^^^^^^^^^^^^^^^^^^^^^^^^^^^^^^^^^^^^^
  6 | import { CONTRACTS } from "@/lib/contracts";
  7 | import WorldIdVerification from "@/components/WorldIdVerification";
  8 | import WalletAuth from "@/components/WalletAuth";

Import map: aliased to relative './lib/prediction-market' inside of [project]/

https://nextjs.org/docs/messages/module-not-found @ http://localhost:3000/_next/static/chunks/node_modules_next_dist_0k8zr~w._.js:1945
[  389475ms] [LOG] [Fast Refresh] rebuilding @ http://localhost:3000/_next/static/chunks/node_modules_next_dist_0k8zr~w._.js:1226
[  730740ms] [ERROR] ./components/MyPositions.tsx:13:1
Module not found: Can't resolve '@/lib/contracts'
  11 |   Outcome,
  12 | } from "@/lib/prediction-market";
> 13 | import { CONTRACTS } from "@/lib/contracts";
     | ^^^^^^^^^^^^^^^^^^^^^^^^^^^^^^^^^^^^^^^^^^^^
  14 |
  15 | const PM_ADDRESS = CONTRACTS.predictionMarket;
  16 | const WORLD_CHAIN_ID = 480;

Import map: aliased to relative './lib/contracts' inside of [project]/

Import traces:
  Browser:
    ./components/MyPositions.tsx
    ./pages/minikit.tsx

  SSR:
    ./components/MyPositions.tsx
    ./pages/minikit.tsx

https://nextjs.org/docs/messages/module-not-found @ http://localhost:3000/_next/static/chunks/node_modules_next_dist_0k8zr~w._.js:1945
[  730740ms] [ERROR] ./components/PredictionMarket.tsx:9:1
Module not found: Can't resolve '@/lib/contracts'
   7 |   Outcome,
   8 | } from "@/lib/prediction-market";
>  9 | import { CONTRACTS } from "@/lib/contracts";
     | ^^^^^^^^^^^^^^^^^^^^^^^^^^^^^^^^^^^^^^^^^^^^
  10 |
  11 | const PM_ADDRESS = CONTRACTS.predictionMarket;
  12 | const WLD_ADDRESS = CONTRACTS.wld;

Import map: aliased to relative './lib/contracts' inside of [project]/

Import traces:
  Browser:
    ./components/PredictionMarket.tsx
    ./pages/minikit.tsx

  SSR:
    ./components/PredictionMarket.tsx
    ./pages/minikit.tsx

https://nextjs.org/docs/messages/module-not-found @ http://localhost:3000/_next/static/chunks/node_modules_next_dist_0k8zr~w._.js:1945
[  730740ms] [ERROR] ./pages/minikit.tsx:6:1
Module not found: Can't resolve '@/lib/contracts'
  4 | import { Geist } from "next/font/google";
  5 | import { PREDICTION_MARKET_ABI, ERC20_ABI } from "@/lib/prediction-market";
> 6 | import { CONTRACTS } from "@/lib/contracts";
    | ^^^^^^^^^^^^^^^^^^^^^^^^^^^^^^^^^^^^^^^^^^^^
  7 | import WorldIdVerification from "@/components/WorldIdVerification";
  8 | import WalletAuth from "@/components/WalletAuth";
  9 | import PredictionMarket from "@/components/PredictionMarket";

Import map: aliased to relative './lib/contracts' inside of [project]/

https://nextjs.org/docs/messages/module-not-found @ http://localhost:3000/_next/static/chunks/node_modules_next_dist_0k8zr~w._.js:1945
[  730740ms] [ERROR] ./components/MyPositions.tsx:9:1
Module not found: Can't resolve '@/lib/prediction-market'
   7 |   formatUnits,
   8 | } from "viem";
>  9 | import {
     | ^^^^^^^
> 10 |   PREDICTION_MARKET_ABI,
     | ^^^^^^^^^^^^^^^^^^^^^^^^
> 11 |   Outcome,
     | ^^^^^^^^^^
> 12 | } from "@/lib/prediction-market";
     | ^^^^^^^^^^^^^^^^^^^^^^^^^^^^^^^^^
  13 | import { CONTRACTS } from "@/lib/contracts";
  14 |
  15 | const PM_ADDRESS = CONTRACTS.predictionMarket;

Import map: aliased to relative './lib/prediction-market' inside of [project]/

Import traces:
  Browser:
    ./components/MyPositions.tsx
    ./pages/minikit.tsx

  SSR:
    ./components/MyPositions.tsx
    ./pages/minikit.tsx

https://nextjs.org/docs/messages/module-not-found @ http://localhost:3000/_next/static/chunks/node_modules_next_dist_0k8zr~w._.js:1945
[  730740ms] [ERROR] ./components/PredictionMarket.tsx:4:1
Module not found: Can't resolve '@/lib/prediction-market'
   2 | import { MiniKit } from "@worldcoin/minikit-js";
   3 | import { encodeFunctionData, formatUnits, parseUnits } from "viem";
>  4 | import {
     | ^^^^^^^
>  5 |   PREDICTION_MARKET_ABI,
     | ^^^^^^^^^^^^^^^^^^^^^^^^
>  6 |   ERC20_ABI,
     | ^^^^^^^^^^^^
>  7 |   Outcome,
     | ^^^^^^^^^^
>  8 | } from "@/lib/prediction-market";
     | ^^^^^^^^^^^^^^^^^^^^^^^^^^^^^^^^^
   9 | import { CONTRACTS } from "@/lib/contracts";
  10 |
  11 | const PM_ADDRESS = CONTRACTS.predictionMarket;

Import map: aliased to relative './lib/prediction-market' inside of [project]/

Import traces:
  Browser:
    ./components/PredictionMarket.tsx
    ./pages/minikit.tsx

  SSR:
    ./components/PredictionMarket.tsx
    ./pages/minikit.tsx

https://nextjs.org/docs/messages/module-not-found @ http://localhost:3000/_next/static/chunks/node_modules_next_dist_0k8zr~w._.js:1945
[  730740ms] [ERROR] ./pages/minikit.tsx:5:1
Module not found: Can't resolve '@/lib/prediction-market'
  3 | import { createPublicClient, http, formatUnits } from "viem";
  4 | import { Geist } from "next/font/google";
> 5 | import { PREDICTION_MARKET_ABI, ERC20_ABI } from "@/lib/prediction-market";
    | ^^^^^^^^^^^^^^^^^^^^^^^^^^^^^^^^^^^^^^^^^^^^^^^^^^^^^^^^^^^^^^^^^^^^^^^^^^^
  6 | import { CONTRACTS } from "@/lib/contracts";
  7 | import WorldIdVerification from "@/components/WorldIdVerification";
  8 | import WalletAuth from "@/components/WalletAuth";

Import map: aliased to relative './lib/prediction-market' inside of [project]/

https://nextjs.org/docs/messages/module-not-found @ http://localhost:3000/_next/static/chunks/node_modules_next_dist_0k8zr~w._.js:1945
[  730780ms] [LOG] [Fast Refresh] rebuilding @ http://localhost:3000/_next/static/chunks/node_modules_next_dist_0k8zr~w._.js:1226
[  731198ms] [ERROR] ./components/MyPositions.tsx:13:1
Module not found: Can't resolve '@/lib/contracts'
  11 |   Outcome,
  12 | } from "@/lib/prediction-market";
> 13 | import { CONTRACTS } from "@/lib/contracts";
     | ^^^^^^^^^^^^^^^^^^^^^^^^^^^^^^^^^^^^^^^^^^^^
  14 |
  15 | const PM_ADDRESS = CONTRACTS.predictionMarket;
  16 | const WORLD_CHAIN_ID = 480;

Import map: aliased to relative './lib/contracts' inside of [project]/

Import traces:
  Browser:
    ./components/MyPositions.tsx
    ./pages/minikit.tsx

  SSR:
    ./components/MyPositions.tsx
    ./pages/minikit.tsx

https://nextjs.org/docs/messages/module-not-found @ http://localhost:3000/_next/static/chunks/node_modules_next_dist_0k8zr~w._.js:1945
[  731198ms] [ERROR] ./components/PredictionMarket.tsx:9:1
Module not found: Can't resolve '@/lib/contracts'
   7 |   Outcome,
   8 | } from "@/lib/prediction-market";
>  9 | import { CONTRACTS } from "@/lib/contracts";
     | ^^^^^^^^^^^^^^^^^^^^^^^^^^^^^^^^^^^^^^^^^^^^
  10 |
  11 | const PM_ADDRESS = CONTRACTS.predictionMarket;
  12 | const WLD_ADDRESS = CONTRACTS.wld;

Import map: aliased to relative './lib/contracts' inside of [project]/

Import traces:
  Browser:
    ./components/PredictionMarket.tsx
    ./pages/minikit.tsx

  SSR:
    ./components/PredictionMarket.tsx
    ./pages/minikit.tsx

https://nextjs.org/docs/messages/module-not-found @ http://localhost:3000/_next/static/chunks/node_modules_next_dist_0k8zr~w._.js:1945
[  731198ms] [ERROR] ./pages/minikit.tsx:6:1
Module not found: Can't resolve '@/lib/contracts'
  4 | import { Geist } from "next/font/google";
  5 | import { PREDICTION_MARKET_ABI, ERC20_ABI } from "@/lib/prediction-market";
> 6 | import { CONTRACTS } from "@/lib/contracts";
    | ^^^^^^^^^^^^^^^^^^^^^^^^^^^^^^^^^^^^^^^^^^^^
  7 | import WorldIdVerification from "@/components/WorldIdVerification";
  8 | import WalletAuth from "@/components/WalletAuth";
  9 | import PredictionMarket from "@/components/PredictionMarket";

Import map: aliased to relative './lib/contracts' inside of [project]/

https://nextjs.org/docs/messages/module-not-found @ http://localhost:3000/_next/static/chunks/node_modules_next_dist_0k8zr~w._.js:1945
[  731198ms] [ERROR] ./components/MyPositions.tsx:9:1
Module not found: Can't resolve '@/lib/prediction-market'
   7 |   formatUnits,
   8 | } from "viem";
>  9 | import {
     | ^^^^^^^
> 10 |   PREDICTION_MARKET_ABI,
     | ^^^^^^^^^^^^^^^^^^^^^^^^
> 11 |   Outcome,
     | ^^^^^^^^^^
> 12 | } from "@/lib/prediction-market";
     | ^^^^^^^^^^^^^^^^^^^^^^^^^^^^^^^^^
  13 | import { CONTRACTS } from "@/lib/contracts";
  14 |
  15 | const PM_ADDRESS = CONTRACTS.predictionMarket;

Import map: aliased to relative './lib/prediction-market' inside of [project]/

Import traces:
  Browser:
    ./components/MyPositions.tsx
    ./pages/minikit.tsx

  SSR:
    ./components/MyPositions.tsx
    ./pages/minikit.tsx

https://nextjs.org/docs/messages/module-not-found @ http://localhost:3000/_next/static/chunks/node_modules_next_dist_0k8zr~w._.js:1945
[  731198ms] [ERROR] ./components/PredictionMarket.tsx:4:1
Module not found: Can't resolve '@/lib/prediction-market'
   2 | import { MiniKit } from "@worldcoin/minikit-js";
   3 | import { encodeFunctionData, formatUnits, parseUnits } from "viem";
>  4 | import {
     | ^^^^^^^
>  5 |   PREDICTION_MARKET_ABI,
     | ^^^^^^^^^^^^^^^^^^^^^^^^
>  6 |   ERC20_ABI,
     | ^^^^^^^^^^^^
>  7 |   Outcome,
     | ^^^^^^^^^^
>  8 | } from "@/lib/prediction-market";
     | ^^^^^^^^^^^^^^^^^^^^^^^^^^^^^^^^^
   9 | import { CONTRACTS } from "@/lib/contracts";
  10 |
  11 | const PM_ADDRESS = CONTRACTS.predictionMarket;

Import map: aliased to relative './lib/prediction-market' inside of [project]/

Import traces:
  Browser:
    ./components/PredictionMarket.tsx
    ./pages/minikit.tsx

  SSR:
    ./components/PredictionMarket.tsx
    ./pages/minikit.tsx

https://nextjs.org/docs/messages/module-not-found @ http://localhost:3000/_next/static/chunks/node_modules_next_dist_0k8zr~w._.js:1945
[  731199ms] [ERROR] ./pages/minikit.tsx:5:1
Module not found: Can't resolve '@/lib/prediction-market'
  3 | import { createPublicClient, http, formatUnits } from "viem";
  4 | import { Geist } from "next/font/google";
> 5 | import { PREDICTION_MARKET_ABI, ERC20_ABI } from "@/lib/prediction-market";
    | ^^^^^^^^^^^^^^^^^^^^^^^^^^^^^^^^^^^^^^^^^^^^^^^^^^^^^^^^^^^^^^^^^^^^^^^^^^^
  6 | import { CONTRACTS } from "@/lib/contracts";
  7 | import WorldIdVerification from "@/components/WorldIdVerification";
  8 | import WalletAuth from "@/components/WalletAuth";

Import map: aliased to relative './lib/prediction-market' inside of [project]/

https://nextjs.org/docs/messages/module-not-found @ http://localhost:3000/_next/static/chunks/node_modules_next_dist_0k8zr~w._.js:1945
[  731266ms] [LOG] [Fast Refresh] rebuilding @ http://localhost:3000/_next/static/chunks/node_modules_next_dist_0k8zr~w._.js:1226
[  732599ms] [ERROR] ./components/MyPositions.tsx:13:1
Module not found: Can't resolve '@/lib/contracts'
  11 |   Outcome,
  12 | } from "@/lib/prediction-market";
> 13 | import { CONTRACTS } from "@/lib/contracts";
     | ^^^^^^^^^^^^^^^^^^^^^^^^^^^^^^^^^^^^^^^^^^^^
  14 |
  15 | const PM_ADDRESS = CONTRACTS.predictionMarket;
  16 | const WORLD_CHAIN_ID = 480;

Import map: aliased to relative './lib/contracts' inside of [project]/

Import traces:
  Browser:
    ./components/MyPositions.tsx
    ./pages/minikit.tsx

  SSR:
    ./components/MyPositions.tsx
    ./pages/minikit.tsx

https://nextjs.org/docs/messages/module-not-found @ http://localhost:3000/_next/static/chunks/node_modules_next_dist_0k8zr~w._.js:1945
[  732599ms] [ERROR] ./components/PredictionMarket.tsx:9:1
Module not found: Can't resolve '@/lib/contracts'
   7 |   Outcome,
   8 | } from "@/lib/prediction-market";
>  9 | import { CONTRACTS } from "@/lib/contracts";
     | ^^^^^^^^^^^^^^^^^^^^^^^^^^^^^^^^^^^^^^^^^^^^
  10 |
  11 | const PM_ADDRESS = CONTRACTS.predictionMarket;
  12 | const WLD_ADDRESS = CONTRACTS.wld;

Import map: aliased to relative './lib/contracts' inside of [project]/

Import traces:
  Browser:
    ./components/PredictionMarket.tsx
    ./pages/minikit.tsx

  SSR:
    ./components/PredictionMarket.tsx
    ./pages/minikit.tsx

https://nextjs.org/docs/messages/module-not-found @ http://localhost:3000/_next/static/chunks/node_modules_next_dist_0k8zr~w._.js:1945
[  732599ms] [ERROR] ./pages/minikit.tsx:6:1
Module not found: Can't resolve '@/lib/contracts'
  4 | import { Geist } from "next/font/google";
  5 | import { PREDICTION_MARKET_ABI, ERC20_ABI } from "@/lib/prediction-market";
> 6 | import { CONTRACTS } from "@/lib/contracts";
    | ^^^^^^^^^^^^^^^^^^^^^^^^^^^^^^^^^^^^^^^^^^^^
  7 | import WorldIdVerification from "@/components/WorldIdVerification";
  8 | import WalletAuth from "@/components/WalletAuth";
  9 | import PredictionMarket from "@/components/PredictionMarket";

Import map: aliased to relative './lib/contracts' inside of [project]/

https://nextjs.org/docs/messages/module-not-found @ http://localhost:3000/_next/static/chunks/node_modules_next_dist_0k8zr~w._.js:1945
[  732599ms] [ERROR] ./components/MyPositions.tsx:9:1
Module not found: Can't resolve '@/lib/prediction-market'
   7 |   formatUnits,
   8 | } from "viem";
>  9 | import {
     | ^^^^^^^
> 10 |   PREDICTION_MARKET_ABI,
     | ^^^^^^^^^^^^^^^^^^^^^^^^
> 11 |   Outcome,
     | ^^^^^^^^^^
> 12 | } from "@/lib/prediction-market";
     | ^^^^^^^^^^^^^^^^^^^^^^^^^^^^^^^^^
  13 | import { CONTRACTS } from "@/lib/contracts";
  14 |
  15 | const PM_ADDRESS = CONTRACTS.predictionMarket;

Import map: aliased to relative './lib/prediction-market' inside of [project]/

Import traces:
  Browser:
    ./components/MyPositions.tsx
    ./pages/minikit.tsx

  SSR:
    ./components/MyPositions.tsx
    ./pages/minikit.tsx

https://nextjs.org/docs/messages/module-not-found @ http://localhost:3000/_next/static/chunks/node_modules_next_dist_0k8zr~w._.js:1945
[  732600ms] [ERROR] ./components/PredictionMarket.tsx:4:1
Module not found: Can't resolve '@/lib/prediction-market'
   2 | import { MiniKit } from "@worldcoin/minikit-js";
   3 | import { encodeFunctionData, formatUnits, parseUnits } from "viem";
>  4 | import {
     | ^^^^^^^
>  5 |   PREDICTION_MARKET_ABI,
     | ^^^^^^^^^^^^^^^^^^^^^^^^
>  6 |   ERC20_ABI,
     | ^^^^^^^^^^^^
>  7 |   Outcome,
     | ^^^^^^^^^^
>  8 | } from "@/lib/prediction-market";
     | ^^^^^^^^^^^^^^^^^^^^^^^^^^^^^^^^^
   9 | import { CONTRACTS } from "@/lib/contracts";
  10 |
  11 | const PM_ADDRESS = CONTRACTS.predictionMarket;

Import map: aliased to relative './lib/prediction-market' inside of [project]/

Import traces:
  Browser:
    ./components/PredictionMarket.tsx
    ./pages/minikit.tsx

  SSR:
    ./components/PredictionMarket.tsx
    ./pages/minikit.tsx

https://nextjs.org/docs/messages/module-not-found @ http://localhost:3000/_next/static/chunks/node_modules_next_dist_0k8zr~w._.js:1945
[  732600ms] [ERROR] ./pages/minikit.tsx:5:1
Module not found: Can't resolve '@/lib/prediction-market'
  3 | import { createPublicClient, http, formatUnits } from "viem";
  4 | import { Geist } from "next/font/google";
> 5 | import { PREDICTION_MARKET_ABI, ERC20_ABI } from "@/lib/prediction-market";
    | ^^^^^^^^^^^^^^^^^^^^^^^^^^^^^^^^^^^^^^^^^^^^^^^^^^^^^^^^^^^^^^^^^^^^^^^^^^^
  6 | import { CONTRACTS } from "@/lib/contracts";
  7 | import WorldIdVerification from "@/components/WorldIdVerification";
  8 | import WalletAuth from "@/components/WalletAuth";

Import map: aliased to relative './lib/prediction-market' inside of [project]/

https://nextjs.org/docs/messages/module-not-found @ http://localhost:3000/_next/static/chunks/node_modules_next_dist_0k8zr~w._.js:1945
[  732664ms] [LOG] [Fast Refresh] rebuilding @ http://localhost:3000/_next/static/chunks/node_modules_next_dist_0k8zr~w._.js:1226
[  734056ms] [ERROR] ./components/MyPositions.tsx:13:1
Module not found: Can't resolve '@/lib/contracts'
  11 |   Outcome,
  12 | } from "@/lib/prediction-market";
> 13 | import { CONTRACTS } from "@/lib/contracts";
     | ^^^^^^^^^^^^^^^^^^^^^^^^^^^^^^^^^^^^^^^^^^^^
  14 |
  15 | const PM_ADDRESS = CONTRACTS.predictionMarket;
  16 | const WORLD_CHAIN_ID = 480;

Import map: aliased to relative './lib/contracts' inside of [project]/

Import traces:
  Browser:
    ./components/MyPositions.tsx
    ./pages/minikit.tsx

  SSR:
    ./components/MyPositions.tsx
    ./pages/minikit.tsx

https://nextjs.org/docs/messages/module-not-found @ http://localhost:3000/_next/static/chunks/node_modules_next_dist_0k8zr~w._.js:1945
[  734056ms] [ERROR] ./components/PredictionMarket.tsx:9:1
Module not found: Can't resolve '@/lib/contracts'
   7 |   Outcome,
   8 | } from "@/lib/prediction-market";
>  9 | import { CONTRACTS } from "@/lib/contracts";
     | ^^^^^^^^^^^^^^^^^^^^^^^^^^^^^^^^^^^^^^^^^^^^
  10 |
  11 | const PM_ADDRESS = CONTRACTS.predictionMarket;
  12 | const WLD_ADDRESS = CONTRACTS.wld;

Import map: aliased to relative './lib/contracts' inside of [project]/

Import traces:
  Browser:
    ./components/PredictionMarket.tsx
    ./pages/minikit.tsx

  SSR:
    ./components/PredictionMarket.tsx
    ./pages/minikit.tsx

https://nextjs.org/docs/messages/module-not-found @ http://localhost:3000/_next/static/chunks/node_modules_next_dist_0k8zr~w._.js:1945
[  734056ms] [ERROR] ./pages/minikit.tsx:6:1
Module not found: Can't resolve '@/lib/contracts'
  4 | import { Geist } from "next/font/google";
  5 | import { PREDICTION_MARKET_ABI, ERC20_ABI } from "@/lib/prediction-market";
> 6 | import { CONTRACTS } from "@/lib/contracts";
    | ^^^^^^^^^^^^^^^^^^^^^^^^^^^^^^^^^^^^^^^^^^^^
  7 | import WorldIdVerification from "@/components/WorldIdVerification";
  8 | import WalletAuth from "@/components/WalletAuth";
  9 | import PredictionMarket from "@/components/PredictionMarket";

Import map: aliased to relative './lib/contracts' inside of [project]/

https://nextjs.org/docs/messages/module-not-found @ http://localhost:3000/_next/static/chunks/node_modules_next_dist_0k8zr~w._.js:1945
[  734056ms] [ERROR] ./components/MyPositions.tsx:9:1
Module not found: Can't resolve '@/lib/prediction-market'
   7 |   formatUnits,
   8 | } from "viem";
>  9 | import {
     | ^^^^^^^
> 10 |   PREDICTION_MARKET_ABI,
     | ^^^^^^^^^^^^^^^^^^^^^^^^
> 11 |   Outcome,
     | ^^^^^^^^^^
> 12 | } from "@/lib/prediction-market";
     | ^^^^^^^^^^^^^^^^^^^^^^^^^^^^^^^^^
  13 | import { CONTRACTS } from "@/lib/contracts";
  14 |
  15 | const PM_ADDRESS = CONTRACTS.predictionMarket;

Import map: aliased to relative './lib/prediction-market' inside of [project]/

Import traces:
  Browser:
    ./components/MyPositions.tsx
    ./pages/minikit.tsx

  SSR:
    ./components/MyPositions.tsx
    ./pages/minikit.tsx

https://nextjs.org/docs/messages/module-not-found @ http://localhost:3000/_next/static/chunks/node_modules_next_dist_0k8zr~w._.js:1945
[  734056ms] [ERROR] ./components/PredictionMarket.tsx:4:1
Module not found: Can't resolve '@/lib/prediction-market'
   2 | import { MiniKit } from "@worldcoin/minikit-js";
   3 | import { encodeFunctionData, formatUnits, parseUnits } from "viem";
>  4 | import {
     | ^^^^^^^
>  5 |   PREDICTION_MARKET_ABI,
     | ^^^^^^^^^^^^^^^^^^^^^^^^
>  6 |   ERC20_ABI,
     | ^^^^^^^^^^^^
>  7 |   Outcome,
     | ^^^^^^^^^^
>  8 | } from "@/lib/prediction-market";
     | ^^^^^^^^^^^^^^^^^^^^^^^^^^^^^^^^^
   9 | import { CONTRACTS } from "@/lib/contracts";
  10 |
  11 | const PM_ADDRESS = CONTRACTS.predictionMarket;

Import map: aliased to relative './lib/prediction-market' inside of [project]/

Import traces:
  Browser:
    ./components/PredictionMarket.tsx
    ./pages/minikit.tsx

  SSR:
    ./components/PredictionMarket.tsx
    ./pages/minikit.tsx

https://nextjs.org/docs/messages/module-not-found @ http://localhost:3000/_next/static/chunks/node_modules_next_dist_0k8zr~w._.js:1945
[  734056ms] [ERROR] ./pages/minikit.tsx:5:1
Module not found: Can't resolve '@/lib/prediction-market'
  3 | import { createPublicClient, http, formatUnits } from "viem";
  4 | import { Geist } from "next/font/google";
> 5 | import { PREDICTION_MARKET_ABI, ERC20_ABI } from "@/lib/prediction-market";
    | ^^^^^^^^^^^^^^^^^^^^^^^^^^^^^^^^^^^^^^^^^^^^^^^^^^^^^^^^^^^^^^^^^^^^^^^^^^^
  6 | import { CONTRACTS } from "@/lib/contracts";
  7 | import WorldIdVerification from "@/components/WorldIdVerification";
  8 | import WalletAuth from "@/components/WalletAuth";

Import map: aliased to relative './lib/prediction-market' inside of [project]/

https://nextjs.org/docs/messages/module-not-found @ http://localhost:3000/_next/static/chunks/node_modules_next_dist_0k8zr~w._.js:1945
[  734123ms] [LOG] [Fast Refresh] rebuilding @ http://localhost:3000/_next/static/chunks/node_modules_next_dist_0k8zr~w._.js:1226
[  737892ms] [ERROR] ./components/MyPositions.tsx:13:1
Module not found: Can't resolve '@/lib/contracts'
  11 |   Outcome,
  12 | } from "@/lib/prediction-market";
> 13 | import { CONTRACTS } from "@/lib/contracts";
     | ^^^^^^^^^^^^^^^^^^^^^^^^^^^^^^^^^^^^^^^^^^^^
  14 |
  15 | const PM_ADDRESS = CONTRACTS.predictionMarket;
  16 | const WORLD_CHAIN_ID = 480;

Import map: aliased to relative './lib/contracts' inside of [project]/

Import traces:
  Browser:
    ./components/MyPositions.tsx
    ./pages/minikit.tsx

  SSR:
    ./components/MyPositions.tsx
    ./pages/minikit.tsx

https://nextjs.org/docs/messages/module-not-found @ http://localhost:3000/_next/static/chunks/node_modules_next_dist_0k8zr~w._.js:1945
[  737893ms] [ERROR] ./components/PredictionMarket.tsx:9:1
Module not found: Can't resolve '@/lib/contracts'
   7 |   Outcome,
   8 | } from "@/lib/prediction-market";
>  9 | import { CONTRACTS } from "@/lib/contracts";
     | ^^^^^^^^^^^^^^^^^^^^^^^^^^^^^^^^^^^^^^^^^^^^
  10 |
  11 | const PM_ADDRESS = CONTRACTS.predictionMarket;
  12 | const WLD_ADDRESS = CONTRACTS.wld;

Import map: aliased to relative './lib/contracts' inside of [project]/

Import traces:
  Browser:
    ./components/PredictionMarket.tsx
    ./pages/minikit.tsx

  SSR:
    ./components/PredictionMarket.tsx
    ./pages/minikit.tsx

https://nextjs.org/docs/messages/module-not-found @ http://localhost:3000/_next/static/chunks/node_modules_next_dist_0k8zr~w._.js:1945
[  737893ms] [ERROR] ./pages/minikit.tsx:6:1
Module not found: Can't resolve '@/lib/contracts'
  4 | import { Geist } from "next/font/google";
  5 | import { PREDICTION_MARKET_ABI, ERC20_ABI } from "@/lib/prediction-market";
> 6 | import { CONTRACTS } from "@/lib/contracts";
    | ^^^^^^^^^^^^^^^^^^^^^^^^^^^^^^^^^^^^^^^^^^^^
  7 | import WorldIdVerification from "@/components/WorldIdVerification";
  8 | import WalletAuth from "@/components/WalletAuth";
  9 | import PredictionMarket from "@/components/PredictionMarket";

Import map: aliased to relative './lib/contracts' inside of [project]/

https://nextjs.org/docs/messages/module-not-found @ http://localhost:3000/_next/static/chunks/node_modules_next_dist_0k8zr~w._.js:1945
[  737893ms] [ERROR] ./components/MyPositions.tsx:9:1
Module not found: Can't resolve '@/lib/prediction-market'
   7 |   formatUnits,
   8 | } from "viem";
>  9 | import {
     | ^^^^^^^
> 10 |   PREDICTION_MARKET_ABI,
     | ^^^^^^^^^^^^^^^^^^^^^^^^
> 11 |   Outcome,
     | ^^^^^^^^^^
> 12 | } from "@/lib/prediction-market";
     | ^^^^^^^^^^^^^^^^^^^^^^^^^^^^^^^^^
  13 | import { CONTRACTS } from "@/lib/contracts";
  14 |
  15 | const PM_ADDRESS = CONTRACTS.predictionMarket;

Import map: aliased to relative './lib/prediction-market' inside of [project]/

Import traces:
  Browser:
    ./components/MyPositions.tsx
    ./pages/minikit.tsx

  SSR:
    ./components/MyPositions.tsx
    ./pages/minikit.tsx

https://nextjs.org/docs/messages/module-not-found @ http://localhost:3000/_next/static/chunks/node_modules_next_dist_0k8zr~w._.js:1945
[  737893ms] [ERROR] ./components/PredictionMarket.tsx:4:1
Module not found: Can't resolve '@/lib/prediction-market'
   2 | import { MiniKit } from "@worldcoin/minikit-js";
   3 | import { encodeFunctionData, formatUnits, parseUnits } from "viem";
>  4 | import {
     | ^^^^^^^
>  5 |   PREDICTION_MARKET_ABI,
     | ^^^^^^^^^^^^^^^^^^^^^^^^
>  6 |   ERC20_ABI,
     | ^^^^^^^^^^^^
>  7 |   Outcome,
     | ^^^^^^^^^^
>  8 | } from "@/lib/prediction-market";
     | ^^^^^^^^^^^^^^^^^^^^^^^^^^^^^^^^^
   9 | import { CONTRACTS } from "@/lib/contracts";
  10 |
  11 | const PM_ADDRESS = CONTRACTS.predictionMarket;

Import map: aliased to relative './lib/prediction-market' inside of [project]/

Import traces:
  Browser:
    ./components/PredictionMarket.tsx
    ./pages/minikit.tsx

  SSR:
    ./components/PredictionMarket.tsx
    ./pages/minikit.tsx

https://nextjs.org/docs/messages/module-not-found @ http://localhost:3000/_next/static/chunks/node_modules_next_dist_0k8zr~w._.js:1945
[  737893ms] [ERROR] ./pages/minikit.tsx:5:1
Module not found: Can't resolve '@/lib/prediction-market'
  3 | import { createPublicClient, http, formatUnits } from "viem";
  4 | import { Geist } from "next/font/google";
> 5 | import { PREDICTION_MARKET_ABI, ERC20_ABI } from "@/lib/prediction-market";
    | ^^^^^^^^^^^^^^^^^^^^^^^^^^^^^^^^^^^^^^^^^^^^^^^^^^^^^^^^^^^^^^^^^^^^^^^^^^^
  6 | import { CONTRACTS } from "@/lib/contracts";
  7 | import WorldIdVerification from "@/components/WorldIdVerification";
  8 | import WalletAuth from "@/components/WalletAuth";

Import map: aliased to relative './lib/prediction-market' inside of [project]/

https://nextjs.org/docs/messages/module-not-found @ http://localhost:3000/_next/static/chunks/node_modules_next_dist_0k8zr~w._.js:1945
[  737961ms] [LOG] [Fast Refresh] rebuilding @ http://localhost:3000/_next/static/chunks/node_modules_next_dist_0k8zr~w._.js:1226
[  741470ms] [ERROR] ./components/MyPositions.tsx:13:1
Module not found: Can't resolve '@/lib/contracts'
  11 |   Outcome,
  12 | } from "@/lib/prediction-market";
> 13 | import { CONTRACTS } from "@/lib/contracts";
     | ^^^^^^^^^^^^^^^^^^^^^^^^^^^^^^^^^^^^^^^^^^^^
  14 |
  15 | const PM_ADDRESS = CONTRACTS.predictionMarket;
  16 | const WORLD_CHAIN_ID = 480;

Import map: aliased to relative './lib/contracts' inside of [project]/

Import traces:
  Browser:
    ./components/MyPositions.tsx
    ./pages/minikit.tsx

  SSR:
    ./components/MyPositions.tsx
    ./pages/minikit.tsx

https://nextjs.org/docs/messages/module-not-found @ http://localhost:3000/_next/static/chunks/node_modules_next_dist_0k8zr~w._.js:1945
[  741470ms] [ERROR] ./components/PredictionMarket.tsx:9:1
Module not found: Can't resolve '@/lib/contracts'
   7 |   Outcome,
   8 | } from "@/lib/prediction-market";
>  9 | import { CONTRACTS } from "@/lib/contracts";
     | ^^^^^^^^^^^^^^^^^^^^^^^^^^^^^^^^^^^^^^^^^^^^
  10 |
  11 | const PM_ADDRESS = CONTRACTS.predictionMarket;
  12 | const WLD_ADDRESS = CONTRACTS.wld;

Import map: aliased to relative './lib/contracts' inside of [project]/

Import traces:
  Browser:
    ./components/PredictionMarket.tsx
    ./pages/minikit.tsx

  SSR:
    ./components/PredictionMarket.tsx
    ./pages/minikit.tsx

https://nextjs.org/docs/messages/module-not-found @ http://localhost:3000/_next/static/chunks/node_modules_next_dist_0k8zr~w._.js:1945
[  741470ms] [ERROR] ./pages/minikit.tsx:6:1
Module not found: Can't resolve '@/lib/contracts'
  4 | import { Geist } from "next/font/google";
  5 | import { PREDICTION_MARKET_ABI, ERC20_ABI } from "@/lib/prediction-market";
> 6 | import { CONTRACTS } from "@/lib/contracts";
    | ^^^^^^^^^^^^^^^^^^^^^^^^^^^^^^^^^^^^^^^^^^^^
  7 | import WorldIdVerification from "@/components/WorldIdVerification";
  8 | import WalletAuth from "@/components/WalletAuth";
  9 | import PredictionMarket from "@/components/PredictionMarket";

Import map: aliased to relative './lib/contracts' inside of [project]/

https://nextjs.org/docs/messages/module-not-found @ http://localhost:3000/_next/static/chunks/node_modules_next_dist_0k8zr~w._.js:1945
[  741470ms] [ERROR] ./components/MyPositions.tsx:9:1
Module not found: Can't resolve '@/lib/prediction-market'
   7 |   formatUnits,
   8 | } from "viem";
>  9 | import {
     | ^^^^^^^
> 10 |   PREDICTION_MARKET_ABI,
     | ^^^^^^^^^^^^^^^^^^^^^^^^
> 11 |   Outcome,
     | ^^^^^^^^^^
> 12 | } from "@/lib/prediction-market";
     | ^^^^^^^^^^^^^^^^^^^^^^^^^^^^^^^^^
  13 | import { CONTRACTS } from "@/lib/contracts";
  14 |
  15 | const PM_ADDRESS = CONTRACTS.predictionMarket;

Import map: aliased to relative './lib/prediction-market' inside of [project]/

Import traces:
  Browser:
    ./components/MyPositions.tsx
    ./pages/minikit.tsx

  SSR:
    ./components/MyPositions.tsx
    ./pages/minikit.tsx

https://nextjs.org/docs/messages/module-not-found @ http://localhost:3000/_next/static/chunks/node_modules_next_dist_0k8zr~w._.js:1945
[  741470ms] [ERROR] ./components/PredictionMarket.tsx:4:1
Module not found: Can't resolve '@/lib/prediction-market'
   2 | import { MiniKit } from "@worldcoin/minikit-js";
   3 | import { encodeFunctionData, formatUnits, parseUnits } from "viem";
>  4 | import {
     | ^^^^^^^
>  5 |   PREDICTION_MARKET_ABI,
     | ^^^^^^^^^^^^^^^^^^^^^^^^
>  6 |   ERC20_ABI,
     | ^^^^^^^^^^^^
>  7 |   Outcome,
     | ^^^^^^^^^^
>  8 | } from "@/lib/prediction-market";
     | ^^^^^^^^^^^^^^^^^^^^^^^^^^^^^^^^^
   9 | import { CONTRACTS } from "@/lib/contracts";
  10 |
  11 | const PM_ADDRESS = CONTRACTS.predictionMarket;

Import map: aliased to relative './lib/prediction-market' inside of [project]/

Import traces:
  Browser:
    ./components/PredictionMarket.tsx
    ./pages/minikit.tsx

  SSR:
    ./components/PredictionMarket.tsx
    ./pages/minikit.tsx

https://nextjs.org/docs/messages/module-not-found @ http://localhost:3000/_next/static/chunks/node_modules_next_dist_0k8zr~w._.js:1945
[  741470ms] [ERROR] ./pages/minikit.tsx:5:1
Module not found: Can't resolve '@/lib/prediction-market'
  3 | import { createPublicClient, http, formatUnits } from "viem";
  4 | import { Geist } from "next/font/google";
> 5 | import { PREDICTION_MARKET_ABI, ERC20_ABI } from "@/lib/prediction-market";
    | ^^^^^^^^^^^^^^^^^^^^^^^^^^^^^^^^^^^^^^^^^^^^^^^^^^^^^^^^^^^^^^^^^^^^^^^^^^^
  6 | import { CONTRACTS } from "@/lib/contracts";
  7 | import WorldIdVerification from "@/components/WorldIdVerification";
  8 | import WalletAuth from "@/components/WalletAuth";

Import map: aliased to relative './lib/prediction-market' inside of [project]/

https://nextjs.org/docs/messages/module-not-found @ http://localhost:3000/_next/static/chunks/node_modules_next_dist_0k8zr~w._.js:1945
[  741537ms] [LOG] [Fast Refresh] rebuilding @ http://localhost:3000/_next/static/chunks/node_modules_next_dist_0k8zr~w._.js:1226
[  764820ms] [ERROR] ./components/MyPositions.tsx:13:1
Module not found: Can't resolve '@/lib/contracts'
  11 |   Outcome,
  12 | } from "@/lib/prediction-market";
> 13 | import { CONTRACTS } from "@/lib/contracts";
     | ^^^^^^^^^^^^^^^^^^^^^^^^^^^^^^^^^^^^^^^^^^^^
  14 |
  15 | const PM_ADDRESS = CONTRACTS.predictionMarket;
  16 | const WORLD_CHAIN_ID = 480;

Import map: aliased to relative './lib/contracts' inside of [project]/

Import traces:
  Browser:
    ./components/MyPositions.tsx
    ./pages/minikit.tsx

  SSR:
    ./components/MyPositions.tsx
    ./pages/minikit.tsx

https://nextjs.org/docs/messages/module-not-found @ http://localhost:3000/_next/static/chunks/node_modules_next_dist_0k8zr~w._.js:1945
[  764820ms] [ERROR] ./components/PredictionMarket.tsx:9:1
Module not found: Can't resolve '@/lib/contracts'
   7 |   Outcome,
   8 | } from "@/lib/prediction-market";
>  9 | import { CONTRACTS } from "@/lib/contracts";
     | ^^^^^^^^^^^^^^^^^^^^^^^^^^^^^^^^^^^^^^^^^^^^
  10 |
  11 | const PM_ADDRESS = CONTRACTS.predictionMarket;
  12 | const WLD_ADDRESS = CONTRACTS.wld;

Import map: aliased to relative './lib/contracts' inside of [project]/

Import traces:
  Browser:
    ./components/PredictionMarket.tsx
    ./pages/minikit.tsx

  SSR:
    ./components/PredictionMarket.tsx
    ./pages/minikit.tsx

https://nextjs.org/docs/messages/module-not-found @ http://localhost:3000/_next/static/chunks/node_modules_next_dist_0k8zr~w._.js:1945
[  764820ms] [ERROR] ./pages/minikit.tsx:6:1
Module not found: Can't resolve '@/lib/contracts'
  4 | import { Geist } from "next/font/google";
  5 | import { PREDICTION_MARKET_ABI, ERC20_ABI } from "@/lib/prediction-market";
> 6 | import { CONTRACTS } from "@/lib/contracts";
    | ^^^^^^^^^^^^^^^^^^^^^^^^^^^^^^^^^^^^^^^^^^^^
  7 | import WorldIdVerification from "@/components/WorldIdVerification";
  8 | import WalletAuth from "@/components/WalletAuth";
  9 | import PredictionMarket from "@/components/PredictionMarket";

Import map: aliased to relative './lib/contracts' inside of [project]/

https://nextjs.org/docs/messages/module-not-found @ http://localhost:3000/_next/static/chunks/node_modules_next_dist_0k8zr~w._.js:1945
[  764820ms] [ERROR] ./components/MyPositions.tsx:9:1
Module not found: Can't resolve '@/lib/prediction-market'
   7 |   formatUnits,
   8 | } from "viem";
>  9 | import {
     | ^^^^^^^
> 10 |   PREDICTION_MARKET_ABI,
     | ^^^^^^^^^^^^^^^^^^^^^^^^
> 11 |   Outcome,
     | ^^^^^^^^^^
> 12 | } from "@/lib/prediction-market";
     | ^^^^^^^^^^^^^^^^^^^^^^^^^^^^^^^^^
  13 | import { CONTRACTS } from "@/lib/contracts";
  14 |
  15 | const PM_ADDRESS = CONTRACTS.predictionMarket;

Import map: aliased to relative './lib/prediction-market' inside of [project]/

Import traces:
  Browser:
    ./components/MyPositions.tsx
    ./pages/minikit.tsx

  SSR:
    ./components/MyPositions.tsx
    ./pages/minikit.tsx

https://nextjs.org/docs/messages/module-not-found @ http://localhost:3000/_next/static/chunks/node_modules_next_dist_0k8zr~w._.js:1945
[  764820ms] [ERROR] ./components/PredictionMarket.tsx:4:1
Module not found: Can't resolve '@/lib/prediction-market'
   2 | import { MiniKit } from "@worldcoin/minikit-js";
   3 | import { encodeFunctionData, formatUnits, parseUnits } from "viem";
>  4 | import {
     | ^^^^^^^
>  5 |   PREDICTION_MARKET_ABI,
     | ^^^^^^^^^^^^^^^^^^^^^^^^
>  6 |   ERC20_ABI,
     | ^^^^^^^^^^^^
>  7 |   Outcome,
     | ^^^^^^^^^^
>  8 | } from "@/lib/prediction-market";
     | ^^^^^^^^^^^^^^^^^^^^^^^^^^^^^^^^^
   9 | import { CONTRACTS } from "@/lib/contracts";
  10 |
  11 | const PM_ADDRESS = CONTRACTS.predictionMarket;

Import map: aliased to relative './lib/prediction-market' inside of [project]/

Import traces:
  Browser:
    ./components/PredictionMarket.tsx
    ./pages/minikit.tsx

  SSR:
    ./components/PredictionMarket.tsx
    ./pages/minikit.tsx

https://nextjs.org/docs/messages/module-not-found @ http://localhost:3000/_next/static/chunks/node_modules_next_dist_0k8zr~w._.js:1945
[  764820ms] [ERROR] ./pages/minikit.tsx:5:1
Module not found: Can't resolve '@/lib/prediction-market'
  3 | import { createPublicClient, http, formatUnits } from "viem";
  4 | import { Geist } from "next/font/google";
> 5 | import { PREDICTION_MARKET_ABI, ERC20_ABI } from "@/lib/prediction-market";
    | ^^^^^^^^^^^^^^^^^^^^^^^^^^^^^^^^^^^^^^^^^^^^^^^^^^^^^^^^^^^^^^^^^^^^^^^^^^^
  6 | import { CONTRACTS } from "@/lib/contracts";
  7 | import WorldIdVerification from "@/components/WorldIdVerification";
  8 | import WalletAuth from "@/components/WalletAuth";

Import map: aliased to relative './lib/prediction-market' inside of [project]/

https://nextjs.org/docs/messages/module-not-found @ http://localhost:3000/_next/static/chunks/node_modules_next_dist_0k8zr~w._.js:1945
[  764869ms] [LOG] [Fast Refresh] rebuilding @ http://localhost:3000/_next/static/chunks/node_modules_next_dist_0k8zr~w._.js:1226
[  767178ms] [ERROR] ./components/MyPositions.tsx:13:1
Module not found: Can't resolve '@/lib/contracts'
  11 |   Outcome,
  12 | } from "@/lib/prediction-market";
> 13 | import { CONTRACTS } from "@/lib/contracts";
     | ^^^^^^^^^^^^^^^^^^^^^^^^^^^^^^^^^^^^^^^^^^^^
  14 |
  15 | const PM_ADDRESS = CONTRACTS.predictionMarket;
  16 | const WORLD_CHAIN_ID = 480;

Import map: aliased to relative './lib/contracts' inside of [project]/

Import traces:
  Browser:
    ./components/MyPositions.tsx
    ./pages/minikit.tsx

  SSR:
    ./components/MyPositions.tsx
    ./pages/minikit.tsx

https://nextjs.org/docs/messages/module-not-found @ http://localhost:3000/_next/static/chunks/node_modules_next_dist_0k8zr~w._.js:1945
[  767178ms] [ERROR] ./components/PredictionMarket.tsx:9:1
Module not found: Can't resolve '@/lib/contracts'
   7 |   Outcome,
   8 | } from "@/lib/prediction-market";
>  9 | import { CONTRACTS } from "@/lib/contracts";
     | ^^^^^^^^^^^^^^^^^^^^^^^^^^^^^^^^^^^^^^^^^^^^
  10 |
  11 | const PM_ADDRESS = CONTRACTS.predictionMarket;
  12 | const WLD_ADDRESS = CONTRACTS.wld;

Import map: aliased to relative './lib/contracts' inside of [project]/

Import traces:
  Browser:
    ./components/PredictionMarket.tsx
    ./pages/minikit.tsx

  SSR:
    ./components/PredictionMarket.tsx
    ./pages/minikit.tsx

https://nextjs.org/docs/messages/module-not-found @ http://localhost:3000/_next/static/chunks/node_modules_next_dist_0k8zr~w._.js:1945
[  767178ms] [ERROR] ./pages/minikit.tsx:6:1
Module not found: Can't resolve '@/lib/contracts'
  4 | import { Geist } from "next/font/google";
  5 | import { PREDICTION_MARKET_ABI, ERC20_ABI } from "@/lib/prediction-market";
> 6 | import { CONTRACTS } from "@/lib/contracts";
    | ^^^^^^^^^^^^^^^^^^^^^^^^^^^^^^^^^^^^^^^^^^^^
  7 | import WorldIdVerification from "@/components/WorldIdVerification";
  8 | import WalletAuth from "@/components/WalletAuth";
  9 | import PredictionMarket from "@/components/PredictionMarket";

Import map: aliased to relative './lib/contracts' inside of [project]/

https://nextjs.org/docs/messages/module-not-found @ http://localhost:3000/_next/static/chunks/node_modules_next_dist_0k8zr~w._.js:1945
[  767178ms] [ERROR] ./components/MyPositions.tsx:9:1
Module not found: Can't resolve '@/lib/prediction-market'
   7 |   formatUnits,
   8 | } from "viem";
>  9 | import {
     | ^^^^^^^
> 10 |   PREDICTION_MARKET_ABI,
     | ^^^^^^^^^^^^^^^^^^^^^^^^
> 11 |   Outcome,
     | ^^^^^^^^^^
> 12 | } from "@/lib/prediction-market";
     | ^^^^^^^^^^^^^^^^^^^^^^^^^^^^^^^^^
  13 | import { CONTRACTS } from "@/lib/contracts";
  14 |
  15 | const PM_ADDRESS = CONTRACTS.predictionMarket;

Import map: aliased to relative './lib/prediction-market' inside of [project]/

Import traces:
  Browser:
    ./components/MyPositions.tsx
    ./pages/minikit.tsx

  SSR:
    ./components/MyPositions.tsx
    ./pages/minikit.tsx

https://nextjs.org/docs/messages/module-not-found @ http://localhost:3000/_next/static/chunks/node_modules_next_dist_0k8zr~w._.js:1945
[  767178ms] [ERROR] ./components/PredictionMarket.tsx:4:1
Module not found: Can't resolve '@/lib/prediction-market'
   2 | import { MiniKit } from "@worldcoin/minikit-js";
   3 | import { encodeFunctionData, formatUnits, parseUnits } from "viem";
>  4 | import {
     | ^^^^^^^
>  5 |   PREDICTION_MARKET_ABI,
     | ^^^^^^^^^^^^^^^^^^^^^^^^
>  6 |   ERC20_ABI,
     | ^^^^^^^^^^^^
>  7 |   Outcome,
     | ^^^^^^^^^^
>  8 | } from "@/lib/prediction-market";
     | ^^^^^^^^^^^^^^^^^^^^^^^^^^^^^^^^^
   9 | import { CONTRACTS } from "@/lib/contracts";
  10 |
  11 | const PM_ADDRESS = CONTRACTS.predictionMarket;

Import map: aliased to relative './lib/prediction-market' inside of [project]/

Import traces:
  Browser:
    ./components/PredictionMarket.tsx
    ./pages/minikit.tsx

  SSR:
    ./components/PredictionMarket.tsx
    ./pages/minikit.tsx

https://nextjs.org/docs/messages/module-not-found @ http://localhost:3000/_next/static/chunks/node_modules_next_dist_0k8zr~w._.js:1945
[  767178ms] [ERROR] ./pages/minikit.tsx:5:1
Module not found: Can't resolve '@/lib/prediction-market'
  3 | import { createPublicClient, http, formatUnits } from "viem";
  4 | import { Geist } from "next/font/google";
> 5 | import { PREDICTION_MARKET_ABI, ERC20_ABI } from "@/lib/prediction-market";
    | ^^^^^^^^^^^^^^^^^^^^^^^^^^^^^^^^^^^^^^^^^^^^^^^^^^^^^^^^^^^^^^^^^^^^^^^^^^^
  6 | import { CONTRACTS } from "@/lib/contracts";
  7 | import WorldIdVerification from "@/components/WorldIdVerification";
  8 | import WalletAuth from "@/components/WalletAuth";

Import map: aliased to relative './lib/prediction-market' inside of [project]/

https://nextjs.org/docs/messages/module-not-found @ http://localhost:3000/_next/static/chunks/node_modules_next_dist_0k8zr~w._.js:1945
[  767247ms] [LOG] [Fast Refresh] rebuilding @ http://localhost:3000/_next/static/chunks/node_modules_next_dist_0k8zr~w._.js:1226
[  767817ms] [ERROR] ./components/MyPositions.tsx:13:1
Module not found: Can't resolve '@/lib/contracts'
  11 |   Outcome,
  12 | } from "@/lib/prediction-market";
> 13 | import { CONTRACTS } from "@/lib/contracts";
     | ^^^^^^^^^^^^^^^^^^^^^^^^^^^^^^^^^^^^^^^^^^^^
  14 |
  15 | const PM_ADDRESS = CONTRACTS.predictionMarket;
  16 | const WORLD_CHAIN_ID = 480;

Import map: aliased to relative './lib/contracts' inside of [project]/

Import traces:
  Browser:
    ./components/MyPositions.tsx
    ./pages/minikit.tsx

  SSR:
    ./components/MyPositions.tsx
    ./pages/minikit.tsx

https://nextjs.org/docs/messages/module-not-found @ http://localhost:3000/_next/static/chunks/node_modules_next_dist_0k8zr~w._.js:1945
[  767817ms] [ERROR] ./components/PredictionMarket.tsx:9:1
Module not found: Can't resolve '@/lib/contracts'
   7 |   Outcome,
   8 | } from "@/lib/prediction-market";
>  9 | import { CONTRACTS } from "@/lib/contracts";
     | ^^^^^^^^^^^^^^^^^^^^^^^^^^^^^^^^^^^^^^^^^^^^
  10 |
  11 | const PM_ADDRESS = CONTRACTS.predictionMarket;
  12 | const WLD_ADDRESS = CONTRACTS.wld;

Import map: aliased to relative './lib/contracts' inside of [project]/

Import traces:
  Browser:
    ./components/PredictionMarket.tsx
    ./pages/minikit.tsx

  SSR:
    ./components/PredictionMarket.tsx
    ./pages/minikit.tsx

https://nextjs.org/docs/messages/module-not-found @ http://localhost:3000/_next/static/chunks/node_modules_next_dist_0k8zr~w._.js:1945
[  767817ms] [ERROR] ./pages/minikit.tsx:6:1
Module not found: Can't resolve '@/lib/contracts'
  4 | import { Geist } from "next/font/google";
  5 | import { PREDICTION_MARKET_ABI, ERC20_ABI } from "@/lib/prediction-market";
> 6 | import { CONTRACTS } from "@/lib/contracts";
    | ^^^^^^^^^^^^^^^^^^^^^^^^^^^^^^^^^^^^^^^^^^^^
  7 | import WorldIdVerification from "@/components/WorldIdVerification";
  8 | import WalletAuth from "@/components/WalletAuth";
  9 | import PredictionMarket from "@/components/PredictionMarket";

Import map: aliased to relative './lib/contracts' inside of [project]/

https://nextjs.org/docs/messages/module-not-found @ http://localhost:3000/_next/static/chunks/node_modules_next_dist_0k8zr~w._.js:1945
[  767817ms] [ERROR] ./components/MyPositions.tsx:9:1
Module not found: Can't resolve '@/lib/prediction-market'
   7 |   formatUnits,
   8 | } from "viem";
>  9 | import {
     | ^^^^^^^
> 10 |   PREDICTION_MARKET_ABI,
     | ^^^^^^^^^^^^^^^^^^^^^^^^
> 11 |   Outcome,
     | ^^^^^^^^^^
> 12 | } from "@/lib/prediction-market";
     | ^^^^^^^^^^^^^^^^^^^^^^^^^^^^^^^^^
  13 | import { CONTRACTS } from "@/lib/contracts";
  14 |
  15 | const PM_ADDRESS = CONTRACTS.predictionMarket;

Import map: aliased to relative './lib/prediction-market' inside of [project]/

Import traces:
  Browser:
    ./components/MyPositions.tsx
    ./pages/minikit.tsx

  SSR:
    ./components/MyPositions.tsx
    ./pages/minikit.tsx

https://nextjs.org/docs/messages/module-not-found @ http://localhost:3000/_next/static/chunks/node_modules_next_dist_0k8zr~w._.js:1945
[  767817ms] [ERROR] ./components/PredictionMarket.tsx:4:1
Module not found: Can't resolve '@/lib/prediction-market'
   2 | import { MiniKit } from "@worldcoin/minikit-js";
   3 | import { encodeFunctionData, formatUnits, parseUnits } from "viem";
>  4 | import {
     | ^^^^^^^
>  5 |   PREDICTION_MARKET_ABI,
     | ^^^^^^^^^^^^^^^^^^^^^^^^
>  6 |   ERC20_ABI,
     | ^^^^^^^^^^^^
>  7 |   Outcome,
     | ^^^^^^^^^^
>  8 | } from "@/lib/prediction-market";
     | ^^^^^^^^^^^^^^^^^^^^^^^^^^^^^^^^^
   9 | import { CONTRACTS } from "@/lib/contracts";
  10 |
  11 | const PM_ADDRESS = CONTRACTS.predictionMarket;

Import map: aliased to relative './lib/prediction-market' inside of [project]/

Import traces:
  Browser:
    ./components/PredictionMarket.tsx
    ./pages/minikit.tsx

  SSR:
    ./components/PredictionMarket.tsx
    ./pages/minikit.tsx

https://nextjs.org/docs/messages/module-not-found @ http://localhost:3000/_next/static/chunks/node_modules_next_dist_0k8zr~w._.js:1945
[  767817ms] [ERROR] ./pages/minikit.tsx:5:1
Module not found: Can't resolve '@/lib/prediction-market'
  3 | import { createPublicClient, http, formatUnits } from "viem";
  4 | import { Geist } from "next/font/google";
> 5 | import { PREDICTION_MARKET_ABI, ERC20_ABI } from "@/lib/prediction-market";
    | ^^^^^^^^^^^^^^^^^^^^^^^^^^^^^^^^^^^^^^^^^^^^^^^^^^^^^^^^^^^^^^^^^^^^^^^^^^^
  6 | import { CONTRACTS } from "@/lib/contracts";
  7 | import WorldIdVerification from "@/components/WorldIdVerification";
  8 | import WalletAuth from "@/components/WalletAuth";

Import map: aliased to relative './lib/prediction-market' inside of [project]/

https://nextjs.org/docs/messages/module-not-found @ http://localhost:3000/_next/static/chunks/node_modules_next_dist_0k8zr~w._.js:1945
[  767885ms] [LOG] [Fast Refresh] rebuilding @ http://localhost:3000/_next/static/chunks/node_modules_next_dist_0k8zr~w._.js:1226
[  768109ms] [ERROR] ./components/MyPositions.tsx:13:1
Module not found: Can't resolve '@/lib/contracts'
  11 |   Outcome,
  12 | } from "@/lib/prediction-market";
> 13 | import { CONTRACTS } from "@/lib/contracts";
     | ^^^^^^^^^^^^^^^^^^^^^^^^^^^^^^^^^^^^^^^^^^^^
  14 |
  15 | const PM_ADDRESS = CONTRACTS.predictionMarket;
  16 | const WORLD_CHAIN_ID = 480;

Import map: aliased to relative './lib/contracts' inside of [project]/

Import traces:
  Browser:
    ./components/MyPositions.tsx
    ./pages/minikit.tsx

  SSR:
    ./components/MyPositions.tsx
    ./pages/minikit.tsx

https://nextjs.org/docs/messages/module-not-found @ http://localhost:3000/_next/static/chunks/node_modules_next_dist_0k8zr~w._.js:1945
[  768109ms] [ERROR] ./components/PredictionMarket.tsx:9:1
Module not found: Can't resolve '@/lib/contracts'
   7 |   Outcome,
   8 | } from "@/lib/prediction-market";
>  9 | import { CONTRACTS } from "@/lib/contracts";
     | ^^^^^^^^^^^^^^^^^^^^^^^^^^^^^^^^^^^^^^^^^^^^
  10 |
  11 | const PM_ADDRESS = CONTRACTS.predictionMarket;
  12 | const WLD_ADDRESS = CONTRACTS.wld;

Import map: aliased to relative './lib/contracts' inside of [project]/

Import traces:
  Browser:
    ./components/PredictionMarket.tsx
    ./pages/minikit.tsx

  SSR:
    ./components/PredictionMarket.tsx
    ./pages/minikit.tsx

https://nextjs.org/docs/messages/module-not-found @ http://localhost:3000/_next/static/chunks/node_modules_next_dist_0k8zr~w._.js:1945
[  768109ms] [ERROR] ./pages/minikit.tsx:6:1
Module not found: Can't resolve '@/lib/contracts'
  4 | import { Geist } from "next/font/google";
  5 | import { PREDICTION_MARKET_ABI, ERC20_ABI } from "@/lib/prediction-market";
> 6 | import { CONTRACTS } from "@/lib/contracts";
    | ^^^^^^^^^^^^^^^^^^^^^^^^^^^^^^^^^^^^^^^^^^^^
  7 | import WorldIdVerification from "@/components/WorldIdVerification";
  8 | import WalletAuth from "@/components/WalletAuth";
  9 | import PredictionMarket from "@/components/PredictionMarket";

Import map: aliased to relative './lib/contracts' inside of [project]/

https://nextjs.org/docs/messages/module-not-found @ http://localhost:3000/_next/static/chunks/node_modules_next_dist_0k8zr~w._.js:1945
[  768109ms] [ERROR] ./components/MyPositions.tsx:9:1
Module not found: Can't resolve '@/lib/prediction-market'
   7 |   formatUnits,
   8 | } from "viem";
>  9 | import {
     | ^^^^^^^
> 10 |   PREDICTION_MARKET_ABI,
     | ^^^^^^^^^^^^^^^^^^^^^^^^
> 11 |   Outcome,
     | ^^^^^^^^^^
> 12 | } from "@/lib/prediction-market";
     | ^^^^^^^^^^^^^^^^^^^^^^^^^^^^^^^^^
  13 | import { CONTRACTS } from "@/lib/contracts";
  14 |
  15 | const PM_ADDRESS = CONTRACTS.predictionMarket;

Import map: aliased to relative './lib/prediction-market' inside of [project]/

Import traces:
  Browser:
    ./components/MyPositions.tsx
    ./pages/minikit.tsx

  SSR:
    ./components/MyPositions.tsx
    ./pages/minikit.tsx

https://nextjs.org/docs/messages/module-not-found @ http://localhost:3000/_next/static/chunks/node_modules_next_dist_0k8zr~w._.js:1945
[  768109ms] [ERROR] ./components/PredictionMarket.tsx:4:1
Module not found: Can't resolve '@/lib/prediction-market'
   2 | import { MiniKit } from "@worldcoin/minikit-js";
   3 | import { encodeFunctionData, formatUnits, parseUnits } from "viem";
>  4 | import {
     | ^^^^^^^
>  5 |   PREDICTION_MARKET_ABI,
     | ^^^^^^^^^^^^^^^^^^^^^^^^
>  6 |   ERC20_ABI,
     | ^^^^^^^^^^^^
>  7 |   Outcome,
     | ^^^^^^^^^^
>  8 | } from "@/lib/prediction-market";
     | ^^^^^^^^^^^^^^^^^^^^^^^^^^^^^^^^^
   9 | import { CONTRACTS } from "@/lib/contracts";
  10 |
  11 | const PM_ADDRESS = CONTRACTS.predictionMarket;

Import map: aliased to relative './lib/prediction-market' inside of [project]/

Import traces:
  Browser:
    ./components/PredictionMarket.tsx
    ./pages/minikit.tsx

  SSR:
    ./components/PredictionMarket.tsx
    ./pages/minikit.tsx

https://nextjs.org/docs/messages/module-not-found @ http://localhost:3000/_next/static/chunks/node_modules_next_dist_0k8zr~w._.js:1945
[  768109ms] [ERROR] ./pages/minikit.tsx:5:1
Module not found: Can't resolve '@/lib/prediction-market'
  3 | import { createPublicClient, http, formatUnits } from "viem";
  4 | import { Geist } from "next/font/google";
> 5 | import { PREDICTION_MARKET_ABI, ERC20_ABI } from "@/lib/prediction-market";
    | ^^^^^^^^^^^^^^^^^^^^^^^^^^^^^^^^^^^^^^^^^^^^^^^^^^^^^^^^^^^^^^^^^^^^^^^^^^^
  6 | import { CONTRACTS } from "@/lib/contracts";
  7 | import WorldIdVerification from "@/components/WorldIdVerification";
  8 | import WalletAuth from "@/components/WalletAuth";

Import map: aliased to relative './lib/prediction-market' inside of [project]/

https://nextjs.org/docs/messages/module-not-found @ http://localhost:3000/_next/static/chunks/node_modules_next_dist_0k8zr~w._.js:1945
[  768133ms] [LOG] [Fast Refresh] rebuilding @ http://localhost:3000/_next/static/chunks/node_modules_next_dist_0k8zr~w._.js:1226
[  769200ms] [ERROR] ./components/MyPositions.tsx:13:1
Module not found: Can't resolve '@/lib/contracts'
  11 |   Outcome,
  12 | } from "@/lib/prediction-market";
> 13 | import { CONTRACTS } from "@/lib/contracts";
     | ^^^^^^^^^^^^^^^^^^^^^^^^^^^^^^^^^^^^^^^^^^^^
  14 |
  15 | const PM_ADDRESS = CONTRACTS.predictionMarket;
  16 | const WORLD_CHAIN_ID = 480;

Import map: aliased to relative './lib/contracts' inside of [project]/

Import traces:
  Browser:
    ./components/MyPositions.tsx
    ./pages/minikit.tsx

  SSR:
    ./components/MyPositions.tsx
    ./pages/minikit.tsx

https://nextjs.org/docs/messages/module-not-found @ http://localhost:3000/_next/static/chunks/node_modules_next_dist_0k8zr~w._.js:1945
[  769200ms] [ERROR] ./components/PredictionMarket.tsx:9:1
Module not found: Can't resolve '@/lib/contracts'
   7 |   Outcome,
   8 | } from "@/lib/prediction-market";
>  9 | import { CONTRACTS } from "@/lib/contracts";
     | ^^^^^^^^^^^^^^^^^^^^^^^^^^^^^^^^^^^^^^^^^^^^
  10 |
  11 | const PM_ADDRESS = CONTRACTS.predictionMarket;
  12 | const WLD_ADDRESS = CONTRACTS.wld;

Import map: aliased to relative './lib/contracts' inside of [project]/

Import traces:
  Browser:
    ./components/PredictionMarket.tsx
    ./pages/minikit.tsx

  SSR:
    ./components/PredictionMarket.tsx
    ./pages/minikit.tsx

https://nextjs.org/docs/messages/module-not-found @ http://localhost:3000/_next/static/chunks/node_modules_next_dist_0k8zr~w._.js:1945
[  769200ms] [ERROR] ./pages/minikit.tsx:6:1
Module not found: Can't resolve '@/lib/contracts'
  4 | import { Geist } from "next/font/google";
  5 | import { PREDICTION_MARKET_ABI, ERC20_ABI } from "@/lib/prediction-market";
> 6 | import { CONTRACTS } from "@/lib/contracts";
    | ^^^^^^^^^^^^^^^^^^^^^^^^^^^^^^^^^^^^^^^^^^^^
  7 | import WorldIdVerification from "@/components/WorldIdVerification";
  8 | import WalletAuth from "@/components/WalletAuth";
  9 | import PredictionMarket from "@/components/PredictionMarket";

Import map: aliased to relative './lib/contracts' inside of [project]/

https://nextjs.org/docs/messages/module-not-found @ http://localhost:3000/_next/static/chunks/node_modules_next_dist_0k8zr~w._.js:1945
[  769200ms] [ERROR] ./components/MyPositions.tsx:9:1
Module not found: Can't resolve '@/lib/prediction-market'
   7 |   formatUnits,
   8 | } from "viem";
>  9 | import {
     | ^^^^^^^
> 10 |   PREDICTION_MARKET_ABI,
     | ^^^^^^^^^^^^^^^^^^^^^^^^
> 11 |   Outcome,
     | ^^^^^^^^^^
> 12 | } from "@/lib/prediction-market";
     | ^^^^^^^^^^^^^^^^^^^^^^^^^^^^^^^^^
  13 | import { CONTRACTS } from "@/lib/contracts";
  14 |
  15 | const PM_ADDRESS = CONTRACTS.predictionMarket;

Import map: aliased to relative './lib/prediction-market' inside of [project]/

Import traces:
  Browser:
    ./components/MyPositions.tsx
    ./pages/minikit.tsx

  SSR:
    ./components/MyPositions.tsx
    ./pages/minikit.tsx

https://nextjs.org/docs/messages/module-not-found @ http://localhost:3000/_next/static/chunks/node_modules_next_dist_0k8zr~w._.js:1945
[  769200ms] [ERROR] ./components/PredictionMarket.tsx:4:1
Module not found: Can't resolve '@/lib/prediction-market'
   2 | import { MiniKit } from "@worldcoin/minikit-js";
   3 | import { encodeFunctionData, formatUnits, parseUnits } from "viem";
>  4 | import {
     | ^^^^^^^
>  5 |   PREDICTION_MARKET_ABI,
     | ^^^^^^^^^^^^^^^^^^^^^^^^
>  6 |   ERC20_ABI,
     | ^^^^^^^^^^^^
>  7 |   Outcome,
     | ^^^^^^^^^^
>  8 | } from "@/lib/prediction-market";
     | ^^^^^^^^^^^^^^^^^^^^^^^^^^^^^^^^^
   9 | import { CONTRACTS } from "@/lib/contracts";
  10 |
  11 | const PM_ADDRESS = CONTRACTS.predictionMarket;

Import map: aliased to relative './lib/prediction-market' inside of [project]/

Import traces:
  Browser:
    ./components/PredictionMarket.tsx
    ./pages/minikit.tsx

  SSR:
    ./components/PredictionMarket.tsx
    ./pages/minikit.tsx

https://nextjs.org/docs/messages/module-not-found @ http://localhost:3000/_next/static/chunks/node_modules_next_dist_0k8zr~w._.js:1945
[  769200ms] [ERROR] ./pages/minikit.tsx:5:1
Module not found: Can't resolve '@/lib/prediction-market'
  3 | import { createPublicClient, http, formatUnits } from "viem";
  4 | import { Geist } from "next/font/google";
> 5 | import { PREDICTION_MARKET_ABI, ERC20_ABI } from "@/lib/prediction-market";
    | ^^^^^^^^^^^^^^^^^^^^^^^^^^^^^^^^^^^^^^^^^^^^^^^^^^^^^^^^^^^^^^^^^^^^^^^^^^^
  6 | import { CONTRACTS } from "@/lib/contracts";
  7 | import WorldIdVerification from "@/components/WorldIdVerification";
  8 | import WalletAuth from "@/components/WalletAuth";

Import map: aliased to relative './lib/prediction-market' inside of [project]/

https://nextjs.org/docs/messages/module-not-found @ http://localhost:3000/_next/static/chunks/node_modules_next_dist_0k8zr~w._.js:1945
[  769268ms] [LOG] [Fast Refresh] rebuilding @ http://localhost:3000/_next/static/chunks/node_modules_next_dist_0k8zr~w._.js:1226
[  769351ms] [ERROR] ./components/MyPositions.tsx:13:1
Module not found: Can't resolve '@/lib/contracts'
  11 |   Outcome,
  12 | } from "@/lib/prediction-market";
> 13 | import { CONTRACTS } from "@/lib/contracts";
     | ^^^^^^^^^^^^^^^^^^^^^^^^^^^^^^^^^^^^^^^^^^^^
  14 |
  15 | const PM_ADDRESS = CONTRACTS.predictionMarket;
  16 | const WORLD_CHAIN_ID = 480;

Import map: aliased to relative './lib/contracts' inside of [project]/

Import traces:
  Browser:
    ./components/MyPositions.tsx
    ./pages/minikit.tsx

  SSR:
    ./components/MyPositions.tsx
    ./pages/minikit.tsx

https://nextjs.org/docs/messages/module-not-found @ http://localhost:3000/_next/static/chunks/node_modules_next_dist_0k8zr~w._.js:1945
[  769352ms] [ERROR] ./components/PredictionMarket.tsx:9:1
Module not found: Can't resolve '@/lib/contracts'
   7 |   Outcome,
   8 | } from "@/lib/prediction-market";
>  9 | import { CONTRACTS } from "@/lib/contracts";
     | ^^^^^^^^^^^^^^^^^^^^^^^^^^^^^^^^^^^^^^^^^^^^
  10 |
  11 | const PM_ADDRESS = CONTRACTS.predictionMarket;
  12 | const WLD_ADDRESS = CONTRACTS.wld;

Import map: aliased to relative './lib/contracts' inside of [project]/

Import traces:
  Browser:
    ./components/PredictionMarket.tsx
    ./pages/minikit.tsx

  SSR:
    ./components/PredictionMarket.tsx
    ./pages/minikit.tsx

https://nextjs.org/docs/messages/module-not-found @ http://localhost:3000/_next/static/chunks/node_modules_next_dist_0k8zr~w._.js:1945
[  769352ms] [ERROR] ./pages/minikit.tsx:6:1
Module not found: Can't resolve '@/lib/contracts'
  4 | import { Geist } from "next/font/google";
  5 | import { PREDICTION_MARKET_ABI, ERC20_ABI } from "@/lib/prediction-market";
> 6 | import { CONTRACTS } from "@/lib/contracts";
    | ^^^^^^^^^^^^^^^^^^^^^^^^^^^^^^^^^^^^^^^^^^^^
  7 | import WorldIdVerification from "@/components/WorldIdVerification";
  8 | import WalletAuth from "@/components/WalletAuth";
  9 | import PredictionMarket from "@/components/PredictionMarket";

Import map: aliased to relative './lib/contracts' inside of [project]/

https://nextjs.org/docs/messages/module-not-found @ http://localhost:3000/_next/static/chunks/node_modules_next_dist_0k8zr~w._.js:1945
[  769352ms] [ERROR] ./components/MyPositions.tsx:9:1
Module not found: Can't resolve '@/lib/prediction-market'
   7 |   formatUnits,
   8 | } from "viem";
>  9 | import {
     | ^^^^^^^
> 10 |   PREDICTION_MARKET_ABI,
     | ^^^^^^^^^^^^^^^^^^^^^^^^
> 11 |   Outcome,
     | ^^^^^^^^^^
> 12 | } from "@/lib/prediction-market";
     | ^^^^^^^^^^^^^^^^^^^^^^^^^^^^^^^^^
  13 | import { CONTRACTS } from "@/lib/contracts";
  14 |
  15 | const PM_ADDRESS = CONTRACTS.predictionMarket;

Import map: aliased to relative './lib/prediction-market' inside of [project]/

Import traces:
  Browser:
    ./components/MyPositions.tsx
    ./pages/minikit.tsx

  SSR:
    ./components/MyPositions.tsx
    ./pages/minikit.tsx

https://nextjs.org/docs/messages/module-not-found @ http://localhost:3000/_next/static/chunks/node_modules_next_dist_0k8zr~w._.js:1945
[  769352ms] [ERROR] ./components/PredictionMarket.tsx:4:1
Module not found: Can't resolve '@/lib/prediction-market'
   2 | import { MiniKit } from "@worldcoin/minikit-js";
   3 | import { encodeFunctionData, formatUnits, parseUnits } from "viem";
>  4 | import {
     | ^^^^^^^
>  5 |   PREDICTION_MARKET_ABI,
     | ^^^^^^^^^^^^^^^^^^^^^^^^
>  6 |   ERC20_ABI,
     | ^^^^^^^^^^^^
>  7 |   Outcome,
     | ^^^^^^^^^^
>  8 | } from "@/lib/prediction-market";
     | ^^^^^^^^^^^^^^^^^^^^^^^^^^^^^^^^^
   9 | import { CONTRACTS } from "@/lib/contracts";
  10 |
  11 | const PM_ADDRESS = CONTRACTS.predictionMarket;

Import map: aliased to relative './lib/prediction-market' inside of [project]/

Import traces:
  Browser:
    ./components/PredictionMarket.tsx
    ./pages/minikit.tsx

  SSR:
    ./components/PredictionMarket.tsx
    ./pages/minikit.tsx

https://nextjs.org/docs/messages/module-not-found @ http://localhost:3000/_next/static/chunks/node_modules_next_dist_0k8zr~w._.js:1945
[  769352ms] [ERROR] ./pages/minikit.tsx:5:1
Module not found: Can't resolve '@/lib/prediction-market'
  3 | import { createPublicClient, http, formatUnits } from "viem";
  4 | import { Geist } from "next/font/google";
> 5 | import { PREDICTION_MARKET_ABI, ERC20_ABI } from "@/lib/prediction-market";
    | ^^^^^^^^^^^^^^^^^^^^^^^^^^^^^^^^^^^^^^^^^^^^^^^^^^^^^^^^^^^^^^^^^^^^^^^^^^^
  6 | import { CONTRACTS } from "@/lib/contracts";
  7 | import WorldIdVerification from "@/components/WorldIdVerification";
  8 | import WalletAuth from "@/components/WalletAuth";

Import map: aliased to relative './lib/prediction-market' inside of [project]/

https://nextjs.org/docs/messages/module-not-found @ http://localhost:3000/_next/static/chunks/node_modules_next_dist_0k8zr~w._.js:1945
[  769419ms] [LOG] [Fast Refresh] rebuilding @ http://localhost:3000/_next/static/chunks/node_modules_next_dist_0k8zr~w._.js:1226
[  769470ms] [ERROR] ./components/MyPositions.tsx:13:1
Module not found: Can't resolve '@/lib/contracts'
  11 |   Outcome,
  12 | } from "@/lib/prediction-market";
> 13 | import { CONTRACTS } from "@/lib/contracts";
     | ^^^^^^^^^^^^^^^^^^^^^^^^^^^^^^^^^^^^^^^^^^^^
  14 |
  15 | const PM_ADDRESS = CONTRACTS.predictionMarket;
  16 | const WORLD_CHAIN_ID = 480;

Import map: aliased to relative './lib/contracts' inside of [project]/

Import traces:
  Browser:
    ./components/MyPositions.tsx
    ./pages/minikit.tsx

  SSR:
    ./components/MyPositions.tsx
    ./pages/minikit.tsx

https://nextjs.org/docs/messages/module-not-found @ http://localhost:3000/_next/static/chunks/node_modules_next_dist_0k8zr~w._.js:1945
[  769470ms] [ERROR] ./components/PredictionMarket.tsx:9:1
Module not found: Can't resolve '@/lib/contracts'
   7 |   Outcome,
   8 | } from "@/lib/prediction-market";
>  9 | import { CONTRACTS } from "@/lib/contracts";
     | ^^^^^^^^^^^^^^^^^^^^^^^^^^^^^^^^^^^^^^^^^^^^
  10 |
  11 | const PM_ADDRESS = CONTRACTS.predictionMarket;
  12 | const WLD_ADDRESS = CONTRACTS.wld;

Import map: aliased to relative './lib/contracts' inside of [project]/

Import traces:
  Browser:
    ./components/PredictionMarket.tsx
    ./pages/minikit.tsx

  SSR:
    ./components/PredictionMarket.tsx
    ./pages/minikit.tsx

https://nextjs.org/docs/messages/module-not-found @ http://localhost:3000/_next/static/chunks/node_modules_next_dist_0k8zr~w._.js:1945
[  769470ms] [ERROR] ./pages/minikit.tsx:6:1
Module not found: Can't resolve '@/lib/contracts'
  4 | import { Geist } from "next/font/google";
  5 | import { PREDICTION_MARKET_ABI, ERC20_ABI } from "@/lib/prediction-market";
> 6 | import { CONTRACTS } from "@/lib/contracts";
    | ^^^^^^^^^^^^^^^^^^^^^^^^^^^^^^^^^^^^^^^^^^^^
  7 | import WorldIdVerification from "@/components/WorldIdVerification";
  8 | import WalletAuth from "@/components/WalletAuth";
  9 | import PredictionMarket from "@/components/PredictionMarket";

Import map: aliased to relative './lib/contracts' inside of [project]/

https://nextjs.org/docs/messages/module-not-found @ http://localhost:3000/_next/static/chunks/node_modules_next_dist_0k8zr~w._.js:1945
[  769470ms] [ERROR] ./components/MyPositions.tsx:9:1
Module not found: Can't resolve '@/lib/prediction-market'
   7 |   formatUnits,
   8 | } from "viem";
>  9 | import {
     | ^^^^^^^
> 10 |   PREDICTION_MARKET_ABI,
     | ^^^^^^^^^^^^^^^^^^^^^^^^
> 11 |   Outcome,
     | ^^^^^^^^^^
> 12 | } from "@/lib/prediction-market";
     | ^^^^^^^^^^^^^^^^^^^^^^^^^^^^^^^^^
  13 | import { CONTRACTS } from "@/lib/contracts";
  14 |
  15 | const PM_ADDRESS = CONTRACTS.predictionMarket;

Import map: aliased to relative './lib/prediction-market' inside of [project]/

Import traces:
  Browser:
    ./components/MyPositions.tsx
    ./pages/minikit.tsx

  SSR:
    ./components/MyPositions.tsx
    ./pages/minikit.tsx

https://nextjs.org/docs/messages/module-not-found @ http://localhost:3000/_next/static/chunks/node_modules_next_dist_0k8zr~w._.js:1945
[  769470ms] [ERROR] ./components/PredictionMarket.tsx:4:1
Module not found: Can't resolve '@/lib/prediction-market'
   2 | import { MiniKit } from "@worldcoin/minikit-js";
   3 | import { encodeFunctionData, formatUnits, parseUnits } from "viem";
>  4 | import {
     | ^^^^^^^
>  5 |   PREDICTION_MARKET_ABI,
     | ^^^^^^^^^^^^^^^^^^^^^^^^
>  6 |   ERC20_ABI,
     | ^^^^^^^^^^^^
>  7 |   Outcome,
     | ^^^^^^^^^^
>  8 | } from "@/lib/prediction-market";
     | ^^^^^^^^^^^^^^^^^^^^^^^^^^^^^^^^^
   9 | import { CONTRACTS } from "@/lib/contracts";
  10 |
  11 | const PM_ADDRESS = CONTRACTS.predictionMarket;

Import map: aliased to relative './lib/prediction-market' inside of [project]/

Import traces:
  Browser:
    ./components/PredictionMarket.tsx
    ./pages/minikit.tsx

  SSR:
    ./components/PredictionMarket.tsx
    ./pages/minikit.tsx

https://nextjs.org/docs/messages/module-not-found @ http://localhost:3000/_next/static/chunks/node_modules_next_dist_0k8zr~w._.js:1945
[  769471ms] [ERROR] ./pages/minikit.tsx:5:1
Module not found: Can't resolve '@/lib/prediction-market'
  3 | import { createPublicClient, http, formatUnits } from "viem";
  4 | import { Geist } from "next/font/google";
> 5 | import { PREDICTION_MARKET_ABI, ERC20_ABI } from "@/lib/prediction-market";
    | ^^^^^^^^^^^^^^^^^^^^^^^^^^^^^^^^^^^^^^^^^^^^^^^^^^^^^^^^^^^^^^^^^^^^^^^^^^^
  6 | import { CONTRACTS } from "@/lib/contracts";
  7 | import WorldIdVerification from "@/components/WorldIdVerification";
  8 | import WalletAuth from "@/components/WalletAuth";

Import map: aliased to relative './lib/prediction-market' inside of [project]/

https://nextjs.org/docs/messages/module-not-found @ http://localhost:3000/_next/static/chunks/node_modules_next_dist_0k8zr~w._.js:1945
[  769537ms] [LOG] [Fast Refresh] rebuilding @ http://localhost:3000/_next/static/chunks/node_modules_next_dist_0k8zr~w._.js:1226
[  770056ms] [ERROR] ./components/MyPositions.tsx:13:1
Module not found: Can't resolve '@/lib/contracts'
  11 |   Outcome,
  12 | } from "@/lib/prediction-market";
> 13 | import { CONTRACTS } from "@/lib/contracts";
     | ^^^^^^^^^^^^^^^^^^^^^^^^^^^^^^^^^^^^^^^^^^^^
  14 |
  15 | const PM_ADDRESS = CONTRACTS.predictionMarket;
  16 | const WORLD_CHAIN_ID = 480;

Import map: aliased to relative './lib/contracts' inside of [project]/

Import traces:
  Browser:
    ./components/MyPositions.tsx
    ./pages/minikit.tsx

  SSR:
    ./components/MyPositions.tsx
    ./pages/minikit.tsx

https://nextjs.org/docs/messages/module-not-found @ http://localhost:3000/_next/static/chunks/node_modules_next_dist_0k8zr~w._.js:1945
[  770056ms] [ERROR] ./components/PredictionMarket.tsx:9:1
Module not found: Can't resolve '@/lib/contracts'
   7 |   Outcome,
   8 | } from "@/lib/prediction-market";
>  9 | import { CONTRACTS } from "@/lib/contracts";
     | ^^^^^^^^^^^^^^^^^^^^^^^^^^^^^^^^^^^^^^^^^^^^
  10 |
  11 | const PM_ADDRESS = CONTRACTS.predictionMarket;
  12 | const WLD_ADDRESS = CONTRACTS.wld;

Import map: aliased to relative './lib/contracts' inside of [project]/

Import traces:
  Browser:
    ./components/PredictionMarket.tsx
    ./pages/minikit.tsx

  SSR:
    ./components/PredictionMarket.tsx
    ./pages/minikit.tsx

https://nextjs.org/docs/messages/module-not-found @ http://localhost:3000/_next/static/chunks/node_modules_next_dist_0k8zr~w._.js:1945
[  770056ms] [ERROR] ./pages/minikit.tsx:6:1
Module not found: Can't resolve '@/lib/contracts'
  4 | import { Geist } from "next/font/google";
  5 | import { PREDICTION_MARKET_ABI, ERC20_ABI } from "@/lib/prediction-market";
> 6 | import { CONTRACTS } from "@/lib/contracts";
    | ^^^^^^^^^^^^^^^^^^^^^^^^^^^^^^^^^^^^^^^^^^^^
  7 | import WorldIdVerification from "@/components/WorldIdVerification";
  8 | import WalletAuth from "@/components/WalletAuth";
  9 | import PredictionMarket from "@/components/PredictionMarket";

Import map: aliased to relative './lib/contracts' inside of [project]/

https://nextjs.org/docs/messages/module-not-found @ http://localhost:3000/_next/static/chunks/node_modules_next_dist_0k8zr~w._.js:1945
[  770056ms] [ERROR] ./components/MyPositions.tsx:9:1
Module not found: Can't resolve '@/lib/prediction-market'
   7 |   formatUnits,
   8 | } from "viem";
>  9 | import {
     | ^^^^^^^
> 10 |   PREDICTION_MARKET_ABI,
     | ^^^^^^^^^^^^^^^^^^^^^^^^
> 11 |   Outcome,
     | ^^^^^^^^^^
> 12 | } from "@/lib/prediction-market";
     | ^^^^^^^^^^^^^^^^^^^^^^^^^^^^^^^^^
  13 | import { CONTRACTS } from "@/lib/contracts";
  14 |
  15 | const PM_ADDRESS = CONTRACTS.predictionMarket;

Import map: aliased to relative './lib/prediction-market' inside of [project]/

Import traces:
  Browser:
    ./components/MyPositions.tsx
    ./pages/minikit.tsx

  SSR:
    ./components/MyPositions.tsx
    ./pages/minikit.tsx

https://nextjs.org/docs/messages/module-not-found @ http://localhost:3000/_next/static/chunks/node_modules_next_dist_0k8zr~w._.js:1945
[  770056ms] [ERROR] ./components/PredictionMarket.tsx:4:1
Module not found: Can't resolve '@/lib/prediction-market'
   2 | import { MiniKit } from "@worldcoin/minikit-js";
   3 | import { encodeFunctionData, formatUnits, parseUnits } from "viem";
>  4 | import {
     | ^^^^^^^
>  5 |   PREDICTION_MARKET_ABI,
     | ^^^^^^^^^^^^^^^^^^^^^^^^
>  6 |   ERC20_ABI,
     | ^^^^^^^^^^^^
>  7 |   Outcome,
     | ^^^^^^^^^^
>  8 | } from "@/lib/prediction-market";
     | ^^^^^^^^^^^^^^^^^^^^^^^^^^^^^^^^^
   9 | import { CONTRACTS } from "@/lib/contracts";
  10 |
  11 | const PM_ADDRESS = CONTRACTS.predictionMarket;

Import map: aliased to relative './lib/prediction-market' inside of [project]/

Import traces:
  Browser:
    ./components/PredictionMarket.tsx
    ./pages/minikit.tsx

  SSR:
    ./components/PredictionMarket.tsx
    ./pages/minikit.tsx

https://nextjs.org/docs/messages/module-not-found @ http://localhost:3000/_next/static/chunks/node_modules_next_dist_0k8zr~w._.js:1945
[  770056ms] [ERROR] ./pages/minikit.tsx:5:1
Module not found: Can't resolve '@/lib/prediction-market'
  3 | import { createPublicClient, http, formatUnits } from "viem";
  4 | import { Geist } from "next/font/google";
> 5 | import { PREDICTION_MARKET_ABI, ERC20_ABI } from "@/lib/prediction-market";
    | ^^^^^^^^^^^^^^^^^^^^^^^^^^^^^^^^^^^^^^^^^^^^^^^^^^^^^^^^^^^^^^^^^^^^^^^^^^^
  6 | import { CONTRACTS } from "@/lib/contracts";
  7 | import WorldIdVerification from "@/components/WorldIdVerification";
  8 | import WalletAuth from "@/components/WalletAuth";

Import map: aliased to relative './lib/prediction-market' inside of [project]/

https://nextjs.org/docs/messages/module-not-found @ http://localhost:3000/_next/static/chunks/node_modules_next_dist_0k8zr~w._.js:1945
[  770124ms] [LOG] [Fast Refresh] rebuilding @ http://localhost:3000/_next/static/chunks/node_modules_next_dist_0k8zr~w._.js:1226
[  770732ms] [ERROR] ./components/MyPositions.tsx:13:1
Module not found: Can't resolve '@/lib/contracts'
  11 |   Outcome,
  12 | } from "@/lib/prediction-market";
> 13 | import { CONTRACTS } from "@/lib/contracts";
     | ^^^^^^^^^^^^^^^^^^^^^^^^^^^^^^^^^^^^^^^^^^^^
  14 |
  15 | const PM_ADDRESS = CONTRACTS.predictionMarket;
  16 | const WORLD_CHAIN_ID = 480;

Import map: aliased to relative './lib/contracts' inside of [project]/

Import traces:
  Browser:
    ./components/MyPositions.tsx
    ./pages/minikit.tsx

  SSR:
    ./components/MyPositions.tsx
    ./pages/minikit.tsx

https://nextjs.org/docs/messages/module-not-found @ http://localhost:3000/_next/static/chunks/node_modules_next_dist_0k8zr~w._.js:1945
[  770732ms] [ERROR] ./components/PredictionMarket.tsx:9:1
Module not found: Can't resolve '@/lib/contracts'
   7 |   Outcome,
   8 | } from "@/lib/prediction-market";
>  9 | import { CONTRACTS } from "@/lib/contracts";
     | ^^^^^^^^^^^^^^^^^^^^^^^^^^^^^^^^^^^^^^^^^^^^
  10 |
  11 | const PM_ADDRESS = CONTRACTS.predictionMarket;
  12 | const WLD_ADDRESS = CONTRACTS.wld;

Import map: aliased to relative './lib/contracts' inside of [project]/

Import traces:
  Browser:
    ./components/PredictionMarket.tsx
    ./pages/minikit.tsx

  SSR:
    ./components/PredictionMarket.tsx
    ./pages/minikit.tsx

https://nextjs.org/docs/messages/module-not-found @ http://localhost:3000/_next/static/chunks/node_modules_next_dist_0k8zr~w._.js:1945
[  770732ms] [ERROR] ./pages/minikit.tsx:6:1
Module not found: Can't resolve '@/lib/contracts'
  4 | import { Geist } from "next/font/google";
  5 | import { PREDICTION_MARKET_ABI, ERC20_ABI } from "@/lib/prediction-market";
> 6 | import { CONTRACTS } from "@/lib/contracts";
    | ^^^^^^^^^^^^^^^^^^^^^^^^^^^^^^^^^^^^^^^^^^^^
  7 | import WorldIdVerification from "@/components/WorldIdVerification";
  8 | import WalletAuth from "@/components/WalletAuth";
  9 | import PredictionMarket from "@/components/PredictionMarket";

Import map: aliased to relative './lib/contracts' inside of [project]/

https://nextjs.org/docs/messages/module-not-found @ http://localhost:3000/_next/static/chunks/node_modules_next_dist_0k8zr~w._.js:1945
[  770732ms] [ERROR] ./components/MyPositions.tsx:9:1
Module not found: Can't resolve '@/lib/prediction-market'
   7 |   formatUnits,
   8 | } from "viem";
>  9 | import {
     | ^^^^^^^
> 10 |   PREDICTION_MARKET_ABI,
     | ^^^^^^^^^^^^^^^^^^^^^^^^
> 11 |   Outcome,
     | ^^^^^^^^^^
> 12 | } from "@/lib/prediction-market";
     | ^^^^^^^^^^^^^^^^^^^^^^^^^^^^^^^^^
  13 | import { CONTRACTS } from "@/lib/contracts";
  14 |
  15 | const PM_ADDRESS = CONTRACTS.predictionMarket;

Import map: aliased to relative './lib/prediction-market' inside of [project]/

Import traces:
  Browser:
    ./components/MyPositions.tsx
    ./pages/minikit.tsx

  SSR:
    ./components/MyPositions.tsx
    ./pages/minikit.tsx

https://nextjs.org/docs/messages/module-not-found @ http://localhost:3000/_next/static/chunks/node_modules_next_dist_0k8zr~w._.js:1945
[  770732ms] [ERROR] ./components/PredictionMarket.tsx:4:1
Module not found: Can't resolve '@/lib/prediction-market'
   2 | import { MiniKit } from "@worldcoin/minikit-js";
   3 | import { encodeFunctionData, formatUnits, parseUnits } from "viem";
>  4 | import {
     | ^^^^^^^
>  5 |   PREDICTION_MARKET_ABI,
     | ^^^^^^^^^^^^^^^^^^^^^^^^
>  6 |   ERC20_ABI,
     | ^^^^^^^^^^^^
>  7 |   Outcome,
     | ^^^^^^^^^^
>  8 | } from "@/lib/prediction-market";
     | ^^^^^^^^^^^^^^^^^^^^^^^^^^^^^^^^^
   9 | import { CONTRACTS } from "@/lib/contracts";
  10 |
  11 | const PM_ADDRESS = CONTRACTS.predictionMarket;

Import map: aliased to relative './lib/prediction-market' inside of [project]/

Import traces:
  Browser:
    ./components/PredictionMarket.tsx
    ./pages/minikit.tsx

  SSR:
    ./components/PredictionMarket.tsx
    ./pages/minikit.tsx

https://nextjs.org/docs/messages/module-not-found @ http://localhost:3000/_next/static/chunks/node_modules_next_dist_0k8zr~w._.js:1945
[  770732ms] [ERROR] ./pages/minikit.tsx:5:1
Module not found: Can't resolve '@/lib/prediction-market'
  3 | import { createPublicClient, http, formatUnits } from "viem";
  4 | import { Geist } from "next/font/google";
> 5 | import { PREDICTION_MARKET_ABI, ERC20_ABI } from "@/lib/prediction-market";
    | ^^^^^^^^^^^^^^^^^^^^^^^^^^^^^^^^^^^^^^^^^^^^^^^^^^^^^^^^^^^^^^^^^^^^^^^^^^^
  6 | import { CONTRACTS } from "@/lib/contracts";
  7 | import WorldIdVerification from "@/components/WorldIdVerification";
  8 | import WalletAuth from "@/components/WalletAuth";

Import map: aliased to relative './lib/prediction-market' inside of [project]/

https://nextjs.org/docs/messages/module-not-found @ http://localhost:3000/_next/static/chunks/node_modules_next_dist_0k8zr~w._.js:1945
[  770799ms] [LOG] [Fast Refresh] rebuilding @ http://localhost:3000/_next/static/chunks/node_modules_next_dist_0k8zr~w._.js:1226
[  772219ms] [ERROR] ./components/MyPositions.tsx:13:1
Module not found: Can't resolve '@/lib/contracts'
  11 |   Outcome,
  12 | } from "@/lib/prediction-market";
> 13 | import { CONTRACTS } from "@/lib/contracts";
     | ^^^^^^^^^^^^^^^^^^^^^^^^^^^^^^^^^^^^^^^^^^^^
  14 |
  15 | const PM_ADDRESS = CONTRACTS.predictionMarket;
  16 | const WORLD_CHAIN_ID = 480;

Import map: aliased to relative './lib/contracts' inside of [project]/

Import traces:
  Browser:
    ./components/MyPositions.tsx
    ./pages/minikit.tsx

  SSR:
    ./components/MyPositions.tsx
    ./pages/minikit.tsx

https://nextjs.org/docs/messages/module-not-found @ http://localhost:3000/_next/static/chunks/node_modules_next_dist_0k8zr~w._.js:1945
[  772220ms] [ERROR] ./components/PredictionMarket.tsx:9:1
Module not found: Can't resolve '@/lib/contracts'
   7 |   Outcome,
   8 | } from "@/lib/prediction-market";
>  9 | import { CONTRACTS } from "@/lib/contracts";
     | ^^^^^^^^^^^^^^^^^^^^^^^^^^^^^^^^^^^^^^^^^^^^
  10 |
  11 | const PM_ADDRESS = CONTRACTS.predictionMarket;
  12 | const WLD_ADDRESS = CONTRACTS.wld;

Import map: aliased to relative './lib/contracts' inside of [project]/

Import traces:
  Browser:
    ./components/PredictionMarket.tsx
    ./pages/minikit.tsx

  SSR:
    ./components/PredictionMarket.tsx
    ./pages/minikit.tsx

https://nextjs.org/docs/messages/module-not-found @ http://localhost:3000/_next/static/chunks/node_modules_next_dist_0k8zr~w._.js:1945
[  772220ms] [ERROR] ./pages/minikit.tsx:6:1
Module not found: Can't resolve '@/lib/contracts'
  4 | import { Geist } from "next/font/google";
  5 | import { PREDICTION_MARKET_ABI, ERC20_ABI } from "@/lib/prediction-market";
> 6 | import { CONTRACTS } from "@/lib/contracts";
    | ^^^^^^^^^^^^^^^^^^^^^^^^^^^^^^^^^^^^^^^^^^^^
  7 | import WorldIdVerification from "@/components/WorldIdVerification";
  8 | import WalletAuth from "@/components/WalletAuth";
  9 | import PredictionMarket from "@/components/PredictionMarket";

Import map: aliased to relative './lib/contracts' inside of [project]/

https://nextjs.org/docs/messages/module-not-found @ http://localhost:3000/_next/static/chunks/node_modules_next_dist_0k8zr~w._.js:1945
[  772220ms] [ERROR] ./components/MyPositions.tsx:9:1
Module not found: Can't resolve '@/lib/prediction-market'
   7 |   formatUnits,
   8 | } from "viem";
>  9 | import {
     | ^^^^^^^
> 10 |   PREDICTION_MARKET_ABI,
     | ^^^^^^^^^^^^^^^^^^^^^^^^
> 11 |   Outcome,
     | ^^^^^^^^^^
> 12 | } from "@/lib/prediction-market";
     | ^^^^^^^^^^^^^^^^^^^^^^^^^^^^^^^^^
  13 | import { CONTRACTS } from "@/lib/contracts";
  14 |
  15 | const PM_ADDRESS = CONTRACTS.predictionMarket;

Import map: aliased to relative './lib/prediction-market' inside of [project]/

Import traces:
  Browser:
    ./components/MyPositions.tsx
    ./pages/minikit.tsx

  SSR:
    ./components/MyPositions.tsx
    ./pages/minikit.tsx

https://nextjs.org/docs/messages/module-not-found @ http://localhost:3000/_next/static/chunks/node_modules_next_dist_0k8zr~w._.js:1945
[  772220ms] [ERROR] ./components/PredictionMarket.tsx:4:1
Module not found: Can't resolve '@/lib/prediction-market'
   2 | import { MiniKit } from "@worldcoin/minikit-js";
   3 | import { encodeFunctionData, formatUnits, parseUnits } from "viem";
>  4 | import {
     | ^^^^^^^
>  5 |   PREDICTION_MARKET_ABI,
     | ^^^^^^^^^^^^^^^^^^^^^^^^
>  6 |   ERC20_ABI,
     | ^^^^^^^^^^^^
>  7 |   Outcome,
     | ^^^^^^^^^^
>  8 | } from "@/lib/prediction-market";
     | ^^^^^^^^^^^^^^^^^^^^^^^^^^^^^^^^^
   9 | import { CONTRACTS } from "@/lib/contracts";
  10 |
  11 | const PM_ADDRESS = CONTRACTS.predictionMarket;

Import map: aliased to relative './lib/prediction-market' inside of [project]/

Import traces:
  Browser:
    ./components/PredictionMarket.tsx
    ./pages/minikit.tsx

  SSR:
    ./components/PredictionMarket.tsx
    ./pages/minikit.tsx

https://nextjs.org/docs/messages/module-not-found @ http://localhost:3000/_next/static/chunks/node_modules_next_dist_0k8zr~w._.js:1945
[  772220ms] [ERROR] ./pages/minikit.tsx:5:1
Module not found: Can't resolve '@/lib/prediction-market'
  3 | import { createPublicClient, http, formatUnits } from "viem";
  4 | import { Geist } from "next/font/google";
> 5 | import { PREDICTION_MARKET_ABI, ERC20_ABI } from "@/lib/prediction-market";
    | ^^^^^^^^^^^^^^^^^^^^^^^^^^^^^^^^^^^^^^^^^^^^^^^^^^^^^^^^^^^^^^^^^^^^^^^^^^^
  6 | import { CONTRACTS } from "@/lib/contracts";
  7 | import WorldIdVerification from "@/components/WorldIdVerification";
  8 | import WalletAuth from "@/components/WalletAuth";

Import map: aliased to relative './lib/prediction-market' inside of [project]/

https://nextjs.org/docs/messages/module-not-found @ http://localhost:3000/_next/static/chunks/node_modules_next_dist_0k8zr~w._.js:1945
[  772287ms] [LOG] [Fast Refresh] rebuilding @ http://localhost:3000/_next/static/chunks/node_modules_next_dist_0k8zr~w._.js:1226
[  774941ms] [ERROR] ./components/MyPositions.tsx:13:1
Module not found: Can't resolve '@/lib/contracts'
  11 |   Outcome,
  12 | } from "@/lib/prediction-market";
> 13 | import { CONTRACTS } from "@/lib/contracts";
     | ^^^^^^^^^^^^^^^^^^^^^^^^^^^^^^^^^^^^^^^^^^^^
  14 |
  15 | const PM_ADDRESS = CONTRACTS.predictionMarket;
  16 | const WORLD_CHAIN_ID = 480;

Import map: aliased to relative './lib/contracts' inside of [project]/

Import traces:
  Browser:
    ./components/MyPositions.tsx
    ./pages/minikit.tsx

  SSR:
    ./components/MyPositions.tsx
    ./pages/minikit.tsx

https://nextjs.org/docs/messages/module-not-found @ http://localhost:3000/_next/static/chunks/node_modules_next_dist_0k8zr~w._.js:1945
[  774941ms] [ERROR] ./components/PredictionMarket.tsx:9:1
Module not found: Can't resolve '@/lib/contracts'
   7 |   Outcome,
   8 | } from "@/lib/prediction-market";
>  9 | import { CONTRACTS } from "@/lib/contracts";
     | ^^^^^^^^^^^^^^^^^^^^^^^^^^^^^^^^^^^^^^^^^^^^
  10 |
  11 | const PM_ADDRESS = CONTRACTS.predictionMarket;
  12 | const WLD_ADDRESS = CONTRACTS.wld;

Import map: aliased to relative './lib/contracts' inside of [project]/

Import traces:
  Browser:
    ./components/PredictionMarket.tsx
    ./pages/minikit.tsx

  SSR:
    ./components/PredictionMarket.tsx
    ./pages/minikit.tsx

https://nextjs.org/docs/messages/module-not-found @ http://localhost:3000/_next/static/chunks/node_modules_next_dist_0k8zr~w._.js:1945
[  774941ms] [ERROR] ./pages/minikit.tsx:6:1
Module not found: Can't resolve '@/lib/contracts'
  4 | import { Geist } from "next/font/google";
  5 | import { PREDICTION_MARKET_ABI, ERC20_ABI } from "@/lib/prediction-market";
> 6 | import { CONTRACTS } from "@/lib/contracts";
    | ^^^^^^^^^^^^^^^^^^^^^^^^^^^^^^^^^^^^^^^^^^^^
  7 | import WorldIdVerification from "@/components/WorldIdVerification";
  8 | import WalletAuth from "@/components/WalletAuth";
  9 | import PredictionMarket from "@/components/PredictionMarket";

Import map: aliased to relative './lib/contracts' inside of [project]/

https://nextjs.org/docs/messages/module-not-found @ http://localhost:3000/_next/static/chunks/node_modules_next_dist_0k8zr~w._.js:1945
[  774942ms] [ERROR] ./components/MyPositions.tsx:9:1
Module not found: Can't resolve '@/lib/prediction-market'
   7 |   formatUnits,
   8 | } from "viem";
>  9 | import {
     | ^^^^^^^
> 10 |   PREDICTION_MARKET_ABI,
     | ^^^^^^^^^^^^^^^^^^^^^^^^
> 11 |   Outcome,
     | ^^^^^^^^^^
> 12 | } from "@/lib/prediction-market";
     | ^^^^^^^^^^^^^^^^^^^^^^^^^^^^^^^^^
  13 | import { CONTRACTS } from "@/lib/contracts";
  14 |
  15 | const PM_ADDRESS = CONTRACTS.predictionMarket;

Import map: aliased to relative './lib/prediction-market' inside of [project]/

Import traces:
  Browser:
    ./components/MyPositions.tsx
    ./pages/minikit.tsx

  SSR:
    ./components/MyPositions.tsx
    ./pages/minikit.tsx

https://nextjs.org/docs/messages/module-not-found @ http://localhost:3000/_next/static/chunks/node_modules_next_dist_0k8zr~w._.js:1945
[  774942ms] [ERROR] ./components/PredictionMarket.tsx:4:1
Module not found: Can't resolve '@/lib/prediction-market'
   2 | import { MiniKit } from "@worldcoin/minikit-js";
   3 | import { encodeFunctionData, formatUnits, parseUnits } from "viem";
>  4 | import {
     | ^^^^^^^
>  5 |   PREDICTION_MARKET_ABI,
     | ^^^^^^^^^^^^^^^^^^^^^^^^
>  6 |   ERC20_ABI,
     | ^^^^^^^^^^^^
>  7 |   Outcome,
     | ^^^^^^^^^^
>  8 | } from "@/lib/prediction-market";
     | ^^^^^^^^^^^^^^^^^^^^^^^^^^^^^^^^^
   9 | import { CONTRACTS } from "@/lib/contracts";
  10 |
  11 | const PM_ADDRESS = CONTRACTS.predictionMarket;

Import map: aliased to relative './lib/prediction-market' inside of [project]/

Import traces:
  Browser:
    ./components/PredictionMarket.tsx
    ./pages/minikit.tsx

  SSR:
    ./components/PredictionMarket.tsx
    ./pages/minikit.tsx

https://nextjs.org/docs/messages/module-not-found @ http://localhost:3000/_next/static/chunks/node_modules_next_dist_0k8zr~w._.js:1945
[  774942ms] [ERROR] ./pages/minikit.tsx:5:1
Module not found: Can't resolve '@/lib/prediction-market'
  3 | import { createPublicClient, http, formatUnits } from "viem";
  4 | import { Geist } from "next/font/google";
> 5 | import { PREDICTION_MARKET_ABI, ERC20_ABI } from "@/lib/prediction-market";
    | ^^^^^^^^^^^^^^^^^^^^^^^^^^^^^^^^^^^^^^^^^^^^^^^^^^^^^^^^^^^^^^^^^^^^^^^^^^^
  6 | import { CONTRACTS } from "@/lib/contracts";
  7 | import WorldIdVerification from "@/components/WorldIdVerification";
  8 | import WalletAuth from "@/components/WalletAuth";

Import map: aliased to relative './lib/prediction-market' inside of [project]/

https://nextjs.org/docs/messages/module-not-found @ http://localhost:3000/_next/static/chunks/node_modules_next_dist_0k8zr~w._.js:1945
[  775008ms] [LOG] [Fast Refresh] rebuilding @ http://localhost:3000/_next/static/chunks/node_modules_next_dist_0k8zr~w._.js:1226
[  787689ms] [LOG] [Fast Refresh] rebuilding @ http://localhost:3000/_next/static/chunks/node_modules_next_dist_0k8zr~w._.js:1226
[  787733ms] [ERROR] ./components/MyPositions.tsx:13:1
Module not found: Can't resolve '@/lib/contracts'
  11 |   Outcome,
  12 | } from "@/lib/prediction-market";
> 13 | import { CONTRACTS } from "@/lib/contracts";
     | ^^^^^^^^^^^^^^^^^^^^^^^^^^^^^^^^^^^^^^^^^^^^
  14 |
  15 | const PM_ADDRESS = CONTRACTS.predictionMarket;
  16 | const WORLD_CHAIN_ID = 480;

Import map: aliased to relative './lib/contracts' inside of [project]/

Import traces:
  Browser:
    ./components/MyPositions.tsx
    ./pages/minikit.tsx

  SSR:
    ./components/MyPositions.tsx
    ./pages/minikit.tsx

https://nextjs.org/docs/messages/module-not-found @ http://localhost:3000/_next/static/chunks/node_modules_next_dist_0k8zr~w._.js:1945
[  787733ms] [ERROR] ./components/PredictionMarket.tsx:9:1
Module not found: Can't resolve '@/lib/contracts'
   7 |   Outcome,
   8 | } from "@/lib/prediction-market";
>  9 | import { CONTRACTS } from "@/lib/contracts";
     | ^^^^^^^^^^^^^^^^^^^^^^^^^^^^^^^^^^^^^^^^^^^^
  10 |
  11 | const PM_ADDRESS = CONTRACTS.predictionMarket;
  12 | const WLD_ADDRESS = CONTRACTS.wld;

Import map: aliased to relative './lib/contracts' inside of [project]/

Import traces:
  Browser:
    ./components/PredictionMarket.tsx
    ./pages/minikit.tsx

  SSR:
    ./components/PredictionMarket.tsx
    ./pages/minikit.tsx

https://nextjs.org/docs/messages/module-not-found @ http://localhost:3000/_next/static/chunks/node_modules_next_dist_0k8zr~w._.js:1945
[  787733ms] [ERROR] ./pages/minikit.tsx:6:1
Module not found: Can't resolve '@/lib/contracts'
  4 | import { Geist } from "next/font/google";
  5 | import { PREDICTION_MARKET_ABI, ERC20_ABI } from "@/lib/prediction-market";
> 6 | import { CONTRACTS } from "@/lib/contracts";
    | ^^^^^^^^^^^^^^^^^^^^^^^^^^^^^^^^^^^^^^^^^^^^
  7 | import WorldIdVerification from "@/components/WorldIdVerification";
  8 | import WalletAuth from "@/components/WalletAuth";
  9 | import PredictionMarket from "@/components/PredictionMarket";

Import map: aliased to relative './lib/contracts' inside of [project]/

https://nextjs.org/docs/messages/module-not-found @ http://localhost:3000/_next/static/chunks/node_modules_next_dist_0k8zr~w._.js:1945
[  787733ms] [ERROR] ./components/MyPositions.tsx:9:1
Module not found: Can't resolve '@/lib/prediction-market'
   7 |   formatUnits,
   8 | } from "viem";
>  9 | import {
     | ^^^^^^^
> 10 |   PREDICTION_MARKET_ABI,
     | ^^^^^^^^^^^^^^^^^^^^^^^^
> 11 |   Outcome,
     | ^^^^^^^^^^
> 12 | } from "@/lib/prediction-market";
     | ^^^^^^^^^^^^^^^^^^^^^^^^^^^^^^^^^
  13 | import { CONTRACTS } from "@/lib/contracts";
  14 |
  15 | const PM_ADDRESS = CONTRACTS.predictionMarket;

Import map: aliased to relative './lib/prediction-market' inside of [project]/

Import traces:
  Browser:
    ./components/MyPositions.tsx
    ./pages/minikit.tsx

  SSR:
    ./components/MyPositions.tsx
    ./pages/minikit.tsx

https://nextjs.org/docs/messages/module-not-found @ http://localhost:3000/_next/static/chunks/node_modules_next_dist_0k8zr~w._.js:1945
[  787733ms] [ERROR] ./components/PredictionMarket.tsx:4:1
Module not found: Can't resolve '@/lib/prediction-market'
   2 | import { MiniKit } from "@worldcoin/minikit-js";
   3 | import { encodeFunctionData, formatUnits, parseUnits } from "viem";
>  4 | import {
     | ^^^^^^^
>  5 |   PREDICTION_MARKET_ABI,
     | ^^^^^^^^^^^^^^^^^^^^^^^^
>  6 |   ERC20_ABI,
     | ^^^^^^^^^^^^
>  7 |   Outcome,
     | ^^^^^^^^^^
>  8 | } from "@/lib/prediction-market";
     | ^^^^^^^^^^^^^^^^^^^^^^^^^^^^^^^^^
   9 | import { CONTRACTS } from "@/lib/contracts";
  10 |
  11 | const PM_ADDRESS = CONTRACTS.predictionMarket;

Import map: aliased to relative './lib/prediction-market' inside of [project]/

Import traces:
  Browser:
    ./components/PredictionMarket.tsx
    ./pages/minikit.tsx

  SSR:
    ./components/PredictionMarket.tsx
    ./pages/minikit.tsx

https://nextjs.org/docs/messages/module-not-found @ http://localhost:3000/_next/static/chunks/node_modules_next_dist_0k8zr~w._.js:1945
[  787733ms] [ERROR] ./pages/minikit.tsx:5:1
Module not found: Can't resolve '@/lib/prediction-market'
  3 | import { createPublicClient, http, formatUnits } from "viem";
  4 | import { Geist } from "next/font/google";
> 5 | import { PREDICTION_MARKET_ABI, ERC20_ABI } from "@/lib/prediction-market";
    | ^^^^^^^^^^^^^^^^^^^^^^^^^^^^^^^^^^^^^^^^^^^^^^^^^^^^^^^^^^^^^^^^^^^^^^^^^^^
  6 | import { CONTRACTS } from "@/lib/contracts";
  7 | import WorldIdVerification from "@/components/WorldIdVerification";
  8 | import WalletAuth from "@/components/WalletAuth";

Import map: aliased to relative './lib/prediction-market' inside of [project]/

https://nextjs.org/docs/messages/module-not-found @ http://localhost:3000/_next/static/chunks/node_modules_next_dist_0k8zr~w._.js:1945
[  966360ms] [ERROR] ./components/MyPositions.tsx:13:1
Module not found: Can't resolve '@/lib/contracts'
  11 |   Outcome,
  12 | } from "@/lib/prediction-market";
> 13 | import { CONTRACTS } from "@/lib/contracts";
     | ^^^^^^^^^^^^^^^^^^^^^^^^^^^^^^^^^^^^^^^^^^^^
  14 |
  15 | const PM_ADDRESS = CONTRACTS.predictionMarket;
  16 | const WORLD_CHAIN_ID = 480;

Import map: aliased to relative './lib/contracts' inside of [project]/

Import traces:
  Browser:
    ./components/MyPositions.tsx
    ./pages/minikit.tsx

  SSR:
    ./components/MyPositions.tsx
    ./pages/minikit.tsx

https://nextjs.org/docs/messages/module-not-found @ http://localhost:3000/_next/static/chunks/node_modules_next_dist_0k8zr~w._.js:1945
[  966360ms] [ERROR] ./components/PredictionMarket.tsx:9:1
Module not found: Can't resolve '@/lib/contracts'
   7 |   Outcome,
   8 | } from "@/lib/prediction-market";
>  9 | import { CONTRACTS } from "@/lib/contracts";
     | ^^^^^^^^^^^^^^^^^^^^^^^^^^^^^^^^^^^^^^^^^^^^
  10 |
  11 | const PM_ADDRESS = CONTRACTS.predictionMarket;
  12 | const WLD_ADDRESS = CONTRACTS.wld;

Import map: aliased to relative './lib/contracts' inside of [project]/

Import traces:
  Browser:
    ./components/PredictionMarket.tsx
    ./pages/minikit.tsx

  SSR:
    ./components/PredictionMarket.tsx
    ./pages/minikit.tsx

https://nextjs.org/docs/messages/module-not-found @ http://localhost:3000/_next/static/chunks/node_modules_next_dist_0k8zr~w._.js:1945
[  966360ms] [ERROR] ./pages/minikit.tsx:6:1
Module not found: Can't resolve '@/lib/contracts'
  4 | import { Geist } from "next/font/google";
  5 | import { PREDICTION_MARKET_ABI, ERC20_ABI } from "@/lib/prediction-market";
> 6 | import { CONTRACTS } from "@/lib/contracts";
    | ^^^^^^^^^^^^^^^^^^^^^^^^^^^^^^^^^^^^^^^^^^^^
  7 | import WorldIdVerification from "@/components/WorldIdVerification";
  8 | import WalletAuth from "@/components/WalletAuth";
  9 | import PredictionMarket from "@/components/PredictionMarket";

Import map: aliased to relative './lib/contracts' inside of [project]/

https://nextjs.org/docs/messages/module-not-found @ http://localhost:3000/_next/static/chunks/node_modules_next_dist_0k8zr~w._.js:1945
[  966360ms] [ERROR] ./components/MyPositions.tsx:9:1
Module not found: Can't resolve '@/lib/prediction-market'
   7 |   formatUnits,
   8 | } from "viem";
>  9 | import {
     | ^^^^^^^
> 10 |   PREDICTION_MARKET_ABI,
     | ^^^^^^^^^^^^^^^^^^^^^^^^
> 11 |   Outcome,
     | ^^^^^^^^^^
> 12 | } from "@/lib/prediction-market";
     | ^^^^^^^^^^^^^^^^^^^^^^^^^^^^^^^^^
  13 | import { CONTRACTS } from "@/lib/contracts";
  14 |
  15 | const PM_ADDRESS = CONTRACTS.predictionMarket;

Import map: aliased to relative './lib/prediction-market' inside of [project]/

Import traces:
  Browser:
    ./components/MyPositions.tsx
    ./pages/minikit.tsx

  SSR:
    ./components/MyPositions.tsx
    ./pages/minikit.tsx

https://nextjs.org/docs/messages/module-not-found @ http://localhost:3000/_next/static/chunks/node_modules_next_dist_0k8zr~w._.js:1945
[  966360ms] [ERROR] ./components/PredictionMarket.tsx:4:1
Module not found: Can't resolve '@/lib/prediction-market'
   2 | import { MiniKit } from "@worldcoin/minikit-js";
   3 | import { encodeFunctionData, formatUnits, parseUnits } from "viem";
>  4 | import {
     | ^^^^^^^
>  5 |   PREDICTION_MARKET_ABI,
     | ^^^^^^^^^^^^^^^^^^^^^^^^
>  6 |   ERC20_ABI,
     | ^^^^^^^^^^^^
>  7 |   Outcome,
     | ^^^^^^^^^^
>  8 | } from "@/lib/prediction-market";
     | ^^^^^^^^^^^^^^^^^^^^^^^^^^^^^^^^^
   9 | import { CONTRACTS } from "@/lib/contracts";
  10 |
  11 | const PM_ADDRESS = CONTRACTS.predictionMarket;

Import map: aliased to relative './lib/prediction-market' inside of [project]/

Import traces:
  Browser:
    ./components/PredictionMarket.tsx
    ./pages/minikit.tsx

  SSR:
    ./components/PredictionMarket.tsx
    ./pages/minikit.tsx

https://nextjs.org/docs/messages/module-not-found @ http://localhost:3000/_next/static/chunks/node_modules_next_dist_0k8zr~w._.js:1945
[  966361ms] [ERROR] ./pages/minikit.tsx:5:1
Module not found: Can't resolve '@/lib/prediction-market'
  3 | import { createPublicClient, http, formatUnits } from "viem";
  4 | import { Geist } from "next/font/google";
> 5 | import { PREDICTION_MARKET_ABI, ERC20_ABI } from "@/lib/prediction-market";
    | ^^^^^^^^^^^^^^^^^^^^^^^^^^^^^^^^^^^^^^^^^^^^^^^^^^^^^^^^^^^^^^^^^^^^^^^^^^^
  6 | import { CONTRACTS } from "@/lib/contracts";
  7 | import WorldIdVerification from "@/components/WorldIdVerification";
  8 | import WalletAuth from "@/components/WalletAuth";

Import map: aliased to relative './lib/prediction-market' inside of [project]/

https://nextjs.org/docs/messages/module-not-found @ http://localhost:3000/_next/static/chunks/node_modules_next_dist_0k8zr~w._.js:1945
[  966393ms] [LOG] [Fast Refresh] rebuilding @ http://localhost:3000/_next/static/chunks/node_modules_next_dist_0k8zr~w._.js:1226
[  970608ms] [ERROR] ./components/MyPositions.tsx:13:1
Module not found: Can't resolve '@/lib/contracts'
  11 |   Outcome,
  12 | } from "@/lib/prediction-market";
> 13 | import { CONTRACTS } from "@/lib/contracts";
     | ^^^^^^^^^^^^^^^^^^^^^^^^^^^^^^^^^^^^^^^^^^^^
  14 |
  15 | const PM_ADDRESS = CONTRACTS.predictionMarket;
  16 | const WORLD_CHAIN_ID = 480;

Import map: aliased to relative './lib/contracts' inside of [project]/

Import traces:
  Browser:
    ./components/MyPositions.tsx
    ./pages/minikit.tsx

  SSR:
    ./components/MyPositions.tsx
    ./pages/minikit.tsx

https://nextjs.org/docs/messages/module-not-found @ http://localhost:3000/_next/static/chunks/node_modules_next_dist_0k8zr~w._.js:1945
[  970608ms] [ERROR] ./components/PredictionMarket.tsx:9:1
Module not found: Can't resolve '@/lib/contracts'
   7 |   Outcome,
   8 | } from "@/lib/prediction-market";
>  9 | import { CONTRACTS } from "@/lib/contracts";
     | ^^^^^^^^^^^^^^^^^^^^^^^^^^^^^^^^^^^^^^^^^^^^
  10 |
  11 | const PM_ADDRESS = CONTRACTS.predictionMarket;
  12 | const WLD_ADDRESS = CONTRACTS.wld;

Import map: aliased to relative './lib/contracts' inside of [project]/

Import traces:
  Browser:
    ./components/PredictionMarket.tsx
    ./pages/minikit.tsx

  SSR:
    ./components/PredictionMarket.tsx
    ./pages/minikit.tsx

https://nextjs.org/docs/messages/module-not-found @ http://localhost:3000/_next/static/chunks/node_modules_next_dist_0k8zr~w._.js:1945
[  970608ms] [ERROR] ./pages/minikit.tsx:6:1
Module not found: Can't resolve '@/lib/contracts'
  4 | import { Geist } from "next/font/google";
  5 | import { PREDICTION_MARKET_ABI, ERC20_ABI } from "@/lib/prediction-market";
> 6 | import { CONTRACTS } from "@/lib/contracts";
    | ^^^^^^^^^^^^^^^^^^^^^^^^^^^^^^^^^^^^^^^^^^^^
  7 | import WorldIdVerification from "@/components/WorldIdVerification";
  8 | import WalletAuth from "@/components/WalletAuth";
  9 | import PredictionMarket from "@/components/PredictionMarket";

Import map: aliased to relative './lib/contracts' inside of [project]/

https://nextjs.org/docs/messages/module-not-found @ http://localhost:3000/_next/static/chunks/node_modules_next_dist_0k8zr~w._.js:1945
[  970609ms] [ERROR] ./components/MyPositions.tsx:9:1
Module not found: Can't resolve '@/lib/prediction-market'
   7 |   formatUnits,
   8 | } from "viem";
>  9 | import {
     | ^^^^^^^
> 10 |   PREDICTION_MARKET_ABI,
     | ^^^^^^^^^^^^^^^^^^^^^^^^
> 11 |   Outcome,
     | ^^^^^^^^^^
> 12 | } from "@/lib/prediction-market";
     | ^^^^^^^^^^^^^^^^^^^^^^^^^^^^^^^^^
  13 | import { CONTRACTS } from "@/lib/contracts";
  14 |
  15 | const PM_ADDRESS = CONTRACTS.predictionMarket;

Import map: aliased to relative './lib/prediction-market' inside of [project]/

Import traces:
  Browser:
    ./components/MyPositions.tsx
    ./pages/minikit.tsx

  SSR:
    ./components/MyPositions.tsx
    ./pages/minikit.tsx

https://nextjs.org/docs/messages/module-not-found @ http://localhost:3000/_next/static/chunks/node_modules_next_dist_0k8zr~w._.js:1945
[  970609ms] [ERROR] ./components/PredictionMarket.tsx:4:1
Module not found: Can't resolve '@/lib/prediction-market'
   2 | import { MiniKit } from "@worldcoin/minikit-js";
   3 | import { encodeFunctionData, formatUnits, parseUnits } from "viem";
>  4 | import {
     | ^^^^^^^
>  5 |   PREDICTION_MARKET_ABI,
     | ^^^^^^^^^^^^^^^^^^^^^^^^
>  6 |   ERC20_ABI,
     | ^^^^^^^^^^^^
>  7 |   Outcome,
     | ^^^^^^^^^^
>  8 | } from "@/lib/prediction-market";
     | ^^^^^^^^^^^^^^^^^^^^^^^^^^^^^^^^^
   9 | import { CONTRACTS } from "@/lib/contracts";
  10 |
  11 | const PM_ADDRESS = CONTRACTS.predictionMarket;

Import map: aliased to relative './lib/prediction-market' inside of [project]/

Import traces:
  Browser:
    ./components/PredictionMarket.tsx
    ./pages/minikit.tsx

  SSR:
    ./components/PredictionMarket.tsx
    ./pages/minikit.tsx

https://nextjs.org/docs/messages/module-not-found @ http://localhost:3000/_next/static/chunks/node_modules_next_dist_0k8zr~w._.js:1945
[  970609ms] [ERROR] ./pages/minikit.tsx:5:1
Module not found: Can't resolve '@/lib/prediction-market'
  3 | import { createPublicClient, http, formatUnits } from "viem";
  4 | import { Geist } from "next/font/google";
> 5 | import { PREDICTION_MARKET_ABI, ERC20_ABI } from "@/lib/prediction-market";
    | ^^^^^^^^^^^^^^^^^^^^^^^^^^^^^^^^^^^^^^^^^^^^^^^^^^^^^^^^^^^^^^^^^^^^^^^^^^^
  6 | import { CONTRACTS } from "@/lib/contracts";
  7 | import WorldIdVerification from "@/components/WorldIdVerification";
  8 | import WalletAuth from "@/components/WalletAuth";

Import map: aliased to relative './lib/prediction-market' inside of [project]/

https://nextjs.org/docs/messages/module-not-found @ http://localhost:3000/_next/static/chunks/node_modules_next_dist_0k8zr~w._.js:1945
[  970674ms] [LOG] [Fast Refresh] rebuilding @ http://localhost:3000/_next/static/chunks/node_modules_next_dist_0k8zr~w._.js:1226
[ 1284779ms] [LOG] [Fast Refresh] rebuilding @ http://localhost:3000/_next/static/chunks/node_modules_next_dist_0k8zr~w._.js:1226
[ 1284924ms] [ERROR] ./components/MyPositions.tsx:13:1
Module not found: Can't resolve '@/lib/contracts'
  11 |   Outcome,
  12 | } from "@/lib/prediction-market";
> 13 | import { CONTRACTS } from "@/lib/contracts";
     | ^^^^^^^^^^^^^^^^^^^^^^^^^^^^^^^^^^^^^^^^^^^^
  14 |
  15 | const PM_ADDRESS = CONTRACTS.predictionMarket;
  16 | const WORLD_CHAIN_ID = 480;

Import map: aliased to relative './lib/contracts' inside of [project]/

Import traces:
  Browser:
    ./components/MyPositions.tsx
    ./pages/minikit.tsx

  SSR:
    ./components/MyPositions.tsx
    ./pages/minikit.tsx

https://nextjs.org/docs/messages/module-not-found @ http://localhost:3000/_next/static/chunks/node_modules_next_dist_0k8zr~w._.js:1945
[ 1284924ms] [ERROR] ./components/PredictionMarket.tsx:9:1
Module not found: Can't resolve '@/lib/contracts'
   7 |   Outcome,
   8 | } from "@/lib/prediction-market";
>  9 | import { CONTRACTS } from "@/lib/contracts";
     | ^^^^^^^^^^^^^^^^^^^^^^^^^^^^^^^^^^^^^^^^^^^^
  10 |
  11 | const PM_ADDRESS = CONTRACTS.predictionMarket;
  12 | const WLD_ADDRESS = CONTRACTS.wld;

Import map: aliased to relative './lib/contracts' inside of [project]/

Import traces:
  Browser:
    ./components/PredictionMarket.tsx
    ./pages/minikit.tsx

  SSR:
    ./components/PredictionMarket.tsx
    ./pages/minikit.tsx

https://nextjs.org/docs/messages/module-not-found @ http://localhost:3000/_next/static/chunks/node_modules_next_dist_0k8zr~w._.js:1945
[ 1284924ms] [ERROR] ./pages/minikit.tsx:6:1
Module not found: Can't resolve '@/lib/contracts'
  4 | import { Geist } from "next/font/google";
  5 | import { PREDICTION_MARKET_ABI, ERC20_ABI } from "@/lib/prediction-market";
> 6 | import { CONTRACTS } from "@/lib/contracts";
    | ^^^^^^^^^^^^^^^^^^^^^^^^^^^^^^^^^^^^^^^^^^^^
  7 | import WorldIdVerification from "@/components/WorldIdVerification";
  8 | import WalletAuth from "@/components/WalletAuth";
  9 | import PredictionMarket from "@/components/PredictionMarket";

Import map: aliased to relative './lib/contracts' inside of [project]/

https://nextjs.org/docs/messages/module-not-found @ http://localhost:3000/_next/static/chunks/node_modules_next_dist_0k8zr~w._.js:1945
[ 1284924ms] [ERROR] ./components/MyPositions.tsx:9:1
Module not found: Can't resolve '@/lib/prediction-market'
   7 |   formatUnits,
   8 | } from "viem";
>  9 | import {
     | ^^^^^^^
> 10 |   PREDICTION_MARKET_ABI,
     | ^^^^^^^^^^^^^^^^^^^^^^^^
> 11 |   Outcome,
     | ^^^^^^^^^^
> 12 | } from "@/lib/prediction-market";
     | ^^^^^^^^^^^^^^^^^^^^^^^^^^^^^^^^^
  13 | import { CONTRACTS } from "@/lib/contracts";
  14 |
  15 | const PM_ADDRESS = CONTRACTS.predictionMarket;

Import map: aliased to relative './lib/prediction-market' inside of [project]/

Import traces:
  Browser:
    ./components/MyPositions.tsx
    ./pages/minikit.tsx

  SSR:
    ./components/MyPositions.tsx
    ./pages/minikit.tsx

https://nextjs.org/docs/messages/module-not-found @ http://localhost:3000/_next/static/chunks/node_modules_next_dist_0k8zr~w._.js:1945
[ 1284924ms] [ERROR] ./components/PredictionMarket.tsx:4:1
Module not found: Can't resolve '@/lib/prediction-market'
   2 | import { MiniKit } from "@worldcoin/minikit-js";
   3 | import { encodeFunctionData, formatUnits, parseUnits } from "viem";
>  4 | import {
     | ^^^^^^^
>  5 |   PREDICTION_MARKET_ABI,
     | ^^^^^^^^^^^^^^^^^^^^^^^^
>  6 |   ERC20_ABI,
     | ^^^^^^^^^^^^
>  7 |   Outcome,
     | ^^^^^^^^^^
>  8 | } from "@/lib/prediction-market";
     | ^^^^^^^^^^^^^^^^^^^^^^^^^^^^^^^^^
   9 | import { CONTRACTS } from "@/lib/contracts";
  10 |
  11 | const PM_ADDRESS = CONTRACTS.predictionMarket;

Import map: aliased to relative './lib/prediction-market' inside of [project]/

Import traces:
  Browser:
    ./components/PredictionMarket.tsx
    ./pages/minikit.tsx

  SSR:
    ./components/PredictionMarket.tsx
    ./pages/minikit.tsx

https://nextjs.org/docs/messages/module-not-found @ http://localhost:3000/_next/static/chunks/node_modules_next_dist_0k8zr~w._.js:1945
[ 1284924ms] [ERROR] ./pages/minikit.tsx:5:1
Module not found: Can't resolve '@/lib/prediction-market'
  3 | import { createPublicClient, http, formatUnits } from "viem";
  4 | import { Geist } from "next/font/google";
> 5 | import { PREDICTION_MARKET_ABI, ERC20_ABI } from "@/lib/prediction-market";
    | ^^^^^^^^^^^^^^^^^^^^^^^^^^^^^^^^^^^^^^^^^^^^^^^^^^^^^^^^^^^^^^^^^^^^^^^^^^^
  6 | import { CONTRACTS } from "@/lib/contracts";
  7 | import WorldIdVerification from "@/components/WorldIdVerification";
  8 | import WalletAuth from "@/components/WalletAuth";

Import map: aliased to relative './lib/prediction-market' inside of [project]/

https://nextjs.org/docs/messages/module-not-found @ http://localhost:3000/_next/static/chunks/node_modules_next_dist_0k8zr~w._.js:1945
[ 1368642ms] [ERROR] ./components/MyPositions.tsx:13:1
Module not found: Can't resolve '@/lib/contracts'
  11 |   Outcome,
  12 | } from "@/lib/prediction-market";
> 13 | import { CONTRACTS } from "@/lib/contracts";
     | ^^^^^^^^^^^^^^^^^^^^^^^^^^^^^^^^^^^^^^^^^^^^
  14 |
  15 | const PM_ADDRESS = CONTRACTS.predictionMarket;
  16 | const WORLD_CHAIN_ID = 480;

Import map: aliased to relative './lib/contracts' inside of [project]/

Import traces:
  Browser:
    ./components/MyPositions.tsx
    ./pages/minikit.tsx

  SSR:
    ./components/MyPositions.tsx
    ./pages/minikit.tsx

https://nextjs.org/docs/messages/module-not-found @ http://localhost:3000/_next/static/chunks/node_modules_next_dist_0k8zr~w._.js:1945
[ 1368642ms] [ERROR] ./components/PredictionMarket.tsx:9:1
Module not found: Can't resolve '@/lib/contracts'
   7 |   Outcome,
   8 | } from "@/lib/prediction-market";
>  9 | import { CONTRACTS } from "@/lib/contracts";
     | ^^^^^^^^^^^^^^^^^^^^^^^^^^^^^^^^^^^^^^^^^^^^
  10 |
  11 | const PM_ADDRESS = CONTRACTS.predictionMarket;
  12 | const WLD_ADDRESS = CONTRACTS.wld;

Import map: aliased to relative './lib/contracts' inside of [project]/

Import traces:
  Browser:
    ./components/PredictionMarket.tsx
    ./pages/minikit.tsx

  SSR:
    ./components/PredictionMarket.tsx
    ./pages/minikit.tsx

https://nextjs.org/docs/messages/module-not-found @ http://localhost:3000/_next/static/chunks/node_modules_next_dist_0k8zr~w._.js:1945
[ 1368642ms] [ERROR] ./pages/minikit.tsx:6:1
Module not found: Can't resolve '@/lib/contracts'
  4 | import { Geist } from "next/font/google";
  5 | import { PREDICTION_MARKET_ABI, ERC20_ABI } from "@/lib/prediction-market";
> 6 | import { CONTRACTS } from "@/lib/contracts";
    | ^^^^^^^^^^^^^^^^^^^^^^^^^^^^^^^^^^^^^^^^^^^^
  7 | import WorldIdVerification from "@/components/WorldIdVerification";
  8 | import WalletAuth from "@/components/WalletAuth";
  9 | import PredictionMarket from "@/components/PredictionMarket";

Import map: aliased to relative './lib/contracts' inside of [project]/

https://nextjs.org/docs/messages/module-not-found @ http://localhost:3000/_next/static/chunks/node_modules_next_dist_0k8zr~w._.js:1945
[ 1368642ms] [ERROR] ./components/MyPositions.tsx:9:1
Module not found: Can't resolve '@/lib/prediction-market'
   7 |   formatUnits,
   8 | } from "viem";
>  9 | import {
     | ^^^^^^^
> 10 |   PREDICTION_MARKET_ABI,
     | ^^^^^^^^^^^^^^^^^^^^^^^^
> 11 |   Outcome,
     | ^^^^^^^^^^
> 12 | } from "@/lib/prediction-market";
     | ^^^^^^^^^^^^^^^^^^^^^^^^^^^^^^^^^
  13 | import { CONTRACTS } from "@/lib/contracts";
  14 |
  15 | const PM_ADDRESS = CONTRACTS.predictionMarket;

Import map: aliased to relative './lib/prediction-market' inside of [project]/

Import traces:
  Browser:
    ./components/MyPositions.tsx
    ./pages/minikit.tsx

  SSR:
    ./components/MyPositions.tsx
    ./pages/minikit.tsx

https://nextjs.org/docs/messages/module-not-found @ http://localhost:3000/_next/static/chunks/node_modules_next_dist_0k8zr~w._.js:1945
[ 1368643ms] [ERROR] ./components/PredictionMarket.tsx:4:1
Module not found: Can't resolve '@/lib/prediction-market'
   2 | import { MiniKit } from "@worldcoin/minikit-js";
   3 | import { encodeFunctionData, formatUnits, parseUnits } from "viem";
>  4 | import {
     | ^^^^^^^
>  5 |   PREDICTION_MARKET_ABI,
     | ^^^^^^^^^^^^^^^^^^^^^^^^
>  6 |   ERC20_ABI,
     | ^^^^^^^^^^^^
>  7 |   Outcome,
     | ^^^^^^^^^^
>  8 | } from "@/lib/prediction-market";
     | ^^^^^^^^^^^^^^^^^^^^^^^^^^^^^^^^^
   9 | import { CONTRACTS } from "@/lib/contracts";
  10 |
  11 | const PM_ADDRESS = CONTRACTS.predictionMarket;

Import map: aliased to relative './lib/prediction-market' inside of [project]/

Import traces:
  Browser:
    ./components/PredictionMarket.tsx
    ./pages/minikit.tsx

  SSR:
    ./components/PredictionMarket.tsx
    ./pages/minikit.tsx

https://nextjs.org/docs/messages/module-not-found @ http://localhost:3000/_next/static/chunks/node_modules_next_dist_0k8zr~w._.js:1945
[ 1368643ms] [ERROR] ./pages/minikit.tsx:5:1
Module not found: Can't resolve '@/lib/prediction-market'
  3 | import { createPublicClient, http, formatUnits } from "viem";
  4 | import { Geist } from "next/font/google";
> 5 | import { PREDICTION_MARKET_ABI, ERC20_ABI } from "@/lib/prediction-market";
    | ^^^^^^^^^^^^^^^^^^^^^^^^^^^^^^^^^^^^^^^^^^^^^^^^^^^^^^^^^^^^^^^^^^^^^^^^^^^
  6 | import { CONTRACTS } from "@/lib/contracts";
  7 | import WorldIdVerification from "@/components/WorldIdVerification";
  8 | import WalletAuth from "@/components/WalletAuth";

Import map: aliased to relative './lib/prediction-market' inside of [project]/

https://nextjs.org/docs/messages/module-not-found @ http://localhost:3000/_next/static/chunks/node_modules_next_dist_0k8zr~w._.js:1945
[ 1368683ms] [LOG] [Fast Refresh] rebuilding @ http://localhost:3000/_next/static/chunks/node_modules_next_dist_0k8zr~w._.js:1226
[ 1699374ms] [ERROR] ./components/MyPositions.tsx:13:1
Module not found: Can't resolve '@/lib/contracts'
  11 |   Outcome,
  12 | } from "@/lib/prediction-market";
> 13 | import { CONTRACTS } from "@/lib/contracts";
     | ^^^^^^^^^^^^^^^^^^^^^^^^^^^^^^^^^^^^^^^^^^^^
  14 |
  15 | const PM_ADDRESS = CONTRACTS.predictionMarket;
  16 | const WORLD_CHAIN_ID = 480;

Import map: aliased to relative './lib/contracts' inside of [project]/

Import traces:
  Browser:
    ./components/MyPositions.tsx
    ./pages/minikit.tsx

  SSR:
    ./components/MyPositions.tsx
    ./pages/minikit.tsx

https://nextjs.org/docs/messages/module-not-found @ http://localhost:3000/_next/static/chunks/node_modules_next_dist_0k8zr~w._.js:1945
[ 1699374ms] [ERROR] ./components/PredictionMarket.tsx:9:1
Module not found: Can't resolve '@/lib/contracts'
   7 |   Outcome,
   8 | } from "@/lib/prediction-market";
>  9 | import { CONTRACTS } from "@/lib/contracts";
     | ^^^^^^^^^^^^^^^^^^^^^^^^^^^^^^^^^^^^^^^^^^^^
  10 |
  11 | const PM_ADDRESS = CONTRACTS.predictionMarket;
  12 | const WLD_ADDRESS = CONTRACTS.wld;

Import map: aliased to relative './lib/contracts' inside of [project]/

Import traces:
  Browser:
    ./components/PredictionMarket.tsx
    ./pages/minikit.tsx

  SSR:
    ./components/PredictionMarket.tsx
    ./pages/minikit.tsx

https://nextjs.org/docs/messages/module-not-found @ http://localhost:3000/_next/static/chunks/node_modules_next_dist_0k8zr~w._.js:1945
[ 1699374ms] [ERROR] ./pages/minikit.tsx:6:1
Module not found: Can't resolve '@/lib/contracts'
  4 | import { Geist } from "next/font/google";
  5 | import { PREDICTION_MARKET_ABI, ERC20_ABI } from "@/lib/prediction-market";
> 6 | import { CONTRACTS } from "@/lib/contracts";
    | ^^^^^^^^^^^^^^^^^^^^^^^^^^^^^^^^^^^^^^^^^^^^
  7 | import WorldIdVerification from "@/components/WorldIdVerification";
  8 | import WalletAuth from "@/components/WalletAuth";
  9 | import PredictionMarket from "@/components/PredictionMarket";

Import map: aliased to relative './lib/contracts' inside of [project]/

https://nextjs.org/docs/messages/module-not-found @ http://localhost:3000/_next/static/chunks/node_modules_next_dist_0k8zr~w._.js:1945
[ 1699374ms] [ERROR] ./components/MyPositions.tsx:9:1
Module not found: Can't resolve '@/lib/prediction-market'
   7 |   formatUnits,
   8 | } from "viem";
>  9 | import {
     | ^^^^^^^
> 10 |   PREDICTION_MARKET_ABI,
     | ^^^^^^^^^^^^^^^^^^^^^^^^
> 11 |   Outcome,
     | ^^^^^^^^^^
> 12 | } from "@/lib/prediction-market";
     | ^^^^^^^^^^^^^^^^^^^^^^^^^^^^^^^^^
  13 | import { CONTRACTS } from "@/lib/contracts";
  14 |
  15 | const PM_ADDRESS = CONTRACTS.predictionMarket;

Import map: aliased to relative './lib/prediction-market' inside of [project]/

Import traces:
  Browser:
    ./components/MyPositions.tsx
    ./pages/minikit.tsx

  SSR:
    ./components/MyPositions.tsx
    ./pages/minikit.tsx

https://nextjs.org/docs/messages/module-not-found @ http://localhost:3000/_next/static/chunks/node_modules_next_dist_0k8zr~w._.js:1945
[ 1699374ms] [ERROR] ./components/PredictionMarket.tsx:4:1
Module not found: Can't resolve '@/lib/prediction-market'
   2 | import { MiniKit } from "@worldcoin/minikit-js";
   3 | import { encodeFunctionData, formatUnits, parseUnits } from "viem";
>  4 | import {
     | ^^^^^^^
>  5 |   PREDICTION_MARKET_ABI,
     | ^^^^^^^^^^^^^^^^^^^^^^^^
>  6 |   ERC20_ABI,
     | ^^^^^^^^^^^^
>  7 |   Outcome,
     | ^^^^^^^^^^
>  8 | } from "@/lib/prediction-market";
     | ^^^^^^^^^^^^^^^^^^^^^^^^^^^^^^^^^
   9 | import { CONTRACTS } from "@/lib/contracts";
  10 |
  11 | const PM_ADDRESS = CONTRACTS.predictionMarket;

Import map: aliased to relative './lib/prediction-market' inside of [project]/

Import traces:
  Browser:
    ./components/PredictionMarket.tsx
    ./pages/minikit.tsx

  SSR:
    ./components/PredictionMarket.tsx
    ./pages/minikit.tsx

https://nextjs.org/docs/messages/module-not-found @ http://localhost:3000/_next/static/chunks/node_modules_next_dist_0k8zr~w._.js:1945
[ 1699374ms] [ERROR] ./pages/minikit.tsx:5:1
Module not found: Can't resolve '@/lib/prediction-market'
  3 | import { createPublicClient, http, formatUnits } from "viem";
  4 | import { Geist } from "next/font/google";
> 5 | import { PREDICTION_MARKET_ABI, ERC20_ABI } from "@/lib/prediction-market";
    | ^^^^^^^^^^^^^^^^^^^^^^^^^^^^^^^^^^^^^^^^^^^^^^^^^^^^^^^^^^^^^^^^^^^^^^^^^^^
  6 | import { CONTRACTS } from "@/lib/contracts";
  7 | import WorldIdVerification from "@/components/WorldIdVerification";
  8 | import WalletAuth from "@/components/WalletAuth";

Import map: aliased to relative './lib/prediction-market' inside of [project]/

https://nextjs.org/docs/messages/module-not-found @ http://localhost:3000/_next/static/chunks/node_modules_next_dist_0k8zr~w._.js:1945
[ 1699406ms] [LOG] [Fast Refresh] rebuilding @ http://localhost:3000/_next/static/chunks/node_modules_next_dist_0k8zr~w._.js:1226
[ 1787956ms] [ERROR] ./components/MyPositions.tsx:13:1
Module not found: Can't resolve '@/lib/contracts'
  11 |   Outcome,
  12 | } from "@/lib/prediction-market";
> 13 | import { CONTRACTS } from "@/lib/contracts";
     | ^^^^^^^^^^^^^^^^^^^^^^^^^^^^^^^^^^^^^^^^^^^^
  14 |
  15 | const PM_ADDRESS = CONTRACTS.predictionMarket;
  16 | const WORLD_CHAIN_ID = 480;

Import map: aliased to relative './lib/contracts' inside of [project]/

Import traces:
  Browser:
    ./components/MyPositions.tsx
    ./pages/minikit.tsx

  SSR:
    ./components/MyPositions.tsx
    ./pages/minikit.tsx

https://nextjs.org/docs/messages/module-not-found @ http://localhost:3000/_next/static/chunks/node_modules_next_dist_0k8zr~w._.js:1945
[ 1787956ms] [ERROR] ./components/PredictionMarket.tsx:9:1
Module not found: Can't resolve '@/lib/contracts'
   7 |   Outcome,
   8 | } from "@/lib/prediction-market";
>  9 | import { CONTRACTS } from "@/lib/contracts";
     | ^^^^^^^^^^^^^^^^^^^^^^^^^^^^^^^^^^^^^^^^^^^^
  10 |
  11 | const PM_ADDRESS = CONTRACTS.predictionMarket;
  12 | const WLD_ADDRESS = CONTRACTS.wld;

Import map: aliased to relative './lib/contracts' inside of [project]/

Import traces:
  Browser:
    ./components/PredictionMarket.tsx
    ./pages/minikit.tsx

  SSR:
    ./components/PredictionMarket.tsx
    ./pages/minikit.tsx

https://nextjs.org/docs/messages/module-not-found @ http://localhost:3000/_next/static/chunks/node_modules_next_dist_0k8zr~w._.js:1945
[ 1787956ms] [ERROR] ./pages/minikit.tsx:6:1
Module not found: Can't resolve '@/lib/contracts'
  4 | import { Geist } from "next/font/google";
  5 | import { PREDICTION_MARKET_ABI, ERC20_ABI } from "@/lib/prediction-market";
> 6 | import { CONTRACTS } from "@/lib/contracts";
    | ^^^^^^^^^^^^^^^^^^^^^^^^^^^^^^^^^^^^^^^^^^^^
  7 | import WorldIdVerification from "@/components/WorldIdVerification";
  8 | import WalletAuth from "@/components/WalletAuth";
  9 | import PredictionMarket from "@/components/PredictionMarket";

Import map: aliased to relative './lib/contracts' inside of [project]/

https://nextjs.org/docs/messages/module-not-found @ http://localhost:3000/_next/static/chunks/node_modules_next_dist_0k8zr~w._.js:1945
[ 1787956ms] [ERROR] ./components/MyPositions.tsx:9:1
Module not found: Can't resolve '@/lib/prediction-market'
   7 |   formatUnits,
   8 | } from "viem";
>  9 | import {
     | ^^^^^^^
> 10 |   PREDICTION_MARKET_ABI,
     | ^^^^^^^^^^^^^^^^^^^^^^^^
> 11 |   Outcome,
     | ^^^^^^^^^^
> 12 | } from "@/lib/prediction-market";
     | ^^^^^^^^^^^^^^^^^^^^^^^^^^^^^^^^^
  13 | import { CONTRACTS } from "@/lib/contracts";
  14 |
  15 | const PM_ADDRESS = CONTRACTS.predictionMarket;

Import map: aliased to relative './lib/prediction-market' inside of [project]/

Import traces:
  Browser:
    ./components/MyPositions.tsx
    ./pages/minikit.tsx

  SSR:
    ./components/MyPositions.tsx
    ./pages/minikit.tsx

https://nextjs.org/docs/messages/module-not-found @ http://localhost:3000/_next/static/chunks/node_modules_next_dist_0k8zr~w._.js:1945
[ 1787956ms] [ERROR] ./components/PredictionMarket.tsx:4:1
Module not found: Can't resolve '@/lib/prediction-market'
   2 | import { MiniKit } from "@worldcoin/minikit-js";
   3 | import { encodeFunctionData, formatUnits, parseUnits } from "viem";
>  4 | import {
     | ^^^^^^^
>  5 |   PREDICTION_MARKET_ABI,
     | ^^^^^^^^^^^^^^^^^^^^^^^^
>  6 |   ERC20_ABI,
     | ^^^^^^^^^^^^
>  7 |   Outcome,
     | ^^^^^^^^^^
>  8 | } from "@/lib/prediction-market";
     | ^^^^^^^^^^^^^^^^^^^^^^^^^^^^^^^^^
   9 | import { CONTRACTS } from "@/lib/contracts";
  10 |
  11 | const PM_ADDRESS = CONTRACTS.predictionMarket;

Import map: aliased to relative './lib/prediction-market' inside of [project]/

Import traces:
  Browser:
    ./components/PredictionMarket.tsx
    ./pages/minikit.tsx

  SSR:
    ./components/PredictionMarket.tsx
    ./pages/minikit.tsx

https://nextjs.org/docs/messages/module-not-found @ http://localhost:3000/_next/static/chunks/node_modules_next_dist_0k8zr~w._.js:1945
[ 1787956ms] [ERROR] ./pages/minikit.tsx:5:1
Module not found: Can't resolve '@/lib/prediction-market'
  3 | import { createPublicClient, http, formatUnits } from "viem";
  4 | import { Geist } from "next/font/google";
> 5 | import { PREDICTION_MARKET_ABI, ERC20_ABI } from "@/lib/prediction-market";
    | ^^^^^^^^^^^^^^^^^^^^^^^^^^^^^^^^^^^^^^^^^^^^^^^^^^^^^^^^^^^^^^^^^^^^^^^^^^^
  6 | import { CONTRACTS } from "@/lib/contracts";
  7 | import WorldIdVerification from "@/components/WorldIdVerification";
  8 | import WalletAuth from "@/components/WalletAuth";

Import map: aliased to relative './lib/prediction-market' inside of [project]/

https://nextjs.org/docs/messages/module-not-found @ http://localhost:3000/_next/static/chunks/node_modules_next_dist_0k8zr~w._.js:1945
[ 1787975ms] [LOG] [Fast Refresh] rebuilding @ http://localhost:3000/_next/static/chunks/node_modules_next_dist_0k8zr~w._.js:1226
[ 1788250ms] [ERROR] ./components/MyPositions.tsx:13:1
Module not found: Can't resolve '@/lib/contracts'
  11 |   Outcome,
  12 | } from "@/lib/prediction-market";
> 13 | import { CONTRACTS } from "@/lib/contracts";
     | ^^^^^^^^^^^^^^^^^^^^^^^^^^^^^^^^^^^^^^^^^^^^
  14 |
  15 | const PM_ADDRESS = CONTRACTS.predictionMarket;
  16 | const WORLD_CHAIN_ID = 480;

Import map: aliased to relative './lib/contracts' inside of [project]/

Import traces:
  Browser:
    ./components/MyPositions.tsx
    ./pages/minikit.tsx

  SSR:
    ./components/MyPositions.tsx
    ./pages/minikit.tsx

https://nextjs.org/docs/messages/module-not-found @ http://localhost:3000/_next/static/chunks/node_modules_next_dist_0k8zr~w._.js:1945
[ 1788250ms] [ERROR] ./components/PredictionMarket.tsx:9:1
Module not found: Can't resolve '@/lib/contracts'
   7 |   Outcome,
   8 | } from "@/lib/prediction-market";
>  9 | import { CONTRACTS } from "@/lib/contracts";
     | ^^^^^^^^^^^^^^^^^^^^^^^^^^^^^^^^^^^^^^^^^^^^
  10 |
  11 | const PM_ADDRESS = CONTRACTS.predictionMarket;
  12 | const WLD_ADDRESS = CONTRACTS.wld;

Import map: aliased to relative './lib/contracts' inside of [project]/

Import traces:
  Browser:
    ./components/PredictionMarket.tsx
    ./pages/minikit.tsx

  SSR:
    ./components/PredictionMarket.tsx
    ./pages/minikit.tsx

https://nextjs.org/docs/messages/module-not-found @ http://localhost:3000/_next/static/chunks/node_modules_next_dist_0k8zr~w._.js:1945
[ 1788250ms] [ERROR] ./pages/minikit.tsx:6:1
Module not found: Can't resolve '@/lib/contracts'
  4 | import { Geist } from "next/font/google";
  5 | import { PREDICTION_MARKET_ABI, ERC20_ABI } from "@/lib/prediction-market";
> 6 | import { CONTRACTS } from "@/lib/contracts";
    | ^^^^^^^^^^^^^^^^^^^^^^^^^^^^^^^^^^^^^^^^^^^^
  7 | import WorldIdVerification from "@/components/WorldIdVerification";
  8 | import WalletAuth from "@/components/WalletAuth";
  9 | import PredictionMarket from "@/components/PredictionMarket";

Import map: aliased to relative './lib/contracts' inside of [project]/

https://nextjs.org/docs/messages/module-not-found @ http://localhost:3000/_next/static/chunks/node_modules_next_dist_0k8zr~w._.js:1945
[ 1788251ms] [ERROR] ./components/MyPositions.tsx:9:1
Module not found: Can't resolve '@/lib/prediction-market'
   7 |   formatUnits,
   8 | } from "viem";
>  9 | import {
     | ^^^^^^^
> 10 |   PREDICTION_MARKET_ABI,
     | ^^^^^^^^^^^^^^^^^^^^^^^^
> 11 |   Outcome,
     | ^^^^^^^^^^
> 12 | } from "@/lib/prediction-market";
     | ^^^^^^^^^^^^^^^^^^^^^^^^^^^^^^^^^
  13 | import { CONTRACTS } from "@/lib/contracts";
  14 |
  15 | const PM_ADDRESS = CONTRACTS.predictionMarket;

Import map: aliased to relative './lib/prediction-market' inside of [project]/

Import traces:
  Browser:
    ./components/MyPositions.tsx
    ./pages/minikit.tsx

  SSR:
    ./components/MyPositions.tsx
    ./pages/minikit.tsx

https://nextjs.org/docs/messages/module-not-found @ http://localhost:3000/_next/static/chunks/node_modules_next_dist_0k8zr~w._.js:1945
[ 1788251ms] [ERROR] ./components/PredictionMarket.tsx:4:1
Module not found: Can't resolve '@/lib/prediction-market'
   2 | import { MiniKit } from "@worldcoin/minikit-js";
   3 | import { encodeFunctionData, formatUnits, parseUnits } from "viem";
>  4 | import {
     | ^^^^^^^
>  5 |   PREDICTION_MARKET_ABI,
     | ^^^^^^^^^^^^^^^^^^^^^^^^
>  6 |   ERC20_ABI,
     | ^^^^^^^^^^^^
>  7 |   Outcome,
     | ^^^^^^^^^^
>  8 | } from "@/lib/prediction-market";
     | ^^^^^^^^^^^^^^^^^^^^^^^^^^^^^^^^^
   9 | import { CONTRACTS } from "@/lib/contracts";
  10 |
  11 | const PM_ADDRESS = CONTRACTS.predictionMarket;

Import map: aliased to relative './lib/prediction-market' inside of [project]/

Import traces:
  Browser:
    ./components/PredictionMarket.tsx
    ./pages/minikit.tsx

  SSR:
    ./components/PredictionMarket.tsx
    ./pages/minikit.tsx

https://nextjs.org/docs/messages/module-not-found @ http://localhost:3000/_next/static/chunks/node_modules_next_dist_0k8zr~w._.js:1945
[ 1788251ms] [ERROR] ./pages/minikit.tsx:5:1
Module not found: Can't resolve '@/lib/prediction-market'
  3 | import { createPublicClient, http, formatUnits } from "viem";
  4 | import { Geist } from "next/font/google";
> 5 | import { PREDICTION_MARKET_ABI, ERC20_ABI } from "@/lib/prediction-market";
    | ^^^^^^^^^^^^^^^^^^^^^^^^^^^^^^^^^^^^^^^^^^^^^^^^^^^^^^^^^^^^^^^^^^^^^^^^^^^
  6 | import { CONTRACTS } from "@/lib/contracts";
  7 | import WorldIdVerification from "@/components/WorldIdVerification";
  8 | import WalletAuth from "@/components/WalletAuth";

Import map: aliased to relative './lib/prediction-market' inside of [project]/

https://nextjs.org/docs/messages/module-not-found @ http://localhost:3000/_next/static/chunks/node_modules_next_dist_0k8zr~w._.js:1945
[ 1788318ms] [LOG] [Fast Refresh] rebuilding @ http://localhost:3000/_next/static/chunks/node_modules_next_dist_0k8zr~w._.js:1226
[ 1788885ms] [ERROR] ./components/MyPositions.tsx:13:1
Module not found: Can't resolve '@/lib/contracts'
  11 |   Outcome,
  12 | } from "@/lib/prediction-market";
> 13 | import { CONTRACTS } from "@/lib/contracts";
     | ^^^^^^^^^^^^^^^^^^^^^^^^^^^^^^^^^^^^^^^^^^^^
  14 |
  15 | const PM_ADDRESS = CONTRACTS.predictionMarket;
  16 | const WORLD_CHAIN_ID = 480;

Import map: aliased to relative './lib/contracts' inside of [project]/

Import traces:
  Browser:
    ./components/MyPositions.tsx
    ./pages/minikit.tsx

  SSR:
    ./components/MyPositions.tsx
    ./pages/minikit.tsx

https://nextjs.org/docs/messages/module-not-found @ http://localhost:3000/_next/static/chunks/node_modules_next_dist_0k8zr~w._.js:1945
[ 1788885ms] [ERROR] ./components/PredictionMarket.tsx:9:1
Module not found: Can't resolve '@/lib/contracts'
   7 |   Outcome,
   8 | } from "@/lib/prediction-market";
>  9 | import { CONTRACTS } from "@/lib/contracts";
     | ^^^^^^^^^^^^^^^^^^^^^^^^^^^^^^^^^^^^^^^^^^^^
  10 |
  11 | const PM_ADDRESS = CONTRACTS.predictionMarket;
  12 | const WLD_ADDRESS = CONTRACTS.wld;

Import map: aliased to relative './lib/contracts' inside of [project]/

Import traces:
  Browser:
    ./components/PredictionMarket.tsx
    ./pages/minikit.tsx

  SSR:
    ./components/PredictionMarket.tsx
    ./pages/minikit.tsx

https://nextjs.org/docs/messages/module-not-found @ http://localhost:3000/_next/static/chunks/node_modules_next_dist_0k8zr~w._.js:1945
[ 1788885ms] [ERROR] ./pages/minikit.tsx:6:1
Module not found: Can't resolve '@/lib/contracts'
  4 | import { Geist } from "next/font/google";
  5 | import { PREDICTION_MARKET_ABI, ERC20_ABI } from "@/lib/prediction-market";
> 6 | import { CONTRACTS } from "@/lib/contracts";
    | ^^^^^^^^^^^^^^^^^^^^^^^^^^^^^^^^^^^^^^^^^^^^
  7 | import WorldIdVerification from "@/components/WorldIdVerification";
  8 | import WalletAuth from "@/components/WalletAuth";
  9 | import PredictionMarket from "@/components/PredictionMarket";

Import map: aliased to relative './lib/contracts' inside of [project]/

https://nextjs.org/docs/messages/module-not-found @ http://localhost:3000/_next/static/chunks/node_modules_next_dist_0k8zr~w._.js:1945
[ 1788885ms] [ERROR] ./components/MyPositions.tsx:9:1
Module not found: Can't resolve '@/lib/prediction-market'
   7 |   formatUnits,
   8 | } from "viem";
>  9 | import {
     | ^^^^^^^
> 10 |   PREDICTION_MARKET_ABI,
     | ^^^^^^^^^^^^^^^^^^^^^^^^
> 11 |   Outcome,
     | ^^^^^^^^^^
> 12 | } from "@/lib/prediction-market";
     | ^^^^^^^^^^^^^^^^^^^^^^^^^^^^^^^^^
  13 | import { CONTRACTS } from "@/lib/contracts";
  14 |
  15 | const PM_ADDRESS = CONTRACTS.predictionMarket;

Import map: aliased to relative './lib/prediction-market' inside of [project]/

Import traces:
  Browser:
    ./components/MyPositions.tsx
    ./pages/minikit.tsx

  SSR:
    ./components/MyPositions.tsx
    ./pages/minikit.tsx

https://nextjs.org/docs/messages/module-not-found @ http://localhost:3000/_next/static/chunks/node_modules_next_dist_0k8zr~w._.js:1945
[ 1788885ms] [ERROR] ./components/PredictionMarket.tsx:4:1
Module not found: Can't resolve '@/lib/prediction-market'
   2 | import { MiniKit } from "@worldcoin/minikit-js";
   3 | import { encodeFunctionData, formatUnits, parseUnits } from "viem";
>  4 | import {
     | ^^^^^^^
>  5 |   PREDICTION_MARKET_ABI,
     | ^^^^^^^^^^^^^^^^^^^^^^^^
>  6 |   ERC20_ABI,
     | ^^^^^^^^^^^^
>  7 |   Outcome,
     | ^^^^^^^^^^
>  8 | } from "@/lib/prediction-market";
     | ^^^^^^^^^^^^^^^^^^^^^^^^^^^^^^^^^
   9 | import { CONTRACTS } from "@/lib/contracts";
  10 |
  11 | const PM_ADDRESS = CONTRACTS.predictionMarket;

Import map: aliased to relative './lib/prediction-market' inside of [project]/

Import traces:
  Browser:
    ./components/PredictionMarket.tsx
    ./pages/minikit.tsx

  SSR:
    ./components/PredictionMarket.tsx
    ./pages/minikit.tsx

https://nextjs.org/docs/messages/module-not-found @ http://localhost:3000/_next/static/chunks/node_modules_next_dist_0k8zr~w._.js:1945
[ 1788885ms] [ERROR] ./pages/minikit.tsx:5:1
Module not found: Can't resolve '@/lib/prediction-market'
  3 | import { createPublicClient, http, formatUnits } from "viem";
  4 | import { Geist } from "next/font/google";
> 5 | import { PREDICTION_MARKET_ABI, ERC20_ABI } from "@/lib/prediction-market";
    | ^^^^^^^^^^^^^^^^^^^^^^^^^^^^^^^^^^^^^^^^^^^^^^^^^^^^^^^^^^^^^^^^^^^^^^^^^^^
  6 | import { CONTRACTS } from "@/lib/contracts";
  7 | import WorldIdVerification from "@/components/WorldIdVerification";
  8 | import WalletAuth from "@/components/WalletAuth";

Import map: aliased to relative './lib/prediction-market' inside of [project]/

https://nextjs.org/docs/messages/module-not-found @ http://localhost:3000/_next/static/chunks/node_modules_next_dist_0k8zr~w._.js:1945
[ 1788953ms] [LOG] [Fast Refresh] rebuilding @ http://localhost:3000/_next/static/chunks/node_modules_next_dist_0k8zr~w._.js:1226
[ 1789824ms] [ERROR] ./components/MyPositions.tsx:13:1
Module not found: Can't resolve '@/lib/contracts'
  11 |   Outcome,
  12 | } from "@/lib/prediction-market";
> 13 | import { CONTRACTS } from "@/lib/contracts";
     | ^^^^^^^^^^^^^^^^^^^^^^^^^^^^^^^^^^^^^^^^^^^^
  14 |
  15 | const PM_ADDRESS = CONTRACTS.predictionMarket;
  16 | const WORLD_CHAIN_ID = 480;

Import map: aliased to relative './lib/contracts' inside of [project]/

Import traces:
  Browser:
    ./components/MyPositions.tsx
    ./pages/minikit.tsx

  SSR:
    ./components/MyPositions.tsx
    ./pages/minikit.tsx

https://nextjs.org/docs/messages/module-not-found @ http://localhost:3000/_next/static/chunks/node_modules_next_dist_0k8zr~w._.js:1945
[ 1789824ms] [ERROR] ./components/PredictionMarket.tsx:9:1
Module not found: Can't resolve '@/lib/contracts'
   7 |   Outcome,
   8 | } from "@/lib/prediction-market";
>  9 | import { CONTRACTS } from "@/lib/contracts";
     | ^^^^^^^^^^^^^^^^^^^^^^^^^^^^^^^^^^^^^^^^^^^^
  10 |
  11 | const PM_ADDRESS = CONTRACTS.predictionMarket;
  12 | const WLD_ADDRESS = CONTRACTS.wld;

Import map: aliased to relative './lib/contracts' inside of [project]/

Import traces:
  Browser:
    ./components/PredictionMarket.tsx
    ./pages/minikit.tsx

  SSR:
    ./components/PredictionMarket.tsx
    ./pages/minikit.tsx

https://nextjs.org/docs/messages/module-not-found @ http://localhost:3000/_next/static/chunks/node_modules_next_dist_0k8zr~w._.js:1945
[ 1789824ms] [ERROR] ./pages/minikit.tsx:6:1
Module not found: Can't resolve '@/lib/contracts'
  4 | import { Geist } from "next/font/google";
  5 | import { PREDICTION_MARKET_ABI, ERC20_ABI } from "@/lib/prediction-market";
> 6 | import { CONTRACTS } from "@/lib/contracts";
    | ^^^^^^^^^^^^^^^^^^^^^^^^^^^^^^^^^^^^^^^^^^^^
  7 | import WorldIdVerification from "@/components/WorldIdVerification";
  8 | import WalletAuth from "@/components/WalletAuth";
  9 | import PredictionMarket from "@/components/PredictionMarket";

Import map: aliased to relative './lib/contracts' inside of [project]/

https://nextjs.org/docs/messages/module-not-found @ http://localhost:3000/_next/static/chunks/node_modules_next_dist_0k8zr~w._.js:1945
[ 1789824ms] [ERROR] ./components/MyPositions.tsx:9:1
Module not found: Can't resolve '@/lib/prediction-market'
   7 |   formatUnits,
   8 | } from "viem";
>  9 | import {
     | ^^^^^^^
> 10 |   PREDICTION_MARKET_ABI,
     | ^^^^^^^^^^^^^^^^^^^^^^^^
> 11 |   Outcome,
     | ^^^^^^^^^^
> 12 | } from "@/lib/prediction-market";
     | ^^^^^^^^^^^^^^^^^^^^^^^^^^^^^^^^^
  13 | import { CONTRACTS } from "@/lib/contracts";
  14 |
  15 | const PM_ADDRESS = CONTRACTS.predictionMarket;

Import map: aliased to relative './lib/prediction-market' inside of [project]/

Import traces:
  Browser:
    ./components/MyPositions.tsx
    ./pages/minikit.tsx

  SSR:
    ./components/MyPositions.tsx
    ./pages/minikit.tsx

https://nextjs.org/docs/messages/module-not-found @ http://localhost:3000/_next/static/chunks/node_modules_next_dist_0k8zr~w._.js:1945
[ 1789824ms] [ERROR] ./components/PredictionMarket.tsx:4:1
Module not found: Can't resolve '@/lib/prediction-market'
   2 | import { MiniKit } from "@worldcoin/minikit-js";
   3 | import { encodeFunctionData, formatUnits, parseUnits } from "viem";
>  4 | import {
     | ^^^^^^^
>  5 |   PREDICTION_MARKET_ABI,
     | ^^^^^^^^^^^^^^^^^^^^^^^^
>  6 |   ERC20_ABI,
     | ^^^^^^^^^^^^
>  7 |   Outcome,
     | ^^^^^^^^^^
>  8 | } from "@/lib/prediction-market";
     | ^^^^^^^^^^^^^^^^^^^^^^^^^^^^^^^^^
   9 | import { CONTRACTS } from "@/lib/contracts";
  10 |
  11 | const PM_ADDRESS = CONTRACTS.predictionMarket;

Import map: aliased to relative './lib/prediction-market' inside of [project]/

Import traces:
  Browser:
    ./components/PredictionMarket.tsx
    ./pages/minikit.tsx

  SSR:
    ./components/PredictionMarket.tsx
    ./pages/minikit.tsx

https://nextjs.org/docs/messages/module-not-found @ http://localhost:3000/_next/static/chunks/node_modules_next_dist_0k8zr~w._.js:1945
[ 1789824ms] [ERROR] ./pages/minikit.tsx:5:1
Module not found: Can't resolve '@/lib/prediction-market'
  3 | import { createPublicClient, http, formatUnits } from "viem";
  4 | import { Geist } from "next/font/google";
> 5 | import { PREDICTION_MARKET_ABI, ERC20_ABI } from "@/lib/prediction-market";
    | ^^^^^^^^^^^^^^^^^^^^^^^^^^^^^^^^^^^^^^^^^^^^^^^^^^^^^^^^^^^^^^^^^^^^^^^^^^^
  6 | import { CONTRACTS } from "@/lib/contracts";
  7 | import WorldIdVerification from "@/components/WorldIdVerification";
  8 | import WalletAuth from "@/components/WalletAuth";

Import map: aliased to relative './lib/prediction-market' inside of [project]/

https://nextjs.org/docs/messages/module-not-found @ http://localhost:3000/_next/static/chunks/node_modules_next_dist_0k8zr~w._.js:1945
[ 1789891ms] [ERROR] ./components/MyPositions.tsx:13:1
Module not found: Can't resolve '@/lib/contracts'
  11 |   Outcome,
  12 | } from "@/lib/prediction-market";
> 13 | import { CONTRACTS } from "@/lib/contracts";
     | ^^^^^^^^^^^^^^^^^^^^^^^^^^^^^^^^^^^^^^^^^^^^
  14 |
  15 | const PM_ADDRESS = CONTRACTS.predictionMarket;
  16 | const WORLD_CHAIN_ID = 480;

Import map: aliased to relative './lib/contracts' inside of [project]/

Import traces:
  Browser:
    ./components/MyPositions.tsx
    ./pages/minikit.tsx

  SSR:
    ./components/MyPositions.tsx
    ./pages/minikit.tsx

https://nextjs.org/docs/messages/module-not-found @ http://localhost:3000/_next/static/chunks/node_modules_next_dist_0k8zr~w._.js:1945
[ 1789891ms] [ERROR] ./components/PredictionMarket.tsx:9:1
Module not found: Can't resolve '@/lib/contracts'
   7 |   Outcome,
   8 | } from "@/lib/prediction-market";
>  9 | import { CONTRACTS } from "@/lib/contracts";
     | ^^^^^^^^^^^^^^^^^^^^^^^^^^^^^^^^^^^^^^^^^^^^
  10 |
  11 | const PM_ADDRESS = CONTRACTS.predictionMarket;
  12 | const WLD_ADDRESS = CONTRACTS.wld;

Import map: aliased to relative './lib/contracts' inside of [project]/

Import traces:
  Browser:
    ./components/PredictionMarket.tsx
    ./pages/minikit.tsx

  SSR:
    ./components/PredictionMarket.tsx
    ./pages/minikit.tsx

https://nextjs.org/docs/messages/module-not-found @ http://localhost:3000/_next/static/chunks/node_modules_next_dist_0k8zr~w._.js:1945
[ 1789891ms] [ERROR] ./pages/minikit.tsx:6:1
Module not found: Can't resolve '@/lib/contracts'
  4 | import { Geist } from "next/font/google";
  5 | import { PREDICTION_MARKET_ABI, ERC20_ABI } from "@/lib/prediction-market";
> 6 | import { CONTRACTS } from "@/lib/contracts";
    | ^^^^^^^^^^^^^^^^^^^^^^^^^^^^^^^^^^^^^^^^^^^^
  7 | import WorldIdVerification from "@/components/WorldIdVerification";
  8 | import WalletAuth from "@/components/WalletAuth";
  9 | import PredictionMarket from "@/components/PredictionMarket";

Import map: aliased to relative './lib/contracts' inside of [project]/

https://nextjs.org/docs/messages/module-not-found @ http://localhost:3000/_next/static/chunks/node_modules_next_dist_0k8zr~w._.js:1945
[ 1789891ms] [ERROR] ./components/MyPositions.tsx:9:1
Module not found: Can't resolve '@/lib/prediction-market'
   7 |   formatUnits,
   8 | } from "viem";
>  9 | import {
     | ^^^^^^^
> 10 |   PREDICTION_MARKET_ABI,
     | ^^^^^^^^^^^^^^^^^^^^^^^^
> 11 |   Outcome,
     | ^^^^^^^^^^
> 12 | } from "@/lib/prediction-market";
     | ^^^^^^^^^^^^^^^^^^^^^^^^^^^^^^^^^
  13 | import { CONTRACTS } from "@/lib/contracts";
  14 |
  15 | const PM_ADDRESS = CONTRACTS.predictionMarket;

Import map: aliased to relative './lib/prediction-market' inside of [project]/

Import traces:
  Browser:
    ./components/MyPositions.tsx
    ./pages/minikit.tsx

  SSR:
    ./components/MyPositions.tsx
    ./pages/minikit.tsx

https://nextjs.org/docs/messages/module-not-found @ http://localhost:3000/_next/static/chunks/node_modules_next_dist_0k8zr~w._.js:1945
[ 1789891ms] [ERROR] ./components/PredictionMarket.tsx:4:1
Module not found: Can't resolve '@/lib/prediction-market'
   2 | import { MiniKit } from "@worldcoin/minikit-js";
   3 | import { encodeFunctionData, formatUnits, parseUnits } from "viem";
>  4 | import {
     | ^^^^^^^
>  5 |   PREDICTION_MARKET_ABI,
     | ^^^^^^^^^^^^^^^^^^^^^^^^
>  6 |   ERC20_ABI,
     | ^^^^^^^^^^^^
>  7 |   Outcome,
     | ^^^^^^^^^^
>  8 | } from "@/lib/prediction-market";
     | ^^^^^^^^^^^^^^^^^^^^^^^^^^^^^^^^^
   9 | import { CONTRACTS } from "@/lib/contracts";
  10 |
  11 | const PM_ADDRESS = CONTRACTS.predictionMarket;

Import map: aliased to relative './lib/prediction-market' inside of [project]/

Import traces:
  Browser:
    ./components/PredictionMarket.tsx
    ./pages/minikit.tsx

  SSR:
    ./components/PredictionMarket.tsx
    ./pages/minikit.tsx

https://nextjs.org/docs/messages/module-not-found @ http://localhost:3000/_next/static/chunks/node_modules_next_dist_0k8zr~w._.js:1945
[ 1789891ms] [ERROR] ./pages/minikit.tsx:5:1
Module not found: Can't resolve '@/lib/prediction-market'
  3 | import { createPublicClient, http, formatUnits } from "viem";
  4 | import { Geist } from "next/font/google";
> 5 | import { PREDICTION_MARKET_ABI, ERC20_ABI } from "@/lib/prediction-market";
    | ^^^^^^^^^^^^^^^^^^^^^^^^^^^^^^^^^^^^^^^^^^^^^^^^^^^^^^^^^^^^^^^^^^^^^^^^^^^
  6 | import { CONTRACTS } from "@/lib/contracts";
  7 | import WorldIdVerification from "@/components/WorldIdVerification";
  8 | import WalletAuth from "@/components/WalletAuth";

Import map: aliased to relative './lib/prediction-market' inside of [project]/

https://nextjs.org/docs/messages/module-not-found @ http://localhost:3000/_next/static/chunks/node_modules_next_dist_0k8zr~w._.js:1945
[ 1789959ms] [LOG] [Fast Refresh] rebuilding @ http://localhost:3000/_next/static/chunks/node_modules_next_dist_0k8zr~w._.js:1226
[ 1790907ms] [ERROR] ./components/MyPositions.tsx:13:1
Module not found: Can't resolve '@/lib/contracts'
  11 |   Outcome,
  12 | } from "@/lib/prediction-market";
> 13 | import { CONTRACTS } from "@/lib/contracts";
     | ^^^^^^^^^^^^^^^^^^^^^^^^^^^^^^^^^^^^^^^^^^^^
  14 |
  15 | const PM_ADDRESS = CONTRACTS.predictionMarket;
  16 | const WORLD_CHAIN_ID = 480;

Import map: aliased to relative './lib/contracts' inside of [project]/

Import traces:
  Browser:
    ./components/MyPositions.tsx
    ./pages/minikit.tsx

  SSR:
    ./components/MyPositions.tsx
    ./pages/minikit.tsx

https://nextjs.org/docs/messages/module-not-found @ http://localhost:3000/_next/static/chunks/node_modules_next_dist_0k8zr~w._.js:1945
[ 1790907ms] [ERROR] ./components/PredictionMarket.tsx:9:1
Module not found: Can't resolve '@/lib/contracts'
   7 |   Outcome,
   8 | } from "@/lib/prediction-market";
>  9 | import { CONTRACTS } from "@/lib/contracts";
     | ^^^^^^^^^^^^^^^^^^^^^^^^^^^^^^^^^^^^^^^^^^^^
  10 |
  11 | const PM_ADDRESS = CONTRACTS.predictionMarket;
  12 | const WLD_ADDRESS = CONTRACTS.wld;

Import map: aliased to relative './lib/contracts' inside of [project]/

Import traces:
  Browser:
    ./components/PredictionMarket.tsx
    ./pages/minikit.tsx

  SSR:
    ./components/PredictionMarket.tsx
    ./pages/minikit.tsx

https://nextjs.org/docs/messages/module-not-found @ http://localhost:3000/_next/static/chunks/node_modules_next_dist_0k8zr~w._.js:1945
[ 1790907ms] [ERROR] ./pages/minikit.tsx:6:1
Module not found: Can't resolve '@/lib/contracts'
  4 | import { Geist } from "next/font/google";
  5 | import { PREDICTION_MARKET_ABI, ERC20_ABI } from "@/lib/prediction-market";
> 6 | import { CONTRACTS } from "@/lib/contracts";
    | ^^^^^^^^^^^^^^^^^^^^^^^^^^^^^^^^^^^^^^^^^^^^
  7 | import WorldIdVerification from "@/components/WorldIdVerification";
  8 | import WalletAuth from "@/components/WalletAuth";
  9 | import PredictionMarket from "@/components/PredictionMarket";

Import map: aliased to relative './lib/contracts' inside of [project]/

https://nextjs.org/docs/messages/module-not-found @ http://localhost:3000/_next/static/chunks/node_modules_next_dist_0k8zr~w._.js:1945
[ 1790907ms] [ERROR] ./components/MyPositions.tsx:9:1
Module not found: Can't resolve '@/lib/prediction-market'
   7 |   formatUnits,
   8 | } from "viem";
>  9 | import {
     | ^^^^^^^
> 10 |   PREDICTION_MARKET_ABI,
     | ^^^^^^^^^^^^^^^^^^^^^^^^
> 11 |   Outcome,
     | ^^^^^^^^^^
> 12 | } from "@/lib/prediction-market";
     | ^^^^^^^^^^^^^^^^^^^^^^^^^^^^^^^^^
  13 | import { CONTRACTS } from "@/lib/contracts";
  14 |
  15 | const PM_ADDRESS = CONTRACTS.predictionMarket;

Import map: aliased to relative './lib/prediction-market' inside of [project]/

Import traces:
  Browser:
    ./components/MyPositions.tsx
    ./pages/minikit.tsx

  SSR:
    ./components/MyPositions.tsx
    ./pages/minikit.tsx

https://nextjs.org/docs/messages/module-not-found @ http://localhost:3000/_next/static/chunks/node_modules_next_dist_0k8zr~w._.js:1945
[ 1790907ms] [ERROR] ./components/PredictionMarket.tsx:4:1
Module not found: Can't resolve '@/lib/prediction-market'
   2 | import { MiniKit } from "@worldcoin/minikit-js";
   3 | import { encodeFunctionData, formatUnits, parseUnits } from "viem";
>  4 | import {
     | ^^^^^^^
>  5 |   PREDICTION_MARKET_ABI,
     | ^^^^^^^^^^^^^^^^^^^^^^^^
>  6 |   ERC20_ABI,
     | ^^^^^^^^^^^^
>  7 |   Outcome,
     | ^^^^^^^^^^
>  8 | } from "@/lib/prediction-market";
     | ^^^^^^^^^^^^^^^^^^^^^^^^^^^^^^^^^
   9 | import { CONTRACTS } from "@/lib/contracts";
  10 |
  11 | const PM_ADDRESS = CONTRACTS.predictionMarket;

Import map: aliased to relative './lib/prediction-market' inside of [project]/

Import traces:
  Browser:
    ./components/PredictionMarket.tsx
    ./pages/minikit.tsx

  SSR:
    ./components/PredictionMarket.tsx
    ./pages/minikit.tsx

https://nextjs.org/docs/messages/module-not-found @ http://localhost:3000/_next/static/chunks/node_modules_next_dist_0k8zr~w._.js:1945
[ 1790907ms] [ERROR] ./pages/minikit.tsx:5:1
Module not found: Can't resolve '@/lib/prediction-market'
  3 | import { createPublicClient, http, formatUnits } from "viem";
  4 | import { Geist } from "next/font/google";
> 5 | import { PREDICTION_MARKET_ABI, ERC20_ABI } from "@/lib/prediction-market";
    | ^^^^^^^^^^^^^^^^^^^^^^^^^^^^^^^^^^^^^^^^^^^^^^^^^^^^^^^^^^^^^^^^^^^^^^^^^^^
  6 | import { CONTRACTS } from "@/lib/contracts";
  7 | import WorldIdVerification from "@/components/WorldIdVerification";
  8 | import WalletAuth from "@/components/WalletAuth";

Import map: aliased to relative './lib/prediction-market' inside of [project]/

https://nextjs.org/docs/messages/module-not-found @ http://localhost:3000/_next/static/chunks/node_modules_next_dist_0k8zr~w._.js:1945
[ 1790974ms] [LOG] [Fast Refresh] rebuilding @ http://localhost:3000/_next/static/chunks/node_modules_next_dist_0k8zr~w._.js:1226
[ 1791907ms] [ERROR] ./components/MyPositions.tsx:13:1
Module not found: Can't resolve '@/lib/contracts'
  11 |   Outcome,
  12 | } from "@/lib/prediction-market";
> 13 | import { CONTRACTS } from "@/lib/contracts";
     | ^^^^^^^^^^^^^^^^^^^^^^^^^^^^^^^^^^^^^^^^^^^^
  14 |
  15 | const PM_ADDRESS = CONTRACTS.predictionMarket;
  16 | const WORLD_CHAIN_ID = 480;

Import map: aliased to relative './lib/contracts' inside of [project]/

Import traces:
  Browser:
    ./components/MyPositions.tsx
    ./pages/minikit.tsx

  SSR:
    ./components/MyPositions.tsx
    ./pages/minikit.tsx

https://nextjs.org/docs/messages/module-not-found @ http://localhost:3000/_next/static/chunks/node_modules_next_dist_0k8zr~w._.js:1945
[ 1791907ms] [ERROR] ./components/PredictionMarket.tsx:9:1
Module not found: Can't resolve '@/lib/contracts'
   7 |   Outcome,
   8 | } from "@/lib/prediction-market";
>  9 | import { CONTRACTS } from "@/lib/contracts";
     | ^^^^^^^^^^^^^^^^^^^^^^^^^^^^^^^^^^^^^^^^^^^^
  10 |
  11 | const PM_ADDRESS = CONTRACTS.predictionMarket;
  12 | const WLD_ADDRESS = CONTRACTS.wld;

Import map: aliased to relative './lib/contracts' inside of [project]/

Import traces:
  Browser:
    ./components/PredictionMarket.tsx
    ./pages/minikit.tsx

  SSR:
    ./components/PredictionMarket.tsx
    ./pages/minikit.tsx

https://nextjs.org/docs/messages/module-not-found @ http://localhost:3000/_next/static/chunks/node_modules_next_dist_0k8zr~w._.js:1945
[ 1791907ms] [ERROR] ./pages/minikit.tsx:6:1
Module not found: Can't resolve '@/lib/contracts'
  4 | import { Geist } from "next/font/google";
  5 | import { PREDICTION_MARKET_ABI, ERC20_ABI } from "@/lib/prediction-market";
> 6 | import { CONTRACTS } from "@/lib/contracts";
    | ^^^^^^^^^^^^^^^^^^^^^^^^^^^^^^^^^^^^^^^^^^^^
  7 | import WorldIdVerification from "@/components/WorldIdVerification";
  8 | import WalletAuth from "@/components/WalletAuth";
  9 | import PredictionMarket from "@/components/PredictionMarket";

Import map: aliased to relative './lib/contracts' inside of [project]/

https://nextjs.org/docs/messages/module-not-found @ http://localhost:3000/_next/static/chunks/node_modules_next_dist_0k8zr~w._.js:1945
[ 1791907ms] [ERROR] ./components/MyPositions.tsx:9:1
Module not found: Can't resolve '@/lib/prediction-market'
   7 |   formatUnits,
   8 | } from "viem";
>  9 | import {
     | ^^^^^^^
> 10 |   PREDICTION_MARKET_ABI,
     | ^^^^^^^^^^^^^^^^^^^^^^^^
> 11 |   Outcome,
     | ^^^^^^^^^^
> 12 | } from "@/lib/prediction-market";
     | ^^^^^^^^^^^^^^^^^^^^^^^^^^^^^^^^^
  13 | import { CONTRACTS } from "@/lib/contracts";
  14 |
  15 | const PM_ADDRESS = CONTRACTS.predictionMarket;

Import map: aliased to relative './lib/prediction-market' inside of [project]/

Import traces:
  Browser:
    ./components/MyPositions.tsx
    ./pages/minikit.tsx

  SSR:
    ./components/MyPositions.tsx
    ./pages/minikit.tsx

https://nextjs.org/docs/messages/module-not-found @ http://localhost:3000/_next/static/chunks/node_modules_next_dist_0k8zr~w._.js:1945
[ 1791907ms] [ERROR] ./components/PredictionMarket.tsx:4:1
Module not found: Can't resolve '@/lib/prediction-market'
   2 | import { MiniKit } from "@worldcoin/minikit-js";
   3 | import { encodeFunctionData, formatUnits, parseUnits } from "viem";
>  4 | import {
     | ^^^^^^^
>  5 |   PREDICTION_MARKET_ABI,
     | ^^^^^^^^^^^^^^^^^^^^^^^^
>  6 |   ERC20_ABI,
     | ^^^^^^^^^^^^
>  7 |   Outcome,
     | ^^^^^^^^^^
>  8 | } from "@/lib/prediction-market";
     | ^^^^^^^^^^^^^^^^^^^^^^^^^^^^^^^^^
   9 | import { CONTRACTS } from "@/lib/contracts";
  10 |
  11 | const PM_ADDRESS = CONTRACTS.predictionMarket;

Import map: aliased to relative './lib/prediction-market' inside of [project]/

Import traces:
  Browser:
    ./components/PredictionMarket.tsx
    ./pages/minikit.tsx

  SSR:
    ./components/PredictionMarket.tsx
    ./pages/minikit.tsx

https://nextjs.org/docs/messages/module-not-found @ http://localhost:3000/_next/static/chunks/node_modules_next_dist_0k8zr~w._.js:1945
[ 1791907ms] [ERROR] ./pages/minikit.tsx:5:1
Module not found: Can't resolve '@/lib/prediction-market'
  3 | import { createPublicClient, http, formatUnits } from "viem";
  4 | import { Geist } from "next/font/google";
> 5 | import { PREDICTION_MARKET_ABI, ERC20_ABI } from "@/lib/prediction-market";
    | ^^^^^^^^^^^^^^^^^^^^^^^^^^^^^^^^^^^^^^^^^^^^^^^^^^^^^^^^^^^^^^^^^^^^^^^^^^^
  6 | import { CONTRACTS } from "@/lib/contracts";
  7 | import WorldIdVerification from "@/components/WorldIdVerification";
  8 | import WalletAuth from "@/components/WalletAuth";

Import map: aliased to relative './lib/prediction-market' inside of [project]/

https://nextjs.org/docs/messages/module-not-found @ http://localhost:3000/_next/static/chunks/node_modules_next_dist_0k8zr~w._.js:1945
[ 1791975ms] [LOG] [Fast Refresh] rebuilding @ http://localhost:3000/_next/static/chunks/node_modules_next_dist_0k8zr~w._.js:1226
[ 1792240ms] [ERROR] ./components/MyPositions.tsx:13:1
Module not found: Can't resolve '@/lib/contracts'
  11 |   Outcome,
  12 | } from "@/lib/prediction-market";
> 13 | import { CONTRACTS } from "@/lib/contracts";
     | ^^^^^^^^^^^^^^^^^^^^^^^^^^^^^^^^^^^^^^^^^^^^
  14 |
  15 | const PM_ADDRESS = CONTRACTS.predictionMarket;
  16 | const WORLD_CHAIN_ID = 480;

Import map: aliased to relative './lib/contracts' inside of [project]/

Import traces:
  Browser:
    ./components/MyPositions.tsx
    ./pages/minikit.tsx

  SSR:
    ./components/MyPositions.tsx
    ./pages/minikit.tsx

https://nextjs.org/docs/messages/module-not-found @ http://localhost:3000/_next/static/chunks/node_modules_next_dist_0k8zr~w._.js:1945
[ 1792241ms] [ERROR] ./components/PredictionMarket.tsx:9:1
Module not found: Can't resolve '@/lib/contracts'
   7 |   Outcome,
   8 | } from "@/lib/prediction-market";
>  9 | import { CONTRACTS } from "@/lib/contracts";
     | ^^^^^^^^^^^^^^^^^^^^^^^^^^^^^^^^^^^^^^^^^^^^
  10 |
  11 | const PM_ADDRESS = CONTRACTS.predictionMarket;
  12 | const WLD_ADDRESS = CONTRACTS.wld;

Import map: aliased to relative './lib/contracts' inside of [project]/

Import traces:
  Browser:
    ./components/PredictionMarket.tsx
    ./pages/minikit.tsx

  SSR:
    ./components/PredictionMarket.tsx
    ./pages/minikit.tsx

https://nextjs.org/docs/messages/module-not-found @ http://localhost:3000/_next/static/chunks/node_modules_next_dist_0k8zr~w._.js:1945
[ 1792241ms] [ERROR] ./pages/minikit.tsx:6:1
Module not found: Can't resolve '@/lib/contracts'
  4 | import { Geist } from "next/font/google";
  5 | import { PREDICTION_MARKET_ABI, ERC20_ABI } from "@/lib/prediction-market";
> 6 | import { CONTRACTS } from "@/lib/contracts";
    | ^^^^^^^^^^^^^^^^^^^^^^^^^^^^^^^^^^^^^^^^^^^^
  7 | import WorldIdVerification from "@/components/WorldIdVerification";
  8 | import WalletAuth from "@/components/WalletAuth";
  9 | import PredictionMarket from "@/components/PredictionMarket";

Import map: aliased to relative './lib/contracts' inside of [project]/

https://nextjs.org/docs/messages/module-not-found @ http://localhost:3000/_next/static/chunks/node_modules_next_dist_0k8zr~w._.js:1945
[ 1792241ms] [ERROR] ./components/MyPositions.tsx:9:1
Module not found: Can't resolve '@/lib/prediction-market'
   7 |   formatUnits,
   8 | } from "viem";
>  9 | import {
     | ^^^^^^^
> 10 |   PREDICTION_MARKET_ABI,
     | ^^^^^^^^^^^^^^^^^^^^^^^^
> 11 |   Outcome,
     | ^^^^^^^^^^
> 12 | } from "@/lib/prediction-market";
     | ^^^^^^^^^^^^^^^^^^^^^^^^^^^^^^^^^
  13 | import { CONTRACTS } from "@/lib/contracts";
  14 |
  15 | const PM_ADDRESS = CONTRACTS.predictionMarket;

Import map: aliased to relative './lib/prediction-market' inside of [project]/

Import traces:
  Browser:
    ./components/MyPositions.tsx
    ./pages/minikit.tsx

  SSR:
    ./components/MyPositions.tsx
    ./pages/minikit.tsx

https://nextjs.org/docs/messages/module-not-found @ http://localhost:3000/_next/static/chunks/node_modules_next_dist_0k8zr~w._.js:1945
[ 1792241ms] [ERROR] ./components/PredictionMarket.tsx:4:1
Module not found: Can't resolve '@/lib/prediction-market'
   2 | import { MiniKit } from "@worldcoin/minikit-js";
   3 | import { encodeFunctionData, formatUnits, parseUnits } from "viem";
>  4 | import {
     | ^^^^^^^
>  5 |   PREDICTION_MARKET_ABI,
     | ^^^^^^^^^^^^^^^^^^^^^^^^
>  6 |   ERC20_ABI,
     | ^^^^^^^^^^^^
>  7 |   Outcome,
     | ^^^^^^^^^^
>  8 | } from "@/lib/prediction-market";
     | ^^^^^^^^^^^^^^^^^^^^^^^^^^^^^^^^^
   9 | import { CONTRACTS } from "@/lib/contracts";
  10 |
  11 | const PM_ADDRESS = CONTRACTS.predictionMarket;

Import map: aliased to relative './lib/prediction-market' inside of [project]/

Import traces:
  Browser:
    ./components/PredictionMarket.tsx
    ./pages/minikit.tsx

  SSR:
    ./components/PredictionMarket.tsx
    ./pages/minikit.tsx

https://nextjs.org/docs/messages/module-not-found @ http://localhost:3000/_next/static/chunks/node_modules_next_dist_0k8zr~w._.js:1945
[ 1792241ms] [ERROR] ./pages/minikit.tsx:5:1
Module not found: Can't resolve '@/lib/prediction-market'
  3 | import { createPublicClient, http, formatUnits } from "viem";
  4 | import { Geist } from "next/font/google";
> 5 | import { PREDICTION_MARKET_ABI, ERC20_ABI } from "@/lib/prediction-market";
    | ^^^^^^^^^^^^^^^^^^^^^^^^^^^^^^^^^^^^^^^^^^^^^^^^^^^^^^^^^^^^^^^^^^^^^^^^^^^
  6 | import { CONTRACTS } from "@/lib/contracts";
  7 | import WorldIdVerification from "@/components/WorldIdVerification";
  8 | import WalletAuth from "@/components/WalletAuth";

Import map: aliased to relative './lib/prediction-market' inside of [project]/

https://nextjs.org/docs/messages/module-not-found @ http://localhost:3000/_next/static/chunks/node_modules_next_dist_0k8zr~w._.js:1945
[ 1792307ms] [LOG] [Fast Refresh] rebuilding @ http://localhost:3000/_next/static/chunks/node_modules_next_dist_0k8zr~w._.js:1226
[ 1792903ms] [ERROR] ./components/MyPositions.tsx:13:1
Module not found: Can't resolve '@/lib/contracts'
  11 |   Outcome,
  12 | } from "@/lib/prediction-market";
> 13 | import { CONTRACTS } from "@/lib/contracts";
     | ^^^^^^^^^^^^^^^^^^^^^^^^^^^^^^^^^^^^^^^^^^^^
  14 |
  15 | const PM_ADDRESS = CONTRACTS.predictionMarket;
  16 | const WORLD_CHAIN_ID = 480;

Import map: aliased to relative './lib/contracts' inside of [project]/

Import traces:
  Browser:
    ./components/MyPositions.tsx
    ./pages/minikit.tsx

  SSR:
    ./components/MyPositions.tsx
    ./pages/minikit.tsx

https://nextjs.org/docs/messages/module-not-found @ http://localhost:3000/_next/static/chunks/node_modules_next_dist_0k8zr~w._.js:1945
[ 1792903ms] [ERROR] ./components/PredictionMarket.tsx:9:1
Module not found: Can't resolve '@/lib/contracts'
   7 |   Outcome,
   8 | } from "@/lib/prediction-market";
>  9 | import { CONTRACTS } from "@/lib/contracts";
     | ^^^^^^^^^^^^^^^^^^^^^^^^^^^^^^^^^^^^^^^^^^^^
  10 |
  11 | const PM_ADDRESS = CONTRACTS.predictionMarket;
  12 | const WLD_ADDRESS = CONTRACTS.wld;

Import map: aliased to relative './lib/contracts' inside of [project]/

Import traces:
  Browser:
    ./components/PredictionMarket.tsx
    ./pages/minikit.tsx

  SSR:
    ./components/PredictionMarket.tsx
    ./pages/minikit.tsx

https://nextjs.org/docs/messages/module-not-found @ http://localhost:3000/_next/static/chunks/node_modules_next_dist_0k8zr~w._.js:1945
[ 1792903ms] [ERROR] ./pages/minikit.tsx:6:1
Module not found: Can't resolve '@/lib/contracts'
  4 | import { Geist } from "next/font/google";
  5 | import { PREDICTION_MARKET_ABI, ERC20_ABI } from "@/lib/prediction-market";
> 6 | import { CONTRACTS } from "@/lib/contracts";
    | ^^^^^^^^^^^^^^^^^^^^^^^^^^^^^^^^^^^^^^^^^^^^
  7 | import WorldIdVerification from "@/components/WorldIdVerification";
  8 | import WalletAuth from "@/components/WalletAuth";
  9 | import PredictionMarket from "@/components/PredictionMarket";

Import map: aliased to relative './lib/contracts' inside of [project]/

https://nextjs.org/docs/messages/module-not-found @ http://localhost:3000/_next/static/chunks/node_modules_next_dist_0k8zr~w._.js:1945
[ 1792903ms] [ERROR] ./components/MyPositions.tsx:9:1
Module not found: Can't resolve '@/lib/prediction-market'
   7 |   formatUnits,
   8 | } from "viem";
>  9 | import {
     | ^^^^^^^
> 10 |   PREDICTION_MARKET_ABI,
     | ^^^^^^^^^^^^^^^^^^^^^^^^
> 11 |   Outcome,
     | ^^^^^^^^^^
> 12 | } from "@/lib/prediction-market";
     | ^^^^^^^^^^^^^^^^^^^^^^^^^^^^^^^^^
  13 | import { CONTRACTS } from "@/lib/contracts";
  14 |
  15 | const PM_ADDRESS = CONTRACTS.predictionMarket;

Import map: aliased to relative './lib/prediction-market' inside of [project]/

Import traces:
  Browser:
    ./components/MyPositions.tsx
    ./pages/minikit.tsx

  SSR:
    ./components/MyPositions.tsx
    ./pages/minikit.tsx

https://nextjs.org/docs/messages/module-not-found @ http://localhost:3000/_next/static/chunks/node_modules_next_dist_0k8zr~w._.js:1945
[ 1792903ms] [ERROR] ./components/PredictionMarket.tsx:4:1
Module not found: Can't resolve '@/lib/prediction-market'
   2 | import { MiniKit } from "@worldcoin/minikit-js";
   3 | import { encodeFunctionData, formatUnits, parseUnits } from "viem";
>  4 | import {
     | ^^^^^^^
>  5 |   PREDICTION_MARKET_ABI,
     | ^^^^^^^^^^^^^^^^^^^^^^^^
>  6 |   ERC20_ABI,
     | ^^^^^^^^^^^^
>  7 |   Outcome,
     | ^^^^^^^^^^
>  8 | } from "@/lib/prediction-market";
     | ^^^^^^^^^^^^^^^^^^^^^^^^^^^^^^^^^
   9 | import { CONTRACTS } from "@/lib/contracts";
  10 |
  11 | const PM_ADDRESS = CONTRACTS.predictionMarket;

Import map: aliased to relative './lib/prediction-market' inside of [project]/

Import traces:
  Browser:
    ./components/PredictionMarket.tsx
    ./pages/minikit.tsx

  SSR:
    ./components/PredictionMarket.tsx
    ./pages/minikit.tsx

https://nextjs.org/docs/messages/module-not-found @ http://localhost:3000/_next/static/chunks/node_modules_next_dist_0k8zr~w._.js:1945
[ 1792903ms] [ERROR] ./pages/minikit.tsx:5:1
Module not found: Can't resolve '@/lib/prediction-market'
  3 | import { createPublicClient, http, formatUnits } from "viem";
  4 | import { Geist } from "next/font/google";
> 5 | import { PREDICTION_MARKET_ABI, ERC20_ABI } from "@/lib/prediction-market";
    | ^^^^^^^^^^^^^^^^^^^^^^^^^^^^^^^^^^^^^^^^^^^^^^^^^^^^^^^^^^^^^^^^^^^^^^^^^^^
  6 | import { CONTRACTS } from "@/lib/contracts";
  7 | import WorldIdVerification from "@/components/WorldIdVerification";
  8 | import WalletAuth from "@/components/WalletAuth";

Import map: aliased to relative './lib/prediction-market' inside of [project]/

https://nextjs.org/docs/messages/module-not-found @ http://localhost:3000/_next/static/chunks/node_modules_next_dist_0k8zr~w._.js:1945
[ 1792971ms] [LOG] [Fast Refresh] rebuilding @ http://localhost:3000/_next/static/chunks/node_modules_next_dist_0k8zr~w._.js:1226
[ 1793906ms] [ERROR] ./components/MyPositions.tsx:13:1
Module not found: Can't resolve '@/lib/contracts'
  11 |   Outcome,
  12 | } from "@/lib/prediction-market";
> 13 | import { CONTRACTS } from "@/lib/contracts";
     | ^^^^^^^^^^^^^^^^^^^^^^^^^^^^^^^^^^^^^^^^^^^^
  14 |
  15 | const PM_ADDRESS = CONTRACTS.predictionMarket;
  16 | const WORLD_CHAIN_ID = 480;

Import map: aliased to relative './lib/contracts' inside of [project]/

Import traces:
  Browser:
    ./components/MyPositions.tsx
    ./pages/minikit.tsx

  SSR:
    ./components/MyPositions.tsx
    ./pages/minikit.tsx

https://nextjs.org/docs/messages/module-not-found @ http://localhost:3000/_next/static/chunks/node_modules_next_dist_0k8zr~w._.js:1945
[ 1793906ms] [ERROR] ./components/PredictionMarket.tsx:9:1
Module not found: Can't resolve '@/lib/contracts'
   7 |   Outcome,
   8 | } from "@/lib/prediction-market";
>  9 | import { CONTRACTS } from "@/lib/contracts";
     | ^^^^^^^^^^^^^^^^^^^^^^^^^^^^^^^^^^^^^^^^^^^^
  10 |
  11 | const PM_ADDRESS = CONTRACTS.predictionMarket;
  12 | const WLD_ADDRESS = CONTRACTS.wld;

Import map: aliased to relative './lib/contracts' inside of [project]/

Import traces:
  Browser:
    ./components/PredictionMarket.tsx
    ./pages/minikit.tsx

  SSR:
    ./components/PredictionMarket.tsx
    ./pages/minikit.tsx

https://nextjs.org/docs/messages/module-not-found @ http://localhost:3000/_next/static/chunks/node_modules_next_dist_0k8zr~w._.js:1945
[ 1793907ms] [ERROR] ./pages/minikit.tsx:6:1
Module not found: Can't resolve '@/lib/contracts'
  4 | import { Geist } from "next/font/google";
  5 | import { PREDICTION_MARKET_ABI, ERC20_ABI } from "@/lib/prediction-market";
> 6 | import { CONTRACTS } from "@/lib/contracts";
    | ^^^^^^^^^^^^^^^^^^^^^^^^^^^^^^^^^^^^^^^^^^^^
  7 | import WorldIdVerification from "@/components/WorldIdVerification";
  8 | import WalletAuth from "@/components/WalletAuth";
  9 | import PredictionMarket from "@/components/PredictionMarket";

Import map: aliased to relative './lib/contracts' inside of [project]/

https://nextjs.org/docs/messages/module-not-found @ http://localhost:3000/_next/static/chunks/node_modules_next_dist_0k8zr~w._.js:1945
[ 1793907ms] [ERROR] ./components/MyPositions.tsx:9:1
Module not found: Can't resolve '@/lib/prediction-market'
   7 |   formatUnits,
   8 | } from "viem";
>  9 | import {
     | ^^^^^^^
> 10 |   PREDICTION_MARKET_ABI,
     | ^^^^^^^^^^^^^^^^^^^^^^^^
> 11 |   Outcome,
     | ^^^^^^^^^^
> 12 | } from "@/lib/prediction-market";
     | ^^^^^^^^^^^^^^^^^^^^^^^^^^^^^^^^^
  13 | import { CONTRACTS } from "@/lib/contracts";
  14 |
  15 | const PM_ADDRESS = CONTRACTS.predictionMarket;

Import map: aliased to relative './lib/prediction-market' inside of [project]/

Import traces:
  Browser:
    ./components/MyPositions.tsx
    ./pages/minikit.tsx

  SSR:
    ./components/MyPositions.tsx
    ./pages/minikit.tsx

https://nextjs.org/docs/messages/module-not-found @ http://localhost:3000/_next/static/chunks/node_modules_next_dist_0k8zr~w._.js:1945
[ 1793907ms] [ERROR] ./components/PredictionMarket.tsx:4:1
Module not found: Can't resolve '@/lib/prediction-market'
   2 | import { MiniKit } from "@worldcoin/minikit-js";
   3 | import { encodeFunctionData, formatUnits, parseUnits } from "viem";
>  4 | import {
     | ^^^^^^^
>  5 |   PREDICTION_MARKET_ABI,
     | ^^^^^^^^^^^^^^^^^^^^^^^^
>  6 |   ERC20_ABI,
     | ^^^^^^^^^^^^
>  7 |   Outcome,
     | ^^^^^^^^^^
>  8 | } from "@/lib/prediction-market";
     | ^^^^^^^^^^^^^^^^^^^^^^^^^^^^^^^^^
   9 | import { CONTRACTS } from "@/lib/contracts";
  10 |
  11 | const PM_ADDRESS = CONTRACTS.predictionMarket;

Import map: aliased to relative './lib/prediction-market' inside of [project]/

Import traces:
  Browser:
    ./components/PredictionMarket.tsx
    ./pages/minikit.tsx

  SSR:
    ./components/PredictionMarket.tsx
    ./pages/minikit.tsx

https://nextjs.org/docs/messages/module-not-found @ http://localhost:3000/_next/static/chunks/node_modules_next_dist_0k8zr~w._.js:1945
[ 1793907ms] [ERROR] ./pages/minikit.tsx:5:1
Module not found: Can't resolve '@/lib/prediction-market'
  3 | import { createPublicClient, http, formatUnits } from "viem";
  4 | import { Geist } from "next/font/google";
> 5 | import { PREDICTION_MARKET_ABI, ERC20_ABI } from "@/lib/prediction-market";
    | ^^^^^^^^^^^^^^^^^^^^^^^^^^^^^^^^^^^^^^^^^^^^^^^^^^^^^^^^^^^^^^^^^^^^^^^^^^^
  6 | import { CONTRACTS } from "@/lib/contracts";
  7 | import WorldIdVerification from "@/components/WorldIdVerification";
  8 | import WalletAuth from "@/components/WalletAuth";

Import map: aliased to relative './lib/prediction-market' inside of [project]/

https://nextjs.org/docs/messages/module-not-found @ http://localhost:3000/_next/static/chunks/node_modules_next_dist_0k8zr~w._.js:1945
[ 1793973ms] [LOG] [Fast Refresh] rebuilding @ http://localhost:3000/_next/static/chunks/node_modules_next_dist_0k8zr~w._.js:1226
[ 1794907ms] [ERROR] ./components/MyPositions.tsx:13:1
Module not found: Can't resolve '@/lib/contracts'
  11 |   Outcome,
  12 | } from "@/lib/prediction-market";
> 13 | import { CONTRACTS } from "@/lib/contracts";
     | ^^^^^^^^^^^^^^^^^^^^^^^^^^^^^^^^^^^^^^^^^^^^
  14 |
  15 | const PM_ADDRESS = CONTRACTS.predictionMarket;
  16 | const WORLD_CHAIN_ID = 480;

Import map: aliased to relative './lib/contracts' inside of [project]/

Import traces:
  Browser:
    ./components/MyPositions.tsx
    ./pages/minikit.tsx

  SSR:
    ./components/MyPositions.tsx
    ./pages/minikit.tsx

https://nextjs.org/docs/messages/module-not-found @ http://localhost:3000/_next/static/chunks/node_modules_next_dist_0k8zr~w._.js:1945
[ 1794907ms] [ERROR] ./components/PredictionMarket.tsx:9:1
Module not found: Can't resolve '@/lib/contracts'
   7 |   Outcome,
   8 | } from "@/lib/prediction-market";
>  9 | import { CONTRACTS } from "@/lib/contracts";
     | ^^^^^^^^^^^^^^^^^^^^^^^^^^^^^^^^^^^^^^^^^^^^
  10 |
  11 | const PM_ADDRESS = CONTRACTS.predictionMarket;
  12 | const WLD_ADDRESS = CONTRACTS.wld;

Import map: aliased to relative './lib/contracts' inside of [project]/

Import traces:
  Browser:
    ./components/PredictionMarket.tsx
    ./pages/minikit.tsx

  SSR:
    ./components/PredictionMarket.tsx
    ./pages/minikit.tsx

https://nextjs.org/docs/messages/module-not-found @ http://localhost:3000/_next/static/chunks/node_modules_next_dist_0k8zr~w._.js:1945
[ 1794907ms] [ERROR] ./pages/minikit.tsx:6:1
Module not found: Can't resolve '@/lib/contracts'
  4 | import { Geist } from "next/font/google";
  5 | import { PREDICTION_MARKET_ABI, ERC20_ABI } from "@/lib/prediction-market";
> 6 | import { CONTRACTS } from "@/lib/contracts";
    | ^^^^^^^^^^^^^^^^^^^^^^^^^^^^^^^^^^^^^^^^^^^^
  7 | import WorldIdVerification from "@/components/WorldIdVerification";
  8 | import WalletAuth from "@/components/WalletAuth";
  9 | import PredictionMarket from "@/components/PredictionMarket";

Import map: aliased to relative './lib/contracts' inside of [project]/

https://nextjs.org/docs/messages/module-not-found @ http://localhost:3000/_next/static/chunks/node_modules_next_dist_0k8zr~w._.js:1945
[ 1794908ms] [ERROR] ./components/MyPositions.tsx:9:1
Module not found: Can't resolve '@/lib/prediction-market'
   7 |   formatUnits,
   8 | } from "viem";
>  9 | import {
     | ^^^^^^^
> 10 |   PREDICTION_MARKET_ABI,
     | ^^^^^^^^^^^^^^^^^^^^^^^^
> 11 |   Outcome,
     | ^^^^^^^^^^
> 12 | } from "@/lib/prediction-market";
     | ^^^^^^^^^^^^^^^^^^^^^^^^^^^^^^^^^
  13 | import { CONTRACTS } from "@/lib/contracts";
  14 |
  15 | const PM_ADDRESS = CONTRACTS.predictionMarket;

Import map: aliased to relative './lib/prediction-market' inside of [project]/

Import traces:
  Browser:
    ./components/MyPositions.tsx
    ./pages/minikit.tsx

  SSR:
    ./components/MyPositions.tsx
    ./pages/minikit.tsx

https://nextjs.org/docs/messages/module-not-found @ http://localhost:3000/_next/static/chunks/node_modules_next_dist_0k8zr~w._.js:1945
[ 1794908ms] [ERROR] ./components/PredictionMarket.tsx:4:1
Module not found: Can't resolve '@/lib/prediction-market'
   2 | import { MiniKit } from "@worldcoin/minikit-js";
   3 | import { encodeFunctionData, formatUnits, parseUnits } from "viem";
>  4 | import {
     | ^^^^^^^
>  5 |   PREDICTION_MARKET_ABI,
     | ^^^^^^^^^^^^^^^^^^^^^^^^
>  6 |   ERC20_ABI,
     | ^^^^^^^^^^^^
>  7 |   Outcome,
     | ^^^^^^^^^^
>  8 | } from "@/lib/prediction-market";
     | ^^^^^^^^^^^^^^^^^^^^^^^^^^^^^^^^^
   9 | import { CONTRACTS } from "@/lib/contracts";
  10 |
  11 | const PM_ADDRESS = CONTRACTS.predictionMarket;

Import map: aliased to relative './lib/prediction-market' inside of [project]/

Import traces:
  Browser:
    ./components/PredictionMarket.tsx
    ./pages/minikit.tsx

  SSR:
    ./components/PredictionMarket.tsx
    ./pages/minikit.tsx

https://nextjs.org/docs/messages/module-not-found @ http://localhost:3000/_next/static/chunks/node_modules_next_dist_0k8zr~w._.js:1945
[ 1794908ms] [ERROR] ./pages/minikit.tsx:5:1
Module not found: Can't resolve '@/lib/prediction-market'
  3 | import { createPublicClient, http, formatUnits } from "viem";
  4 | import { Geist } from "next/font/google";
> 5 | import { PREDICTION_MARKET_ABI, ERC20_ABI } from "@/lib/prediction-market";
    | ^^^^^^^^^^^^^^^^^^^^^^^^^^^^^^^^^^^^^^^^^^^^^^^^^^^^^^^^^^^^^^^^^^^^^^^^^^^
  6 | import { CONTRACTS } from "@/lib/contracts";
  7 | import WorldIdVerification from "@/components/WorldIdVerification";
  8 | import WalletAuth from "@/components/WalletAuth";

Import map: aliased to relative './lib/prediction-market' inside of [project]/

https://nextjs.org/docs/messages/module-not-found @ http://localhost:3000/_next/static/chunks/node_modules_next_dist_0k8zr~w._.js:1945
[ 1794974ms] [LOG] [Fast Refresh] rebuilding @ http://localhost:3000/_next/static/chunks/node_modules_next_dist_0k8zr~w._.js:1226
[ 1796509ms] [ERROR] ./components/MyPositions.tsx:13:1
Module not found: Can't resolve '@/lib/contracts'
  11 |   Outcome,
  12 | } from "@/lib/prediction-market";
> 13 | import { CONTRACTS } from "@/lib/contracts";
     | ^^^^^^^^^^^^^^^^^^^^^^^^^^^^^^^^^^^^^^^^^^^^
  14 |
  15 | const PM_ADDRESS = CONTRACTS.predictionMarket;
  16 | const WORLD_CHAIN_ID = 480;

Import map: aliased to relative './lib/contracts' inside of [project]/

Import traces:
  Browser:
    ./components/MyPositions.tsx
    ./pages/minikit.tsx

  SSR:
    ./components/MyPositions.tsx
    ./pages/minikit.tsx

https://nextjs.org/docs/messages/module-not-found @ http://localhost:3000/_next/static/chunks/node_modules_next_dist_0k8zr~w._.js:1945
[ 1796509ms] [ERROR] ./components/PredictionMarket.tsx:9:1
Module not found: Can't resolve '@/lib/contracts'
   7 |   Outcome,
   8 | } from "@/lib/prediction-market";
>  9 | import { CONTRACTS } from "@/lib/contracts";
     | ^^^^^^^^^^^^^^^^^^^^^^^^^^^^^^^^^^^^^^^^^^^^
  10 |
  11 | const PM_ADDRESS = CONTRACTS.predictionMarket;
  12 | const WLD_ADDRESS = CONTRACTS.wld;

Import map: aliased to relative './lib/contracts' inside of [project]/

Import traces:
  Browser:
    ./components/PredictionMarket.tsx
    ./pages/minikit.tsx

  SSR:
    ./components/PredictionMarket.tsx
    ./pages/minikit.tsx

https://nextjs.org/docs/messages/module-not-found @ http://localhost:3000/_next/static/chunks/node_modules_next_dist_0k8zr~w._.js:1945
[ 1796509ms] [ERROR] ./pages/minikit.tsx:6:1
Module not found: Can't resolve '@/lib/contracts'
  4 | import { Geist } from "next/font/google";
  5 | import { PREDICTION_MARKET_ABI, ERC20_ABI } from "@/lib/prediction-market";
> 6 | import { CONTRACTS } from "@/lib/contracts";
    | ^^^^^^^^^^^^^^^^^^^^^^^^^^^^^^^^^^^^^^^^^^^^
  7 | import WorldIdVerification from "@/components/WorldIdVerification";
  8 | import WalletAuth from "@/components/WalletAuth";
  9 | import PredictionMarket from "@/components/PredictionMarket";

Import map: aliased to relative './lib/contracts' inside of [project]/

https://nextjs.org/docs/messages/module-not-found @ http://localhost:3000/_next/static/chunks/node_modules_next_dist_0k8zr~w._.js:1945
[ 1796509ms] [ERROR] ./components/MyPositions.tsx:9:1
Module not found: Can't resolve '@/lib/prediction-market'
   7 |   formatUnits,
   8 | } from "viem";
>  9 | import {
     | ^^^^^^^
> 10 |   PREDICTION_MARKET_ABI,
     | ^^^^^^^^^^^^^^^^^^^^^^^^
> 11 |   Outcome,
     | ^^^^^^^^^^
> 12 | } from "@/lib/prediction-market";
     | ^^^^^^^^^^^^^^^^^^^^^^^^^^^^^^^^^
  13 | import { CONTRACTS } from "@/lib/contracts";
  14 |
  15 | const PM_ADDRESS = CONTRACTS.predictionMarket;

Import map: aliased to relative './lib/prediction-market' inside of [project]/

Import traces:
  Browser:
    ./components/MyPositions.tsx
    ./pages/minikit.tsx

  SSR:
    ./components/MyPositions.tsx
    ./pages/minikit.tsx

https://nextjs.org/docs/messages/module-not-found @ http://localhost:3000/_next/static/chunks/node_modules_next_dist_0k8zr~w._.js:1945
[ 1796510ms] [ERROR] ./components/PredictionMarket.tsx:4:1
Module not found: Can't resolve '@/lib/prediction-market'
   2 | import { MiniKit } from "@worldcoin/minikit-js";
   3 | import { encodeFunctionData, formatUnits, parseUnits } from "viem";
>  4 | import {
     | ^^^^^^^
>  5 |   PREDICTION_MARKET_ABI,
     | ^^^^^^^^^^^^^^^^^^^^^^^^
>  6 |   ERC20_ABI,
     | ^^^^^^^^^^^^
>  7 |   Outcome,
     | ^^^^^^^^^^
>  8 | } from "@/lib/prediction-market";
     | ^^^^^^^^^^^^^^^^^^^^^^^^^^^^^^^^^
   9 | import { CONTRACTS } from "@/lib/contracts";
  10 |
  11 | const PM_ADDRESS = CONTRACTS.predictionMarket;

Import map: aliased to relative './lib/prediction-market' inside of [project]/

Import traces:
  Browser:
    ./components/PredictionMarket.tsx
    ./pages/minikit.tsx

  SSR:
    ./components/PredictionMarket.tsx
    ./pages/minikit.tsx

https://nextjs.org/docs/messages/module-not-found @ http://localhost:3000/_next/static/chunks/node_modules_next_dist_0k8zr~w._.js:1945
[ 1796510ms] [ERROR] ./pages/minikit.tsx:5:1
Module not found: Can't resolve '@/lib/prediction-market'
  3 | import { createPublicClient, http, formatUnits } from "viem";
  4 | import { Geist } from "next/font/google";
> 5 | import { PREDICTION_MARKET_ABI, ERC20_ABI } from "@/lib/prediction-market";
    | ^^^^^^^^^^^^^^^^^^^^^^^^^^^^^^^^^^^^^^^^^^^^^^^^^^^^^^^^^^^^^^^^^^^^^^^^^^^
  6 | import { CONTRACTS } from "@/lib/contracts";
  7 | import WorldIdVerification from "@/components/WorldIdVerification";
  8 | import WalletAuth from "@/components/WalletAuth";

Import map: aliased to relative './lib/prediction-market' inside of [project]/

https://nextjs.org/docs/messages/module-not-found @ http://localhost:3000/_next/static/chunks/node_modules_next_dist_0k8zr~w._.js:1945
[ 1796577ms] [LOG] [Fast Refresh] rebuilding @ http://localhost:3000/_next/static/chunks/node_modules_next_dist_0k8zr~w._.js:1226
[ 1888809ms] [ERROR] ./components/MyPositions.tsx:13:1
Module not found: Can't resolve '@/lib/contracts'
  11 |   Outcome,
  12 | } from "@/lib/prediction-market";
> 13 | import { CONTRACTS } from "@/lib/contracts";
     | ^^^^^^^^^^^^^^^^^^^^^^^^^^^^^^^^^^^^^^^^^^^^
  14 |
  15 | const PM_ADDRESS = CONTRACTS.predictionMarket;
  16 | const WORLD_CHAIN_ID = 480;

Import map: aliased to relative './lib/contracts' inside of [project]/

Import traces:
  Browser:
    ./components/MyPositions.tsx
    ./pages/minikit.tsx

  SSR:
    ./components/MyPositions.tsx
    ./pages/minikit.tsx

https://nextjs.org/docs/messages/module-not-found @ http://localhost:3000/_next/static/chunks/node_modules_next_dist_0k8zr~w._.js:1945
[ 1888809ms] [ERROR] ./components/PredictionMarket.tsx:9:1
Module not found: Can't resolve '@/lib/contracts'
   7 |   Outcome,
   8 | } from "@/lib/prediction-market";
>  9 | import { CONTRACTS } from "@/lib/contracts";
     | ^^^^^^^^^^^^^^^^^^^^^^^^^^^^^^^^^^^^^^^^^^^^
  10 |
  11 | const PM_ADDRESS = CONTRACTS.predictionMarket;
  12 | const WLD_ADDRESS = CONTRACTS.wld;

Import map: aliased to relative './lib/contracts' inside of [project]/

Import traces:
  Browser:
    ./components/PredictionMarket.tsx
    ./pages/minikit.tsx

  SSR:
    ./components/PredictionMarket.tsx
    ./pages/minikit.tsx

https://nextjs.org/docs/messages/module-not-found @ http://localhost:3000/_next/static/chunks/node_modules_next_dist_0k8zr~w._.js:1945
[ 1888809ms] [ERROR] ./pages/minikit.tsx:6:1
Module not found: Can't resolve '@/lib/contracts'
  4 | import { Geist } from "next/font/google";
  5 | import { PREDICTION_MARKET_ABI, ERC20_ABI } from "@/lib/prediction-market";
> 6 | import { CONTRACTS } from "@/lib/contracts";
    | ^^^^^^^^^^^^^^^^^^^^^^^^^^^^^^^^^^^^^^^^^^^^
  7 | import WorldIdVerification from "@/components/WorldIdVerification";
  8 | import WalletAuth from "@/components/WalletAuth";
  9 | import PredictionMarket from "@/components/PredictionMarket";

Import map: aliased to relative './lib/contracts' inside of [project]/

https://nextjs.org/docs/messages/module-not-found @ http://localhost:3000/_next/static/chunks/node_modules_next_dist_0k8zr~w._.js:1945
[ 1888809ms] [ERROR] ./components/MyPositions.tsx:9:1
Module not found: Can't resolve '@/lib/prediction-market'
   7 |   formatUnits,
   8 | } from "viem";
>  9 | import {
     | ^^^^^^^
> 10 |   PREDICTION_MARKET_ABI,
     | ^^^^^^^^^^^^^^^^^^^^^^^^
> 11 |   Outcome,
     | ^^^^^^^^^^
> 12 | } from "@/lib/prediction-market";
     | ^^^^^^^^^^^^^^^^^^^^^^^^^^^^^^^^^
  13 | import { CONTRACTS } from "@/lib/contracts";
  14 |
  15 | const PM_ADDRESS = CONTRACTS.predictionMarket;

Import map: aliased to relative './lib/prediction-market' inside of [project]/

Import traces:
  Browser:
    ./components/MyPositions.tsx
    ./pages/minikit.tsx

  SSR:
    ./components/MyPositions.tsx
    ./pages/minikit.tsx

https://nextjs.org/docs/messages/module-not-found @ http://localhost:3000/_next/static/chunks/node_modules_next_dist_0k8zr~w._.js:1945
[ 1888809ms] [ERROR] ./components/PredictionMarket.tsx:4:1
Module not found: Can't resolve '@/lib/prediction-market'
   2 | import { MiniKit } from "@worldcoin/minikit-js";
   3 | import { encodeFunctionData, formatUnits, parseUnits } from "viem";
>  4 | import {
     | ^^^^^^^
>  5 |   PREDICTION_MARKET_ABI,
     | ^^^^^^^^^^^^^^^^^^^^^^^^
>  6 |   ERC20_ABI,
     | ^^^^^^^^^^^^
>  7 |   Outcome,
     | ^^^^^^^^^^
>  8 | } from "@/lib/prediction-market";
     | ^^^^^^^^^^^^^^^^^^^^^^^^^^^^^^^^^
   9 | import { CONTRACTS } from "@/lib/contracts";
  10 |
  11 | const PM_ADDRESS = CONTRACTS.predictionMarket;

Import map: aliased to relative './lib/prediction-market' inside of [project]/

Import traces:
  Browser:
    ./components/PredictionMarket.tsx
    ./pages/minikit.tsx

  SSR:
    ./components/PredictionMarket.tsx
    ./pages/minikit.tsx

https://nextjs.org/docs/messages/module-not-found @ http://localhost:3000/_next/static/chunks/node_modules_next_dist_0k8zr~w._.js:1945
[ 1888809ms] [ERROR] ./pages/minikit.tsx:5:1
Module not found: Can't resolve '@/lib/prediction-market'
  3 | import { createPublicClient, http, formatUnits } from "viem";
  4 | import { Geist } from "next/font/google";
> 5 | import { PREDICTION_MARKET_ABI, ERC20_ABI } from "@/lib/prediction-market";
    | ^^^^^^^^^^^^^^^^^^^^^^^^^^^^^^^^^^^^^^^^^^^^^^^^^^^^^^^^^^^^^^^^^^^^^^^^^^^
  6 | import { CONTRACTS } from "@/lib/contracts";
  7 | import WorldIdVerification from "@/components/WorldIdVerification";
  8 | import WalletAuth from "@/components/WalletAuth";

Import map: aliased to relative './lib/prediction-market' inside of [project]/

https://nextjs.org/docs/messages/module-not-found @ http://localhost:3000/_next/static/chunks/node_modules_next_dist_0k8zr~w._.js:1945
[ 1888834ms] [LOG] [Fast Refresh] rebuilding @ http://localhost:3000/_next/static/chunks/node_modules_next_dist_0k8zr~w._.js:1226
[ 1888913ms] [ERROR] ./components/MyPositions.tsx:13:1
Module not found: Can't resolve '@/lib/contracts'
  11 |   Outcome,
  12 | } from "@/lib/prediction-market";
> 13 | import { CONTRACTS } from "@/lib/contracts";
     | ^^^^^^^^^^^^^^^^^^^^^^^^^^^^^^^^^^^^^^^^^^^^
  14 |
  15 | const PM_ADDRESS = CONTRACTS.predictionMarket;
  16 | const WORLD_CHAIN_ID = 480;

Import map: aliased to relative './lib/contracts' inside of [project]/

Import traces:
  Browser:
    ./components/MyPositions.tsx
    ./pages/minikit.tsx

  SSR:
    ./components/MyPositions.tsx
    ./pages/minikit.tsx

https://nextjs.org/docs/messages/module-not-found @ http://localhost:3000/_next/static/chunks/node_modules_next_dist_0k8zr~w._.js:1945
[ 1888913ms] [ERROR] ./components/PredictionMarket.tsx:9:1
Module not found: Can't resolve '@/lib/contracts'
   7 |   Outcome,
   8 | } from "@/lib/prediction-market";
>  9 | import { CONTRACTS } from "@/lib/contracts";
     | ^^^^^^^^^^^^^^^^^^^^^^^^^^^^^^^^^^^^^^^^^^^^
  10 |
  11 | const PM_ADDRESS = CONTRACTS.predictionMarket;
  12 | const WLD_ADDRESS = CONTRACTS.wld;

Import map: aliased to relative './lib/contracts' inside of [project]/

Import traces:
  Browser:
    ./components/PredictionMarket.tsx
    ./pages/minikit.tsx

  SSR:
    ./components/PredictionMarket.tsx
    ./pages/minikit.tsx

https://nextjs.org/docs/messages/module-not-found @ http://localhost:3000/_next/static/chunks/node_modules_next_dist_0k8zr~w._.js:1945
[ 1888913ms] [ERROR] ./pages/minikit.tsx:6:1
Module not found: Can't resolve '@/lib/contracts'
  4 | import { Geist } from "next/font/google";
  5 | import { PREDICTION_MARKET_ABI, ERC20_ABI } from "@/lib/prediction-market";
> 6 | import { CONTRACTS } from "@/lib/contracts";
    | ^^^^^^^^^^^^^^^^^^^^^^^^^^^^^^^^^^^^^^^^^^^^
  7 | import WorldIdVerification from "@/components/WorldIdVerification";
  8 | import WalletAuth from "@/components/WalletAuth";
  9 | import PredictionMarket from "@/components/PredictionMarket";

Import map: aliased to relative './lib/contracts' inside of [project]/

https://nextjs.org/docs/messages/module-not-found @ http://localhost:3000/_next/static/chunks/node_modules_next_dist_0k8zr~w._.js:1945
[ 1888913ms] [ERROR] ./components/MyPositions.tsx:9:1
Module not found: Can't resolve '@/lib/prediction-market'
   7 |   formatUnits,
   8 | } from "viem";
>  9 | import {
     | ^^^^^^^
> 10 |   PREDICTION_MARKET_ABI,
     | ^^^^^^^^^^^^^^^^^^^^^^^^
> 11 |   Outcome,
     | ^^^^^^^^^^
> 12 | } from "@/lib/prediction-market";
     | ^^^^^^^^^^^^^^^^^^^^^^^^^^^^^^^^^
  13 | import { CONTRACTS } from "@/lib/contracts";
  14 |
  15 | const PM_ADDRESS = CONTRACTS.predictionMarket;

Import map: aliased to relative './lib/prediction-market' inside of [project]/

Import traces:
  Browser:
    ./components/MyPositions.tsx
    ./pages/minikit.tsx

  SSR:
    ./components/MyPositions.tsx
    ./pages/minikit.tsx

https://nextjs.org/docs/messages/module-not-found @ http://localhost:3000/_next/static/chunks/node_modules_next_dist_0k8zr~w._.js:1945
[ 1888913ms] [ERROR] ./components/PredictionMarket.tsx:4:1
Module not found: Can't resolve '@/lib/prediction-market'
   2 | import { MiniKit } from "@worldcoin/minikit-js";
   3 | import { encodeFunctionData, formatUnits, parseUnits } from "viem";
>  4 | import {
     | ^^^^^^^
>  5 |   PREDICTION_MARKET_ABI,
     | ^^^^^^^^^^^^^^^^^^^^^^^^
>  6 |   ERC20_ABI,
     | ^^^^^^^^^^^^
>  7 |   Outcome,
     | ^^^^^^^^^^
>  8 | } from "@/lib/prediction-market";
     | ^^^^^^^^^^^^^^^^^^^^^^^^^^^^^^^^^
   9 | import { CONTRACTS } from "@/lib/contracts";
  10 |
  11 | const PM_ADDRESS = CONTRACTS.predictionMarket;

Import map: aliased to relative './lib/prediction-market' inside of [project]/

Import traces:
  Browser:
    ./components/PredictionMarket.tsx
    ./pages/minikit.tsx

  SSR:
    ./components/PredictionMarket.tsx
    ./pages/minikit.tsx

https://nextjs.org/docs/messages/module-not-found @ http://localhost:3000/_next/static/chunks/node_modules_next_dist_0k8zr~w._.js:1945
[ 1888913ms] [ERROR] ./pages/minikit.tsx:5:1
Module not found: Can't resolve '@/lib/prediction-market'
  3 | import { createPublicClient, http, formatUnits } from "viem";
  4 | import { Geist } from "next/font/google";
> 5 | import { PREDICTION_MARKET_ABI, ERC20_ABI } from "@/lib/prediction-market";
    | ^^^^^^^^^^^^^^^^^^^^^^^^^^^^^^^^^^^^^^^^^^^^^^^^^^^^^^^^^^^^^^^^^^^^^^^^^^^
  6 | import { CONTRACTS } from "@/lib/contracts";
  7 | import WorldIdVerification from "@/components/WorldIdVerification";
  8 | import WalletAuth from "@/components/WalletAuth";

Import map: aliased to relative './lib/prediction-market' inside of [project]/

https://nextjs.org/docs/messages/module-not-found @ http://localhost:3000/_next/static/chunks/node_modules_next_dist_0k8zr~w._.js:1945
[ 1888983ms] [LOG] [Fast Refresh] rebuilding @ http://localhost:3000/_next/static/chunks/node_modules_next_dist_0k8zr~w._.js:1226
[ 1889053ms] [ERROR] ./components/MyPositions.tsx:13:1
Module not found: Can't resolve '@/lib/contracts'
  11 |   Outcome,
  12 | } from "@/lib/prediction-market";
> 13 | import { CONTRACTS } from "@/lib/contracts";
     | ^^^^^^^^^^^^^^^^^^^^^^^^^^^^^^^^^^^^^^^^^^^^
  14 |
  15 | const PM_ADDRESS = CONTRACTS.predictionMarket;
  16 | const WORLD_CHAIN_ID = 480;

Import map: aliased to relative './lib/contracts' inside of [project]/

Import traces:
  Browser:
    ./components/MyPositions.tsx
    ./pages/minikit.tsx

  SSR:
    ./components/MyPositions.tsx
    ./pages/minikit.tsx

https://nextjs.org/docs/messages/module-not-found @ http://localhost:3000/_next/static/chunks/node_modules_next_dist_0k8zr~w._.js:1945
[ 1889053ms] [ERROR] ./components/PredictionMarket.tsx:9:1
Module not found: Can't resolve '@/lib/contracts'
   7 |   Outcome,
   8 | } from "@/lib/prediction-market";
>  9 | import { CONTRACTS } from "@/lib/contracts";
     | ^^^^^^^^^^^^^^^^^^^^^^^^^^^^^^^^^^^^^^^^^^^^
  10 |
  11 | const PM_ADDRESS = CONTRACTS.predictionMarket;
  12 | const WLD_ADDRESS = CONTRACTS.wld;

Import map: aliased to relative './lib/contracts' inside of [project]/

Import traces:
  Browser:
    ./components/PredictionMarket.tsx
    ./pages/minikit.tsx

  SSR:
    ./components/PredictionMarket.tsx
    ./pages/minikit.tsx

https://nextjs.org/docs/messages/module-not-found @ http://localhost:3000/_next/static/chunks/node_modules_next_dist_0k8zr~w._.js:1945
[ 1889053ms] [ERROR] ./pages/minikit.tsx:6:1
Module not found: Can't resolve '@/lib/contracts'
  4 | import { Geist } from "next/font/google";
  5 | import { PREDICTION_MARKET_ABI, ERC20_ABI } from "@/lib/prediction-market";
> 6 | import { CONTRACTS } from "@/lib/contracts";
    | ^^^^^^^^^^^^^^^^^^^^^^^^^^^^^^^^^^^^^^^^^^^^
  7 | import WorldIdVerification from "@/components/WorldIdVerification";
  8 | import WalletAuth from "@/components/WalletAuth";
  9 | import PredictionMarket from "@/components/PredictionMarket";

Import map: aliased to relative './lib/contracts' inside of [project]/

https://nextjs.org/docs/messages/module-not-found @ http://localhost:3000/_next/static/chunks/node_modules_next_dist_0k8zr~w._.js:1945
[ 1889053ms] [ERROR] ./components/MyPositions.tsx:9:1
Module not found: Can't resolve '@/lib/prediction-market'
   7 |   formatUnits,
   8 | } from "viem";
>  9 | import {
     | ^^^^^^^
> 10 |   PREDICTION_MARKET_ABI,
     | ^^^^^^^^^^^^^^^^^^^^^^^^
> 11 |   Outcome,
     | ^^^^^^^^^^
> 12 | } from "@/lib/prediction-market";
     | ^^^^^^^^^^^^^^^^^^^^^^^^^^^^^^^^^
  13 | import { CONTRACTS } from "@/lib/contracts";
  14 |
  15 | const PM_ADDRESS = CONTRACTS.predictionMarket;

Import map: aliased to relative './lib/prediction-market' inside of [project]/

Import traces:
  Browser:
    ./components/MyPositions.tsx
    ./pages/minikit.tsx

  SSR:
    ./components/MyPositions.tsx
    ./pages/minikit.tsx

https://nextjs.org/docs/messages/module-not-found @ http://localhost:3000/_next/static/chunks/node_modules_next_dist_0k8zr~w._.js:1945
[ 1889053ms] [ERROR] ./components/PredictionMarket.tsx:4:1
Module not found: Can't resolve '@/lib/prediction-market'
   2 | import { MiniKit } from "@worldcoin/minikit-js";
   3 | import { encodeFunctionData, formatUnits, parseUnits } from "viem";
>  4 | import {
     | ^^^^^^^
>  5 |   PREDICTION_MARKET_ABI,
     | ^^^^^^^^^^^^^^^^^^^^^^^^
>  6 |   ERC20_ABI,
     | ^^^^^^^^^^^^
>  7 |   Outcome,
     | ^^^^^^^^^^
>  8 | } from "@/lib/prediction-market";
     | ^^^^^^^^^^^^^^^^^^^^^^^^^^^^^^^^^
   9 | import { CONTRACTS } from "@/lib/contracts";
  10 |
  11 | const PM_ADDRESS = CONTRACTS.predictionMarket;

Import map: aliased to relative './lib/prediction-market' inside of [project]/

Import traces:
  Browser:
    ./components/PredictionMarket.tsx
    ./pages/minikit.tsx

  SSR:
    ./components/PredictionMarket.tsx
    ./pages/minikit.tsx

https://nextjs.org/docs/messages/module-not-found @ http://localhost:3000/_next/static/chunks/node_modules_next_dist_0k8zr~w._.js:1945
[ 1889053ms] [ERROR] ./pages/minikit.tsx:5:1
Module not found: Can't resolve '@/lib/prediction-market'
  3 | import { createPublicClient, http, formatUnits } from "viem";
  4 | import { Geist } from "next/font/google";
> 5 | import { PREDICTION_MARKET_ABI, ERC20_ABI } from "@/lib/prediction-market";
    | ^^^^^^^^^^^^^^^^^^^^^^^^^^^^^^^^^^^^^^^^^^^^^^^^^^^^^^^^^^^^^^^^^^^^^^^^^^^
  6 | import { CONTRACTS } from "@/lib/contracts";
  7 | import WorldIdVerification from "@/components/WorldIdVerification";
  8 | import WalletAuth from "@/components/WalletAuth";

Import map: aliased to relative './lib/prediction-market' inside of [project]/

https://nextjs.org/docs/messages/module-not-found @ http://localhost:3000/_next/static/chunks/node_modules_next_dist_0k8zr~w._.js:1945
[ 1889087ms] [ERROR] ./components/MyPositions.tsx:13:1
Module not found: Can't resolve '@/lib/contracts'
  11 |   Outcome,
  12 | } from "@/lib/prediction-market";
> 13 | import { CONTRACTS } from "@/lib/contracts";
     | ^^^^^^^^^^^^^^^^^^^^^^^^^^^^^^^^^^^^^^^^^^^^
  14 |
  15 | const PM_ADDRESS = CONTRACTS.predictionMarket;
  16 | const WORLD_CHAIN_ID = 480;

Import map: aliased to relative './lib/contracts' inside of [project]/

Import traces:
  Browser:
    ./components/MyPositions.tsx
    ./pages/minikit.tsx

  SSR:
    ./components/MyPositions.tsx
    ./pages/minikit.tsx

https://nextjs.org/docs/messages/module-not-found @ http://localhost:3000/_next/static/chunks/node_modules_next_dist_0k8zr~w._.js:1945
[ 1889087ms] [ERROR] ./components/PredictionMarket.tsx:9:1
Module not found: Can't resolve '@/lib/contracts'
   7 |   Outcome,
   8 | } from "@/lib/prediction-market";
>  9 | import { CONTRACTS } from "@/lib/contracts";
     | ^^^^^^^^^^^^^^^^^^^^^^^^^^^^^^^^^^^^^^^^^^^^
  10 |
  11 | const PM_ADDRESS = CONTRACTS.predictionMarket;
  12 | const WLD_ADDRESS = CONTRACTS.wld;

Import map: aliased to relative './lib/contracts' inside of [project]/

Import traces:
  Browser:
    ./components/PredictionMarket.tsx
    ./pages/minikit.tsx

  SSR:
    ./components/PredictionMarket.tsx
    ./pages/minikit.tsx

https://nextjs.org/docs/messages/module-not-found @ http://localhost:3000/_next/static/chunks/node_modules_next_dist_0k8zr~w._.js:1945
[ 1889087ms] [ERROR] ./pages/minikit.tsx:6:1
Module not found: Can't resolve '@/lib/contracts'
  4 | import { Geist } from "next/font/google";
  5 | import { PREDICTION_MARKET_ABI, ERC20_ABI } from "@/lib/prediction-market";
> 6 | import { CONTRACTS } from "@/lib/contracts";
    | ^^^^^^^^^^^^^^^^^^^^^^^^^^^^^^^^^^^^^^^^^^^^
  7 | import WorldIdVerification from "@/components/WorldIdVerification";
  8 | import WalletAuth from "@/components/WalletAuth";
  9 | import PredictionMarket from "@/components/PredictionMarket";

Import map: aliased to relative './lib/contracts' inside of [project]/

https://nextjs.org/docs/messages/module-not-found @ http://localhost:3000/_next/static/chunks/node_modules_next_dist_0k8zr~w._.js:1945
[ 1889087ms] [ERROR] ./components/MyPositions.tsx:9:1
Module not found: Can't resolve '@/lib/prediction-market'
   7 |   formatUnits,
   8 | } from "viem";
>  9 | import {
     | ^^^^^^^
> 10 |   PREDICTION_MARKET_ABI,
     | ^^^^^^^^^^^^^^^^^^^^^^^^
> 11 |   Outcome,
     | ^^^^^^^^^^
> 12 | } from "@/lib/prediction-market";
     | ^^^^^^^^^^^^^^^^^^^^^^^^^^^^^^^^^
  13 | import { CONTRACTS } from "@/lib/contracts";
  14 |
  15 | const PM_ADDRESS = CONTRACTS.predictionMarket;

Import map: aliased to relative './lib/prediction-market' inside of [project]/

Import traces:
  Browser:
    ./components/MyPositions.tsx
    ./pages/minikit.tsx

  SSR:
    ./components/MyPositions.tsx
    ./pages/minikit.tsx

https://nextjs.org/docs/messages/module-not-found @ http://localhost:3000/_next/static/chunks/node_modules_next_dist_0k8zr~w._.js:1945
[ 1889087ms] [ERROR] ./components/PredictionMarket.tsx:4:1
Module not found: Can't resolve '@/lib/prediction-market'
   2 | import { MiniKit } from "@worldcoin/minikit-js";
   3 | import { encodeFunctionData, formatUnits, parseUnits } from "viem";
>  4 | import {
     | ^^^^^^^
>  5 |   PREDICTION_MARKET_ABI,
     | ^^^^^^^^^^^^^^^^^^^^^^^^
>  6 |   ERC20_ABI,
     | ^^^^^^^^^^^^
>  7 |   Outcome,
     | ^^^^^^^^^^
>  8 | } from "@/lib/prediction-market";
     | ^^^^^^^^^^^^^^^^^^^^^^^^^^^^^^^^^
   9 | import { CONTRACTS } from "@/lib/contracts";
  10 |
  11 | const PM_ADDRESS = CONTRACTS.predictionMarket;

Import map: aliased to relative './lib/prediction-market' inside of [project]/

Import traces:
  Browser:
    ./components/PredictionMarket.tsx
    ./pages/minikit.tsx

  SSR:
    ./components/PredictionMarket.tsx
    ./pages/minikit.tsx

https://nextjs.org/docs/messages/module-not-found @ http://localhost:3000/_next/static/chunks/node_modules_next_dist_0k8zr~w._.js:1945
[ 1889087ms] [ERROR] ./pages/minikit.tsx:5:1
Module not found: Can't resolve '@/lib/prediction-market'
  3 | import { createPublicClient, http, formatUnits } from "viem";
  4 | import { Geist } from "next/font/google";
> 5 | import { PREDICTION_MARKET_ABI, ERC20_ABI } from "@/lib/prediction-market";
    | ^^^^^^^^^^^^^^^^^^^^^^^^^^^^^^^^^^^^^^^^^^^^^^^^^^^^^^^^^^^^^^^^^^^^^^^^^^^
  6 | import { CONTRACTS } from "@/lib/contracts";
  7 | import WorldIdVerification from "@/components/WorldIdVerification";
  8 | import WalletAuth from "@/components/WalletAuth";

Import map: aliased to relative './lib/prediction-market' inside of [project]/

https://nextjs.org/docs/messages/module-not-found @ http://localhost:3000/_next/static/chunks/node_modules_next_dist_0k8zr~w._.js:1945
[ 1889155ms] [LOG] [Fast Refresh] rebuilding @ http://localhost:3000/_next/static/chunks/node_modules_next_dist_0k8zr~w._.js:1226
[ 1890076ms] [ERROR] ./components/MyPositions.tsx:13:1
Module not found: Can't resolve '@/lib/contracts'
  11 |   Outcome,
  12 | } from "@/lib/prediction-market";
> 13 | import { CONTRACTS } from "@/lib/contracts";
     | ^^^^^^^^^^^^^^^^^^^^^^^^^^^^^^^^^^^^^^^^^^^^
  14 |
  15 | const PM_ADDRESS = CONTRACTS.predictionMarket;
  16 | const WORLD_CHAIN_ID = 480;

Import map: aliased to relative './lib/contracts' inside of [project]/

Import traces:
  Browser:
    ./components/MyPositions.tsx
    ./pages/minikit.tsx

  SSR:
    ./components/MyPositions.tsx
    ./pages/minikit.tsx

https://nextjs.org/docs/messages/module-not-found @ http://localhost:3000/_next/static/chunks/node_modules_next_dist_0k8zr~w._.js:1945
[ 1890076ms] [ERROR] ./components/PredictionMarket.tsx:9:1
Module not found: Can't resolve '@/lib/contracts'
   7 |   Outcome,
   8 | } from "@/lib/prediction-market";
>  9 | import { CONTRACTS } from "@/lib/contracts";
     | ^^^^^^^^^^^^^^^^^^^^^^^^^^^^^^^^^^^^^^^^^^^^
  10 |
  11 | const PM_ADDRESS = CONTRACTS.predictionMarket;
  12 | const WLD_ADDRESS = CONTRACTS.wld;

Import map: aliased to relative './lib/contracts' inside of [project]/

Import traces:
  Browser:
    ./components/PredictionMarket.tsx
    ./pages/minikit.tsx

  SSR:
    ./components/PredictionMarket.tsx
    ./pages/minikit.tsx

https://nextjs.org/docs/messages/module-not-found @ http://localhost:3000/_next/static/chunks/node_modules_next_dist_0k8zr~w._.js:1945
[ 1890076ms] [ERROR] ./pages/minikit.tsx:6:1
Module not found: Can't resolve '@/lib/contracts'
  4 | import { Geist } from "next/font/google";
  5 | import { PREDICTION_MARKET_ABI, ERC20_ABI } from "@/lib/prediction-market";
> 6 | import { CONTRACTS } from "@/lib/contracts";
    | ^^^^^^^^^^^^^^^^^^^^^^^^^^^^^^^^^^^^^^^^^^^^
  7 | import WorldIdVerification from "@/components/WorldIdVerification";
  8 | import WalletAuth from "@/components/WalletAuth";
  9 | import PredictionMarket from "@/components/PredictionMarket";

Import map: aliased to relative './lib/contracts' inside of [project]/

https://nextjs.org/docs/messages/module-not-found @ http://localhost:3000/_next/static/chunks/node_modules_next_dist_0k8zr~w._.js:1945
[ 1890076ms] [ERROR] ./components/MyPositions.tsx:9:1
Module not found: Can't resolve '@/lib/prediction-market'
   7 |   formatUnits,
   8 | } from "viem";
>  9 | import {
     | ^^^^^^^
> 10 |   PREDICTION_MARKET_ABI,
     | ^^^^^^^^^^^^^^^^^^^^^^^^
> 11 |   Outcome,
     | ^^^^^^^^^^
> 12 | } from "@/lib/prediction-market";
     | ^^^^^^^^^^^^^^^^^^^^^^^^^^^^^^^^^
  13 | import { CONTRACTS } from "@/lib/contracts";
  14 |
  15 | const PM_ADDRESS = CONTRACTS.predictionMarket;

Import map: aliased to relative './lib/prediction-market' inside of [project]/

Import traces:
  Browser:
    ./components/MyPositions.tsx
    ./pages/minikit.tsx

  SSR:
    ./components/MyPositions.tsx
    ./pages/minikit.tsx

https://nextjs.org/docs/messages/module-not-found @ http://localhost:3000/_next/static/chunks/node_modules_next_dist_0k8zr~w._.js:1945
[ 1890076ms] [ERROR] ./components/PredictionMarket.tsx:4:1
Module not found: Can't resolve '@/lib/prediction-market'
   2 | import { MiniKit } from "@worldcoin/minikit-js";
   3 | import { encodeFunctionData, formatUnits, parseUnits } from "viem";
>  4 | import {
     | ^^^^^^^
>  5 |   PREDICTION_MARKET_ABI,
     | ^^^^^^^^^^^^^^^^^^^^^^^^
>  6 |   ERC20_ABI,
     | ^^^^^^^^^^^^
>  7 |   Outcome,
     | ^^^^^^^^^^
>  8 | } from "@/lib/prediction-market";
     | ^^^^^^^^^^^^^^^^^^^^^^^^^^^^^^^^^
   9 | import { CONTRACTS } from "@/lib/contracts";
  10 |
  11 | const PM_ADDRESS = CONTRACTS.predictionMarket;

Import map: aliased to relative './lib/prediction-market' inside of [project]/

Import traces:
  Browser:
    ./components/PredictionMarket.tsx
    ./pages/minikit.tsx

  SSR:
    ./components/PredictionMarket.tsx
    ./pages/minikit.tsx

https://nextjs.org/docs/messages/module-not-found @ http://localhost:3000/_next/static/chunks/node_modules_next_dist_0k8zr~w._.js:1945
[ 1890076ms] [ERROR] ./pages/minikit.tsx:5:1
Module not found: Can't resolve '@/lib/prediction-market'
  3 | import { createPublicClient, http, formatUnits } from "viem";
  4 | import { Geist } from "next/font/google";
> 5 | import { PREDICTION_MARKET_ABI, ERC20_ABI } from "@/lib/prediction-market";
    | ^^^^^^^^^^^^^^^^^^^^^^^^^^^^^^^^^^^^^^^^^^^^^^^^^^^^^^^^^^^^^^^^^^^^^^^^^^^
  6 | import { CONTRACTS } from "@/lib/contracts";
  7 | import WorldIdVerification from "@/components/WorldIdVerification";
  8 | import WalletAuth from "@/components/WalletAuth";

Import map: aliased to relative './lib/prediction-market' inside of [project]/

https://nextjs.org/docs/messages/module-not-found @ http://localhost:3000/_next/static/chunks/node_modules_next_dist_0k8zr~w._.js:1945
[ 1890142ms] [LOG] [Fast Refresh] rebuilding @ http://localhost:3000/_next/static/chunks/node_modules_next_dist_0k8zr~w._.js:1226
[ 1890380ms] [ERROR] ./components/MyPositions.tsx:13:1
Module not found: Can't resolve '@/lib/contracts'
  11 |   Outcome,
  12 | } from "@/lib/prediction-market";
> 13 | import { CONTRACTS } from "@/lib/contracts";
     | ^^^^^^^^^^^^^^^^^^^^^^^^^^^^^^^^^^^^^^^^^^^^
  14 |
  15 | const PM_ADDRESS = CONTRACTS.predictionMarket;
  16 | const WORLD_CHAIN_ID = 480;

Import map: aliased to relative './lib/contracts' inside of [project]/

Import traces:
  Browser:
    ./components/MyPositions.tsx
    ./pages/minikit.tsx

  SSR:
    ./components/MyPositions.tsx
    ./pages/minikit.tsx

https://nextjs.org/docs/messages/module-not-found @ http://localhost:3000/_next/static/chunks/node_modules_next_dist_0k8zr~w._.js:1945
[ 1890380ms] [ERROR] ./components/PredictionMarket.tsx:9:1
Module not found: Can't resolve '@/lib/contracts'
   7 |   Outcome,
   8 | } from "@/lib/prediction-market";
>  9 | import { CONTRACTS } from "@/lib/contracts";
     | ^^^^^^^^^^^^^^^^^^^^^^^^^^^^^^^^^^^^^^^^^^^^
  10 |
  11 | const PM_ADDRESS = CONTRACTS.predictionMarket;
  12 | const WLD_ADDRESS = CONTRACTS.wld;

Import map: aliased to relative './lib/contracts' inside of [project]/

Import traces:
  Browser:
    ./components/PredictionMarket.tsx
    ./pages/minikit.tsx

  SSR:
    ./components/PredictionMarket.tsx
    ./pages/minikit.tsx

https://nextjs.org/docs/messages/module-not-found @ http://localhost:3000/_next/static/chunks/node_modules_next_dist_0k8zr~w._.js:1945
[ 1890381ms] [ERROR] ./pages/minikit.tsx:6:1
Module not found: Can't resolve '@/lib/contracts'
  4 | import { Geist } from "next/font/google";
  5 | import { PREDICTION_MARKET_ABI, ERC20_ABI } from "@/lib/prediction-market";
> 6 | import { CONTRACTS } from "@/lib/contracts";
    | ^^^^^^^^^^^^^^^^^^^^^^^^^^^^^^^^^^^^^^^^^^^^
  7 | import WorldIdVerification from "@/components/WorldIdVerification";
  8 | import WalletAuth from "@/components/WalletAuth";
  9 | import PredictionMarket from "@/components/PredictionMarket";

Import map: aliased to relative './lib/contracts' inside of [project]/

https://nextjs.org/docs/messages/module-not-found @ http://localhost:3000/_next/static/chunks/node_modules_next_dist_0k8zr~w._.js:1945
[ 1890381ms] [ERROR] ./components/MyPositions.tsx:9:1
Module not found: Can't resolve '@/lib/prediction-market'
   7 |   formatUnits,
   8 | } from "viem";
>  9 | import {
     | ^^^^^^^
> 10 |   PREDICTION_MARKET_ABI,
     | ^^^^^^^^^^^^^^^^^^^^^^^^
> 11 |   Outcome,
     | ^^^^^^^^^^
> 12 | } from "@/lib/prediction-market";
     | ^^^^^^^^^^^^^^^^^^^^^^^^^^^^^^^^^
  13 | import { CONTRACTS } from "@/lib/contracts";
  14 |
  15 | const PM_ADDRESS = CONTRACTS.predictionMarket;

Import map: aliased to relative './lib/prediction-market' inside of [project]/

Import traces:
  Browser:
    ./components/MyPositions.tsx
    ./pages/minikit.tsx

  SSR:
    ./components/MyPositions.tsx
    ./pages/minikit.tsx

https://nextjs.org/docs/messages/module-not-found @ http://localhost:3000/_next/static/chunks/node_modules_next_dist_0k8zr~w._.js:1945
[ 1890381ms] [ERROR] ./components/PredictionMarket.tsx:4:1
Module not found: Can't resolve '@/lib/prediction-market'
   2 | import { MiniKit } from "@worldcoin/minikit-js";
   3 | import { encodeFunctionData, formatUnits, parseUnits } from "viem";
>  4 | import {
     | ^^^^^^^
>  5 |   PREDICTION_MARKET_ABI,
     | ^^^^^^^^^^^^^^^^^^^^^^^^
>  6 |   ERC20_ABI,
     | ^^^^^^^^^^^^
>  7 |   Outcome,
     | ^^^^^^^^^^
>  8 | } from "@/lib/prediction-market";
     | ^^^^^^^^^^^^^^^^^^^^^^^^^^^^^^^^^
   9 | import { CONTRACTS } from "@/lib/contracts";
  10 |
  11 | const PM_ADDRESS = CONTRACTS.predictionMarket;

Import map: aliased to relative './lib/prediction-market' inside of [project]/

Import traces:
  Browser:
    ./components/PredictionMarket.tsx
    ./pages/minikit.tsx

  SSR:
    ./components/PredictionMarket.tsx
    ./pages/minikit.tsx

https://nextjs.org/docs/messages/module-not-found @ http://localhost:3000/_next/static/chunks/node_modules_next_dist_0k8zr~w._.js:1945
[ 1890381ms] [ERROR] ./pages/minikit.tsx:5:1
Module not found: Can't resolve '@/lib/prediction-market'
  3 | import { createPublicClient, http, formatUnits } from "viem";
  4 | import { Geist } from "next/font/google";
> 5 | import { PREDICTION_MARKET_ABI, ERC20_ABI } from "@/lib/prediction-market";
    | ^^^^^^^^^^^^^^^^^^^^^^^^^^^^^^^^^^^^^^^^^^^^^^^^^^^^^^^^^^^^^^^^^^^^^^^^^^^
  6 | import { CONTRACTS } from "@/lib/contracts";
  7 | import WorldIdVerification from "@/components/WorldIdVerification";
  8 | import WalletAuth from "@/components/WalletAuth";

Import map: aliased to relative './lib/prediction-market' inside of [project]/

https://nextjs.org/docs/messages/module-not-found @ http://localhost:3000/_next/static/chunks/node_modules_next_dist_0k8zr~w._.js:1945
[ 1890447ms] [LOG] [Fast Refresh] rebuilding @ http://localhost:3000/_next/static/chunks/node_modules_next_dist_0k8zr~w._.js:1226
[ 1891077ms] [ERROR] ./components/MyPositions.tsx:13:1
Module not found: Can't resolve '@/lib/contracts'
  11 |   Outcome,
  12 | } from "@/lib/prediction-market";
> 13 | import { CONTRACTS } from "@/lib/contracts";
     | ^^^^^^^^^^^^^^^^^^^^^^^^^^^^^^^^^^^^^^^^^^^^
  14 |
  15 | const PM_ADDRESS = CONTRACTS.predictionMarket;
  16 | const WORLD_CHAIN_ID = 480;

Import map: aliased to relative './lib/contracts' inside of [project]/

Import traces:
  Browser:
    ./components/MyPositions.tsx
    ./pages/minikit.tsx

  SSR:
    ./components/MyPositions.tsx
    ./pages/minikit.tsx

https://nextjs.org/docs/messages/module-not-found @ http://localhost:3000/_next/static/chunks/node_modules_next_dist_0k8zr~w._.js:1945
[ 1891078ms] [ERROR] ./components/PredictionMarket.tsx:9:1
Module not found: Can't resolve '@/lib/contracts'
   7 |   Outcome,
   8 | } from "@/lib/prediction-market";
>  9 | import { CONTRACTS } from "@/lib/contracts";
     | ^^^^^^^^^^^^^^^^^^^^^^^^^^^^^^^^^^^^^^^^^^^^
  10 |
  11 | const PM_ADDRESS = CONTRACTS.predictionMarket;
  12 | const WLD_ADDRESS = CONTRACTS.wld;

Import map: aliased to relative './lib/contracts' inside of [project]/

Import traces:
  Browser:
    ./components/PredictionMarket.tsx
    ./pages/minikit.tsx

  SSR:
    ./components/PredictionMarket.tsx
    ./pages/minikit.tsx

https://nextjs.org/docs/messages/module-not-found @ http://localhost:3000/_next/static/chunks/node_modules_next_dist_0k8zr~w._.js:1945
[ 1891078ms] [ERROR] ./pages/minikit.tsx:6:1
Module not found: Can't resolve '@/lib/contracts'
  4 | import { Geist } from "next/font/google";
  5 | import { PREDICTION_MARKET_ABI, ERC20_ABI } from "@/lib/prediction-market";
> 6 | import { CONTRACTS } from "@/lib/contracts";
    | ^^^^^^^^^^^^^^^^^^^^^^^^^^^^^^^^^^^^^^^^^^^^
  7 | import WorldIdVerification from "@/components/WorldIdVerification";
  8 | import WalletAuth from "@/components/WalletAuth";
  9 | import PredictionMarket from "@/components/PredictionMarket";

Import map: aliased to relative './lib/contracts' inside of [project]/

https://nextjs.org/docs/messages/module-not-found @ http://localhost:3000/_next/static/chunks/node_modules_next_dist_0k8zr~w._.js:1945
[ 1891078ms] [ERROR] ./components/MyPositions.tsx:9:1
Module not found: Can't resolve '@/lib/prediction-market'
   7 |   formatUnits,
   8 | } from "viem";
>  9 | import {
     | ^^^^^^^
> 10 |   PREDICTION_MARKET_ABI,
     | ^^^^^^^^^^^^^^^^^^^^^^^^
> 11 |   Outcome,
     | ^^^^^^^^^^
> 12 | } from "@/lib/prediction-market";
     | ^^^^^^^^^^^^^^^^^^^^^^^^^^^^^^^^^
  13 | import { CONTRACTS } from "@/lib/contracts";
  14 |
  15 | const PM_ADDRESS = CONTRACTS.predictionMarket;

Import map: aliased to relative './lib/prediction-market' inside of [project]/

Import traces:
  Browser:
    ./components/MyPositions.tsx
    ./pages/minikit.tsx

  SSR:
    ./components/MyPositions.tsx
    ./pages/minikit.tsx

https://nextjs.org/docs/messages/module-not-found @ http://localhost:3000/_next/static/chunks/node_modules_next_dist_0k8zr~w._.js:1945
[ 1891078ms] [ERROR] ./components/PredictionMarket.tsx:4:1
Module not found: Can't resolve '@/lib/prediction-market'
   2 | import { MiniKit } from "@worldcoin/minikit-js";
   3 | import { encodeFunctionData, formatUnits, parseUnits } from "viem";
>  4 | import {
     | ^^^^^^^
>  5 |   PREDICTION_MARKET_ABI,
     | ^^^^^^^^^^^^^^^^^^^^^^^^
>  6 |   ERC20_ABI,
     | ^^^^^^^^^^^^
>  7 |   Outcome,
     | ^^^^^^^^^^
>  8 | } from "@/lib/prediction-market";
     | ^^^^^^^^^^^^^^^^^^^^^^^^^^^^^^^^^
   9 | import { CONTRACTS } from "@/lib/contracts";
  10 |
  11 | const PM_ADDRESS = CONTRACTS.predictionMarket;

Import map: aliased to relative './lib/prediction-market' inside of [project]/

Import traces:
  Browser:
    ./components/PredictionMarket.tsx
    ./pages/minikit.tsx

  SSR:
    ./components/PredictionMarket.tsx
    ./pages/minikit.tsx

https://nextjs.org/docs/messages/module-not-found @ http://localhost:3000/_next/static/chunks/node_modules_next_dist_0k8zr~w._.js:1945
[ 1891078ms] [ERROR] ./pages/minikit.tsx:5:1
Module not found: Can't resolve '@/lib/prediction-market'
  3 | import { createPublicClient, http, formatUnits } from "viem";
  4 | import { Geist } from "next/font/google";
> 5 | import { PREDICTION_MARKET_ABI, ERC20_ABI } from "@/lib/prediction-market";
    | ^^^^^^^^^^^^^^^^^^^^^^^^^^^^^^^^^^^^^^^^^^^^^^^^^^^^^^^^^^^^^^^^^^^^^^^^^^^
  6 | import { CONTRACTS } from "@/lib/contracts";
  7 | import WorldIdVerification from "@/components/WorldIdVerification";
  8 | import WalletAuth from "@/components/WalletAuth";

Import map: aliased to relative './lib/prediction-market' inside of [project]/

https://nextjs.org/docs/messages/module-not-found @ http://localhost:3000/_next/static/chunks/node_modules_next_dist_0k8zr~w._.js:1945
[ 1891144ms] [LOG] [Fast Refresh] rebuilding @ http://localhost:3000/_next/static/chunks/node_modules_next_dist_0k8zr~w._.js:1226
[ 1994857ms] [ERROR] ./components/MyPositions.tsx:13:1
Module not found: Can't resolve '@/lib/contracts'
  11 |   Outcome,
  12 | } from "@/lib/prediction-market";
> 13 | import { CONTRACTS } from "@/lib/contracts";
     | ^^^^^^^^^^^^^^^^^^^^^^^^^^^^^^^^^^^^^^^^^^^^
  14 |
  15 | const PM_ADDRESS = CONTRACTS.predictionMarket;
  16 | const WORLD_CHAIN_ID = 480;

Import map: aliased to relative './lib/contracts' inside of [project]/

Import traces:
  Browser:
    ./components/MyPositions.tsx
    ./pages/minikit.tsx

  SSR:
    ./components/MyPositions.tsx
    ./pages/minikit.tsx

https://nextjs.org/docs/messages/module-not-found @ http://localhost:3000/_next/static/chunks/node_modules_next_dist_0k8zr~w._.js:1945
[ 1994857ms] [ERROR] ./components/PredictionMarket.tsx:9:1
Module not found: Can't resolve '@/lib/contracts'
   7 |   Outcome,
   8 | } from "@/lib/prediction-market";
>  9 | import { CONTRACTS } from "@/lib/contracts";
     | ^^^^^^^^^^^^^^^^^^^^^^^^^^^^^^^^^^^^^^^^^^^^
  10 |
  11 | const PM_ADDRESS = CONTRACTS.predictionMarket;
  12 | const WLD_ADDRESS = CONTRACTS.wld;

Import map: aliased to relative './lib/contracts' inside of [project]/

Import traces:
  Browser:
    ./components/PredictionMarket.tsx
    ./pages/minikit.tsx

  SSR:
    ./components/PredictionMarket.tsx
    ./pages/minikit.tsx

https://nextjs.org/docs/messages/module-not-found @ http://localhost:3000/_next/static/chunks/node_modules_next_dist_0k8zr~w._.js:1945
[ 1994857ms] [ERROR] ./pages/minikit.tsx:6:1
Module not found: Can't resolve '@/lib/contracts'
  4 | import { Geist } from "next/font/google";
  5 | import { PREDICTION_MARKET_ABI, ERC20_ABI } from "@/lib/prediction-market";
> 6 | import { CONTRACTS } from "@/lib/contracts";
    | ^^^^^^^^^^^^^^^^^^^^^^^^^^^^^^^^^^^^^^^^^^^^
  7 | import WorldIdVerification from "@/components/WorldIdVerification";
  8 | import WalletAuth from "@/components/WalletAuth";
  9 | import PredictionMarket from "@/components/PredictionMarket";

Import map: aliased to relative './lib/contracts' inside of [project]/

https://nextjs.org/docs/messages/module-not-found @ http://localhost:3000/_next/static/chunks/node_modules_next_dist_0k8zr~w._.js:1945
[ 1994857ms] [ERROR] ./components/MyPositions.tsx:9:1
Module not found: Can't resolve '@/lib/prediction-market'
   7 |   formatUnits,
   8 | } from "viem";
>  9 | import {
     | ^^^^^^^
> 10 |   PREDICTION_MARKET_ABI,
     | ^^^^^^^^^^^^^^^^^^^^^^^^
> 11 |   Outcome,
     | ^^^^^^^^^^
> 12 | } from "@/lib/prediction-market";
     | ^^^^^^^^^^^^^^^^^^^^^^^^^^^^^^^^^
  13 | import { CONTRACTS } from "@/lib/contracts";
  14 |
  15 | const PM_ADDRESS = CONTRACTS.predictionMarket;

Import map: aliased to relative './lib/prediction-market' inside of [project]/

Import traces:
  Browser:
    ./components/MyPositions.tsx
    ./pages/minikit.tsx

  SSR:
    ./components/MyPositions.tsx
    ./pages/minikit.tsx

https://nextjs.org/docs/messages/module-not-found @ http://localhost:3000/_next/static/chunks/node_modules_next_dist_0k8zr~w._.js:1945
[ 1994857ms] [ERROR] ./components/PredictionMarket.tsx:4:1
Module not found: Can't resolve '@/lib/prediction-market'
   2 | import { MiniKit } from "@worldcoin/minikit-js";
   3 | import { encodeFunctionData, formatUnits, parseUnits } from "viem";
>  4 | import {
     | ^^^^^^^
>  5 |   PREDICTION_MARKET_ABI,
     | ^^^^^^^^^^^^^^^^^^^^^^^^
>  6 |   ERC20_ABI,
     | ^^^^^^^^^^^^
>  7 |   Outcome,
     | ^^^^^^^^^^
>  8 | } from "@/lib/prediction-market";
     | ^^^^^^^^^^^^^^^^^^^^^^^^^^^^^^^^^
   9 | import { CONTRACTS } from "@/lib/contracts";
  10 |
  11 | const PM_ADDRESS = CONTRACTS.predictionMarket;

Import map: aliased to relative './lib/prediction-market' inside of [project]/

Import traces:
  Browser:
    ./components/PredictionMarket.tsx
    ./pages/minikit.tsx

  SSR:
    ./components/PredictionMarket.tsx
    ./pages/minikit.tsx

https://nextjs.org/docs/messages/module-not-found @ http://localhost:3000/_next/static/chunks/node_modules_next_dist_0k8zr~w._.js:1945
[ 1994857ms] [ERROR] ./pages/minikit.tsx:5:1
Module not found: Can't resolve '@/lib/prediction-market'
  3 | import { createPublicClient, http, formatUnits } from "viem";
  4 | import { Geist } from "next/font/google";
> 5 | import { PREDICTION_MARKET_ABI, ERC20_ABI } from "@/lib/prediction-market";
    | ^^^^^^^^^^^^^^^^^^^^^^^^^^^^^^^^^^^^^^^^^^^^^^^^^^^^^^^^^^^^^^^^^^^^^^^^^^^
  6 | import { CONTRACTS } from "@/lib/contracts";
  7 | import WorldIdVerification from "@/components/WorldIdVerification";
  8 | import WalletAuth from "@/components/WalletAuth";

Import map: aliased to relative './lib/prediction-market' inside of [project]/

https://nextjs.org/docs/messages/module-not-found @ http://localhost:3000/_next/static/chunks/node_modules_next_dist_0k8zr~w._.js:1945
[ 1994892ms] [LOG] [Fast Refresh] rebuilding @ http://localhost:3000/_next/static/chunks/node_modules_next_dist_0k8zr~w._.js:1226
[ 2004933ms] [ERROR] ./components/MyPositions.tsx:13:1
Module not found: Can't resolve '@/lib/contracts'
  11 |   Outcome,
  12 | } from "@/lib/prediction-market";
> 13 | import { CONTRACTS } from "@/lib/contracts";
     | ^^^^^^^^^^^^^^^^^^^^^^^^^^^^^^^^^^^^^^^^^^^^
  14 |
  15 | const PM_ADDRESS = CONTRACTS.predictionMarket;
  16 | const WORLD_CHAIN_ID = 480;

Import map: aliased to relative './lib/contracts' inside of [project]/

Import traces:
  Browser:
    ./components/MyPositions.tsx
    ./pages/minikit.tsx

  SSR:
    ./components/MyPositions.tsx
    ./pages/minikit.tsx

https://nextjs.org/docs/messages/module-not-found @ http://localhost:3000/_next/static/chunks/node_modules_next_dist_0k8zr~w._.js:1945
[ 2004933ms] [ERROR] ./components/PredictionMarket.tsx:9:1
Module not found: Can't resolve '@/lib/contracts'
   7 |   Outcome,
   8 | } from "@/lib/prediction-market";
>  9 | import { CONTRACTS } from "@/lib/contracts";
     | ^^^^^^^^^^^^^^^^^^^^^^^^^^^^^^^^^^^^^^^^^^^^
  10 |
  11 | const PM_ADDRESS = CONTRACTS.predictionMarket;
  12 | const WLD_ADDRESS = CONTRACTS.wld;

Import map: aliased to relative './lib/contracts' inside of [project]/

Import traces:
  Browser:
    ./components/PredictionMarket.tsx
    ./pages/minikit.tsx

  SSR:
    ./components/PredictionMarket.tsx
    ./pages/minikit.tsx

https://nextjs.org/docs/messages/module-not-found @ http://localhost:3000/_next/static/chunks/node_modules_next_dist_0k8zr~w._.js:1945
[ 2004934ms] [ERROR] ./pages/minikit.tsx:6:1
Module not found: Can't resolve '@/lib/contracts'
  4 | import { Geist } from "next/font/google";
  5 | import { PREDICTION_MARKET_ABI, ERC20_ABI } from "@/lib/prediction-market";
> 6 | import { CONTRACTS } from "@/lib/contracts";
    | ^^^^^^^^^^^^^^^^^^^^^^^^^^^^^^^^^^^^^^^^^^^^
  7 | import WorldIdVerification from "@/components/WorldIdVerification";
  8 | import WalletAuth from "@/components/WalletAuth";
  9 | import PredictionMarket from "@/components/PredictionMarket";

Import map: aliased to relative './lib/contracts' inside of [project]/

https://nextjs.org/docs/messages/module-not-found @ http://localhost:3000/_next/static/chunks/node_modules_next_dist_0k8zr~w._.js:1945
[ 2004934ms] [ERROR] ./components/MyPositions.tsx:9:1
Module not found: Can't resolve '@/lib/prediction-market'
   7 |   formatUnits,
   8 | } from "viem";
>  9 | import {
     | ^^^^^^^
> 10 |   PREDICTION_MARKET_ABI,
     | ^^^^^^^^^^^^^^^^^^^^^^^^
> 11 |   Outcome,
     | ^^^^^^^^^^
> 12 | } from "@/lib/prediction-market";
     | ^^^^^^^^^^^^^^^^^^^^^^^^^^^^^^^^^
  13 | import { CONTRACTS } from "@/lib/contracts";
  14 |
  15 | const PM_ADDRESS = CONTRACTS.predictionMarket;

Import map: aliased to relative './lib/prediction-market' inside of [project]/

Import traces:
  Browser:
    ./components/MyPositions.tsx
    ./pages/minikit.tsx

  SSR:
    ./components/MyPositions.tsx
    ./pages/minikit.tsx

https://nextjs.org/docs/messages/module-not-found @ http://localhost:3000/_next/static/chunks/node_modules_next_dist_0k8zr~w._.js:1945
[ 2004934ms] [ERROR] ./components/PredictionMarket.tsx:4:1
Module not found: Can't resolve '@/lib/prediction-market'
   2 | import { MiniKit } from "@worldcoin/minikit-js";
   3 | import { encodeFunctionData, formatUnits, parseUnits } from "viem";
>  4 | import {
     | ^^^^^^^
>  5 |   PREDICTION_MARKET_ABI,
     | ^^^^^^^^^^^^^^^^^^^^^^^^
>  6 |   ERC20_ABI,
     | ^^^^^^^^^^^^
>  7 |   Outcome,
     | ^^^^^^^^^^
>  8 | } from "@/lib/prediction-market";
     | ^^^^^^^^^^^^^^^^^^^^^^^^^^^^^^^^^
   9 | import { CONTRACTS } from "@/lib/contracts";
  10 |
  11 | const PM_ADDRESS = CONTRACTS.predictionMarket;

Import map: aliased to relative './lib/prediction-market' inside of [project]/

Import traces:
  Browser:
    ./components/PredictionMarket.tsx
    ./pages/minikit.tsx

  SSR:
    ./components/PredictionMarket.tsx
    ./pages/minikit.tsx

https://nextjs.org/docs/messages/module-not-found @ http://localhost:3000/_next/static/chunks/node_modules_next_dist_0k8zr~w._.js:1945
[ 2004934ms] [ERROR] ./pages/minikit.tsx:5:1
Module not found: Can't resolve '@/lib/prediction-market'
  3 | import { createPublicClient, http, formatUnits } from "viem";
  4 | import { Geist } from "next/font/google";
> 5 | import { PREDICTION_MARKET_ABI, ERC20_ABI } from "@/lib/prediction-market";
    | ^^^^^^^^^^^^^^^^^^^^^^^^^^^^^^^^^^^^^^^^^^^^^^^^^^^^^^^^^^^^^^^^^^^^^^^^^^^
  6 | import { CONTRACTS } from "@/lib/contracts";
  7 | import WorldIdVerification from "@/components/WorldIdVerification";
  8 | import WalletAuth from "@/components/WalletAuth";

Import map: aliased to relative './lib/prediction-market' inside of [project]/

https://nextjs.org/docs/messages/module-not-found @ http://localhost:3000/_next/static/chunks/node_modules_next_dist_0k8zr~w._.js:1945
[ 2005000ms] [LOG] [Fast Refresh] rebuilding @ http://localhost:3000/_next/static/chunks/node_modules_next_dist_0k8zr~w._.js:1226
[ 2079579ms] [LOG] [Fast Refresh] rebuilding @ http://localhost:3000/_next/static/chunks/node_modules_next_dist_0k8zr~w._.js:1226
[ 2079720ms] [ERROR] Failed to load resource: the server responded with a status of 500 (Internal Server Error) @ http://localhost:3000/minikit:0
[ 2079737ms] [INFO] %cDownload the React DevTools for a better development experience: https://react.dev/link/react-devtools font-weight:bold @ http://localhost:3000/_next/static/chunks/node_modules_react-dom_0bruynb._.js:15305
[ 2079750ms] Error: ./components/MyPositions.tsx:9:1
Export Outcome doesn't exist in target module
   7 |   formatUnits,
   8 | } from "viem";
>  9 | import {
     | ^^^^^^^
> 10 |   PREDICTION_MARKET_ABI,
     | ^^^^^^^^^^^^^^^^^^^^^^^^
> 11 |   Outcome,
     | ^^^^^^^^^^
> 12 | } from "@/lib/prediction-market";
     | ^^^^^^^^^^^^^^^^^^^^^^^^^^^^^^^^^
  13 | import { CONTRACTS } from "@/lib/contracts";
  14 |
  15 | const PM_ADDRESS = CONTRACTS.predictionMarket;

The export Outcome was not found in module [project]/lib/prediction-market.ts [client] (ecmascript).
Did you mean to import PREDICTION_MARKET_ABI?
All exports of the module are statically known (It doesn't have dynamic exports). So it's known statically that the requested export doesn't exist.

Import traces:
  Browser:
    ./components/MyPositions.tsx
    ./pages/minikit.tsx

  SSR:
    ./components/MyPositions.tsx
    ./pages/minikit.tsx


    at <unknown> (Error: ./components/MyPositions.tsx:9:1)
    at Object.getCompilationErrors (file:///Users/kyler/repos/smith-market/node_modules/next/dist/server/dev/hot-reloader-turbopack.js:1186:59)
    at DevBundlerService.getCompilationError (file:///Users/kyler/repos/smith-market/node_modules/next/dist/server/lib/dev-bundler-service.js:44:55)
    at DevServer.getCompilationError (file:///Users/kyler/repos/smith-market/node_modules/next/dist/server/dev/next-dev-server.js:719:42)
    at DevServer.findPageComponents (file:///Users/kyler/repos/smith-market/node_modules/next/dist/server/dev/next-dev-server.js:689:43)
    at async DevServer.renderErrorToResponseImpl (file:///Users/kyler/repos/smith-market/node_modules/next/dist/server/base-server.js:1745:26)
[ 2079750ms] [LOG] [HMR] connected @ http://localhost:3000/_next/static/chunks/node_modules_next_dist_0k8zr~w._.js:1226
[ 2079751ms] [ERROR] ./components/MyPositions.tsx:9:1
Export Outcome doesn't exist in target module
   7 |   formatUnits,
   8 | } from "viem";
>  9 | import {
     | ^^^^^^^
> 10 |   PREDICTION_MARKET_ABI,
     | ^^^^^^^^^^^^^^^^^^^^^^^^
> 11 |   Outcome,
     | ^^^^^^^^^^
> 12 | } from "@/lib/prediction-market";
     | ^^^^^^^^^^^^^^^^^^^^^^^^^^^^^^^^^
  13 | import { CONTRACTS } from "@/lib/contracts";
  14 |
  15 | const PM_ADDRESS = CONTRACTS.predictionMarket;

The export Outcome was not found in module [project]/lib/prediction-market.ts [client] (ecmascript).
Did you mean to import PREDICTION_MARKET_ABI?
All exports of the module are statically known (It doesn't have dynamic exports). So it's known statically that the requested export doesn't exist.

Import traces:
  Browser:
    ./components/MyPositions.tsx
    ./pages/minikit.tsx

  SSR:
    ./components/MyPositions.tsx
    ./pages/minikit.tsx @ http://localhost:3000/_next/static/chunks/node_modules_next_dist_0k8zr~w._.js:1945
[ 2079751ms] [ERROR] ./components/MyPositions.tsx:9:1
Export Outcome doesn't exist in target module
   7 |   formatUnits,
   8 | } from "viem";
>  9 | import {
     | ^^^^^^^
> 10 |   PREDICTION_MARKET_ABI,
     | ^^^^^^^^^^^^^^^^^^^^^^^^
> 11 |   Outcome,
     | ^^^^^^^^^^
> 12 | } from "@/lib/prediction-market";
     | ^^^^^^^^^^^^^^^^^^^^^^^^^^^^^^^^^
  13 | import { CONTRACTS } from "@/lib/contracts";
  14 |
  15 | const PM_ADDRESS = CONTRACTS.predictionMarket;

The export Outcome was not found in module [project]/lib/prediction-market.ts [ssr] (ecmascript).
Did you mean to import PREDICTION_MARKET_ABI?
All exports of the module are statically known (It doesn't have dynamic exports). So it's known statically that the requested export doesn't exist.

Import traces:
  Browser:
    ./components/MyPositions.tsx
    ./pages/minikit.tsx

  SSR:
    ./components/MyPositions.tsx
    ./pages/minikit.tsx @ http://localhost:3000/_next/static/chunks/node_modules_next_dist_0k8zr~w._.js:1945
[ 2079751ms] [ERROR] ./components/PredictionMarket.tsx:4:1
Export Outcome doesn't exist in target module
   2 | import { MiniKit } from "@worldcoin/minikit-js";
   3 | import { encodeFunctionData, formatUnits, parseUnits } from "viem";
>  4 | import {
     | ^^^^^^^
>  5 |   PREDICTION_MARKET_ABI,
     | ^^^^^^^^^^^^^^^^^^^^^^^^
>  6 |   ERC20_ABI,
     | ^^^^^^^^^^^^
>  7 |   Outcome,
     | ^^^^^^^^^^
>  8 | } from "@/lib/prediction-market";
     | ^^^^^^^^^^^^^^^^^^^^^^^^^^^^^^^^^
   9 | import { CONTRACTS } from "@/lib/contracts";
  10 |
  11 | const PM_ADDRESS = CONTRACTS.predictionMarket;

The export Outcome was not found in module [project]/lib/prediction-market.ts [client] (ecmascript).
Did you mean to import PREDICTION_MARKET_ABI?
All exports of the module are statically known (It doesn't have dynamic exports). So it's known statically that the requested export doesn't exist.

Import traces:
  Browser:
    ./components/PredictionMarket.tsx
    ./pages/minikit.tsx

  SSR:
    ./components/PredictionMarket.tsx
    ./pages/minikit.tsx @ http://localhost:3000/_next/static/chunks/node_modules_next_dist_0k8zr~w._.js:1945
[ 2079752ms] [ERROR] ./components/PredictionMarket.tsx:4:1
Export Outcome doesn't exist in target module
   2 | import { MiniKit } from "@worldcoin/minikit-js";
   3 | import { encodeFunctionData, formatUnits, parseUnits } from "viem";
>  4 | import {
     | ^^^^^^^
>  5 |   PREDICTION_MARKET_ABI,
     | ^^^^^^^^^^^^^^^^^^^^^^^^
>  6 |   ERC20_ABI,
     | ^^^^^^^^^^^^
>  7 |   Outcome,
     | ^^^^^^^^^^
>  8 | } from "@/lib/prediction-market";
     | ^^^^^^^^^^^^^^^^^^^^^^^^^^^^^^^^^
   9 | import { CONTRACTS } from "@/lib/contracts";
  10 |
  11 | const PM_ADDRESS = CONTRACTS.predictionMarket;

The export Outcome was not found in module [project]/lib/prediction-market.ts [ssr] (ecmascript).
Did you mean to import PREDICTION_MARKET_ABI?
All exports of the module are statically known (It doesn't have dynamic exports). So it's known statically that the requested export doesn't exist.

Import traces:
  Browser:
    ./components/PredictionMarket.tsx
    ./pages/minikit.tsx

  SSR:
    ./components/PredictionMarket.tsx
    ./pages/minikit.tsx @ http://localhost:3000/_next/static/chunks/node_modules_next_dist_0k8zr~w._.js:1945
[ 2079752ms] [ERROR] ./components/MyPositions.tsx:9:1
Export Outcome doesn't exist in target module
   7 |   formatUnits,
   8 | } from "viem";
>  9 | import {
     | ^^^^^^^
> 10 |   PREDICTION_MARKET_ABI,
     | ^^^^^^^^^^^^^^^^^^^^^^^^
> 11 |   Outcome,
     | ^^^^^^^^^^
> 12 | } from "@/lib/prediction-market";
     | ^^^^^^^^^^^^^^^^^^^^^^^^^^^^^^^^^
  13 | import { CONTRACTS } from "@/lib/contracts";
  14 |
  15 | const PM_ADDRESS = CONTRACTS.predictionMarket;

The export Outcome was not found in module [project]/lib/prediction-market.ts [client] (ecmascript).
Did you mean to import PREDICTION_MARKET_ABI?
All exports of the module are statically known (It doesn't have dynamic exports). So it's known statically that the requested export doesn't exist.

Import traces:
  Browser:
    ./components/MyPositions.tsx
    ./pages/minikit.tsx

  SSR:
    ./components/MyPositions.tsx
    ./pages/minikit.tsx @ http://localhost:3000/_next/static/chunks/node_modules_next_dist_0k8zr~w._.js:1945
[ 2079752ms] [ERROR] ./components/MyPositions.tsx:9:1
Export Outcome doesn't exist in target module
   7 |   formatUnits,
   8 | } from "viem";
>  9 | import {
     | ^^^^^^^
> 10 |   PREDICTION_MARKET_ABI,
     | ^^^^^^^^^^^^^^^^^^^^^^^^
> 11 |   Outcome,
     | ^^^^^^^^^^
> 12 | } from "@/lib/prediction-market";
     | ^^^^^^^^^^^^^^^^^^^^^^^^^^^^^^^^^
  13 | import { CONTRACTS } from "@/lib/contracts";
  14 |
  15 | const PM_ADDRESS = CONTRACTS.predictionMarket;

The export Outcome was not found in module [project]/lib/prediction-market.ts [ssr] (ecmascript).
Did you mean to import PREDICTION_MARKET_ABI?
All exports of the module are statically known (It doesn't have dynamic exports). So it's known statically that the requested export doesn't exist.

Import traces:
  Browser:
    ./components/MyPositions.tsx
    ./pages/minikit.tsx

  SSR:
    ./components/MyPositions.tsx
    ./pages/minikit.tsx @ http://localhost:3000/_next/static/chunks/node_modules_next_dist_0k8zr~w._.js:1945
[ 2079752ms] [ERROR] ./components/PredictionMarket.tsx:4:1
Export Outcome doesn't exist in target module
   2 | import { MiniKit } from "@worldcoin/minikit-js";
   3 | import { encodeFunctionData, formatUnits, parseUnits } from "viem";
>  4 | import {
     | ^^^^^^^
>  5 |   PREDICTION_MARKET_ABI,
     | ^^^^^^^^^^^^^^^^^^^^^^^^
>  6 |   ERC20_ABI,
     | ^^^^^^^^^^^^
>  7 |   Outcome,
     | ^^^^^^^^^^
>  8 | } from "@/lib/prediction-market";
     | ^^^^^^^^^^^^^^^^^^^^^^^^^^^^^^^^^
   9 | import { CONTRACTS } from "@/lib/contracts";
  10 |
  11 | const PM_ADDRESS = CONTRACTS.predictionMarket;

The export Outcome was not found in module [project]/lib/prediction-market.ts [client] (ecmascript).
Did you mean to import PREDICTION_MARKET_ABI?
All exports of the module are statically known (It doesn't have dynamic exports). So it's known statically that the requested export doesn't exist.

Import traces:
  Browser:
    ./components/PredictionMarket.tsx
    ./pages/minikit.tsx

  SSR:
    ./components/PredictionMarket.tsx
    ./pages/minikit.tsx @ http://localhost:3000/_next/static/chunks/node_modules_next_dist_0k8zr~w._.js:1945
[ 2079752ms] [ERROR] ./components/PredictionMarket.tsx:4:1
Export Outcome doesn't exist in target module
   2 | import { MiniKit } from "@worldcoin/minikit-js";
   3 | import { encodeFunctionData, formatUnits, parseUnits } from "viem";
>  4 | import {
     | ^^^^^^^
>  5 |   PREDICTION_MARKET_ABI,
     | ^^^^^^^^^^^^^^^^^^^^^^^^
>  6 |   ERC20_ABI,
     | ^^^^^^^^^^^^
>  7 |   Outcome,
     | ^^^^^^^^^^
>  8 | } from "@/lib/prediction-market";
     | ^^^^^^^^^^^^^^^^^^^^^^^^^^^^^^^^^
   9 | import { CONTRACTS } from "@/lib/contracts";
  10 |
  11 | const PM_ADDRESS = CONTRACTS.predictionMarket;

The export Outcome was not found in module [project]/lib/prediction-market.ts [ssr] (ecmascript).
Did you mean to import PREDICTION_MARKET_ABI?
All exports of the module are statically known (It doesn't have dynamic exports). So it's known statically that the requested export doesn't exist.

Import traces:
  Browser:
    ./components/PredictionMarket.tsx
    ./pages/minikit.tsx

  SSR:
    ./components/PredictionMarket.tsx
    ./pages/minikit.tsx @ http://localhost:3000/_next/static/chunks/node_modules_next_dist_0k8zr~w._.js:1945
[ 2079787ms] [ERROR] ./components/MyPositions.tsx:9:1
Export Outcome doesn't exist in target module
   7 |   formatUnits,
   8 | } from "viem";
>  9 | import {
     | ^^^^^^^
> 10 |   PREDICTION_MARKET_ABI,
     | ^^^^^^^^^^^^^^^^^^^^^^^^
> 11 |   Outcome,
     | ^^^^^^^^^^
> 12 | } from "@/lib/prediction-market";
     | ^^^^^^^^^^^^^^^^^^^^^^^^^^^^^^^^^
  13 | import { CONTRACTS } from "@/lib/contracts";
  14 |
  15 | const PM_ADDRESS = CONTRACTS.predictionMarket;

The export Outcome was not found in module [project]/lib/prediction-market.ts [client] (ecmascript).
Did you mean to import PREDICTION_MARKET_ABI?
All exports of the module are statically known (It doesn't have dynamic exports). So it's known statically that the requested export doesn't exist.

Import traces:
  Browser:
    ./components/MyPositions.tsx
    ./pages/minikit.tsx

  SSR:
    ./components/MyPositions.tsx
    ./pages/minikit.tsx @ http://localhost:3000/_next/static/chunks/node_modules_next_dist_0k8zr~w._.js:1945
[ 2079787ms] [ERROR] ./components/MyPositions.tsx:9:1
Export Outcome doesn't exist in target module
   7 |   formatUnits,
   8 | } from "viem";
>  9 | import {
     | ^^^^^^^
> 10 |   PREDICTION_MARKET_ABI,
     | ^^^^^^^^^^^^^^^^^^^^^^^^
> 11 |   Outcome,
     | ^^^^^^^^^^
> 12 | } from "@/lib/prediction-market";
     | ^^^^^^^^^^^^^^^^^^^^^^^^^^^^^^^^^
  13 | import { CONTRACTS } from "@/lib/contracts";
  14 |
  15 | const PM_ADDRESS = CONTRACTS.predictionMarket;

The export Outcome was not found in module [project]/lib/prediction-market.ts [ssr] (ecmascript).
Did you mean to import PREDICTION_MARKET_ABI?
All exports of the module are statically known (It doesn't have dynamic exports). So it's known statically that the requested export doesn't exist.

Import traces:
  Browser:
    ./components/MyPositions.tsx
    ./pages/minikit.tsx

  SSR:
    ./components/MyPositions.tsx
    ./pages/minikit.tsx @ http://localhost:3000/_next/static/chunks/node_modules_next_dist_0k8zr~w._.js:1945
[ 2079787ms] [ERROR] ./components/PredictionMarket.tsx:4:1
Export Outcome doesn't exist in target module
   2 | import { MiniKit } from "@worldcoin/minikit-js";
   3 | import { encodeFunctionData, formatUnits, parseUnits } from "viem";
>  4 | import {
     | ^^^^^^^
>  5 |   PREDICTION_MARKET_ABI,
     | ^^^^^^^^^^^^^^^^^^^^^^^^
>  6 |   ERC20_ABI,
     | ^^^^^^^^^^^^
>  7 |   Outcome,
     | ^^^^^^^^^^
>  8 | } from "@/lib/prediction-market";
     | ^^^^^^^^^^^^^^^^^^^^^^^^^^^^^^^^^
   9 | import { CONTRACTS } from "@/lib/contracts";
  10 |
  11 | const PM_ADDRESS = CONTRACTS.predictionMarket;

The export Outcome was not found in module [project]/lib/prediction-market.ts [client] (ecmascript).
Did you mean to import PREDICTION_MARKET_ABI?
All exports of the module are statically known (It doesn't have dynamic exports). So it's known statically that the requested export doesn't exist.

Import traces:
  Browser:
    ./components/PredictionMarket.tsx
    ./pages/minikit.tsx

  SSR:
    ./components/PredictionMarket.tsx
    ./pages/minikit.tsx @ http://localhost:3000/_next/static/chunks/node_modules_next_dist_0k8zr~w._.js:1945
[ 2079787ms] [ERROR] ./components/PredictionMarket.tsx:4:1
Export Outcome doesn't exist in target module
   2 | import { MiniKit } from "@worldcoin/minikit-js";
   3 | import { encodeFunctionData, formatUnits, parseUnits } from "viem";
>  4 | import {
     | ^^^^^^^
>  5 |   PREDICTION_MARKET_ABI,
     | ^^^^^^^^^^^^^^^^^^^^^^^^
>  6 |   ERC20_ABI,
     | ^^^^^^^^^^^^
>  7 |   Outcome,
     | ^^^^^^^^^^
>  8 | } from "@/lib/prediction-market";
     | ^^^^^^^^^^^^^^^^^^^^^^^^^^^^^^^^^
   9 | import { CONTRACTS } from "@/lib/contracts";
  10 |
  11 | const PM_ADDRESS = CONTRACTS.predictionMarket;

The export Outcome was not found in module [project]/lib/prediction-market.ts [ssr] (ecmascript).
Did you mean to import PREDICTION_MARKET_ABI?
All exports of the module are statically known (It doesn't have dynamic exports). So it's known statically that the requested export doesn't exist.

Import traces:
  Browser:
    ./components/PredictionMarket.tsx
    ./pages/minikit.tsx

  SSR:
    ./components/PredictionMarket.tsx
    ./pages/minikit.tsx @ http://localhost:3000/_next/static/chunks/node_modules_next_dist_0k8zr~w._.js:1945
[ 2079856ms] [LOG] [Fast Refresh] rebuilding @ http://localhost:3000/_next/static/chunks/node_modules_next_dist_0k8zr~w._.js:1226
[ 2082768ms] [WARNING] The resource http://localhost:3000/_next/static/media/caa3a2e1cccd8315-s.p.16t1db8_9y2o~.woff2 was preloaded using link preload but not used within a few seconds from the window's load event. Please make sure it has an appropriate `as` value and it is preloaded intentionally. @ http://localhost:3000/minikit:0
